Report Number,Local Case Number,Agency Name,ACRS Report Type,Crash Date/Time,Route Type,Road Name,Cross-Street Type,Cross-Street Name,Off-Road Description,Municipality,Related Non-Motorist,Collision Type,Weather,Surface Condition,Light,Traffic Control,Driver Substance Abuse,Non-Motorist Substance Abuse,Person ID,Pedestrian Type,Pedestrian Movement,Pedestrian Actions,Pedestrian Location,Pedestrian Obeyed Traffic Signal,Pedestrian Visibility,At Fault,Injury Severity,Safety Equipment,Latitude,Longitude,Location
MCP2722003D,190048511,Montgomery County Police,Injury Crash,10/09/2019 04:18:00 PM,,,,,ROSSMOOR BLV @ N LEISURE WORLD BLV,,PEDESTRIAN,SINGLE VEHICLE,CLEAR,,DAYLIGHT,STOP SIGN,N/A,N/A,DE091680-ED7E-47F6-BC3A-A3A09B3D563E,PEDESTRIAN,Cross/Enter at Intersection,IN ROADWAY IMPROPERLY,ON ROADWAY NOT AT CROSSWALK,NO PED. SIGNAL,DARK CLOTHING,Yes,SUSPECTED MINOR INJURY,NONE,39.10100167,-77.07414667,"(39.10100167, -77.07414667)"
MCP3111001P,190048267,Montgomery County Police,Property Damage Crash,10/08/2019 10:11:00 AM,Maryland (State),ROCKVILLE PIKE,Government,CENTER DR,,N/A,PEDESTRIAN,SAME DIR REAR END,CLEAR,DRY,DAYLIGHT,TRAFFIC SIGNAL,NONE DETECTED,NONE DETECTED,1562C393-14B9-44AA-BB7B-6C8309B641FB,PEDESTRIAN,Cross/Enter at Intersection,NO IMPROPER ACTIONS,AT INTERSECTION MARKED CROSSWALK,OBEYED PED. SIGNAL,LIGHT CLOTHING,No,NO APPARENT INJURY,NONE,38.99693893,-77.09671783,"(38.99693893, -77.09671783)"
MCP137800SJ,190048178,Montgomery County Police,Injury Crash,10/07/2019 06:51:00 PM,County,SNOUFFERS SCHOOL RD,Maryland (State),WOODFIELD RD,,N/A,PEDESTRIAN,SINGLE VEHICLE,CLOUDY,DRY,DARK LIGHTS ON,WARNING SIGN,NONE DETECTED,ALCOHOL PRESENT,A571EEEA-6D0C-4E05-9971-F9CCFE06EE58,PEDESTRIAN,Cross/Enter not at Intersection,DART DASH,ISLAND,NO PED. SIGNAL,DARK CLOTHING,Yes,SUSPECTED SERIOUS INJURY,NONE,39.16084,-77.16312333,"(39.16084, -77.16312333)"
DD56300026,190049187,Rockville Police Departme,Property Damage Crash,10/07/2019 07:55:00 AM,Municipality,MARYLAND AVE,Municipality,NEW MARK ESPLANADE,,ROCKVILLE,BICYCLIST,OTHER,CLEAR,DRY,DAYLIGHT,NO CONTROLS,UNKNOWN,NONE DETECTED,33E91FB8-8469-44E0-ADC4-67F645112AB3,BICYCLIST,Other,NO IMPROPER ACTIONS,ON ROADWAY AT CROSSWALK,NO PED. SIGNAL,LIGHT CLOTHING,No,NO APPARENT INJURY,NONE,39.08654,-77.13022,"(39.08654, -77.13022)"
MCP1575009K,190048063,Montgomery County Police,Injury Crash,10/07/2019 07:41:00 AM,County,CRABBS BRANCH WAY,County,REDLAND RD,,N/A,BICYCLIST,OTHER,CLOUDY,DRY,DAYLIGHT,TRAFFIC SIGNAL,NONE DETECTED,NONE DETECTED,43E22780-ED05-47D4-8D23-1702A0B9AD8C,BICYCLIST,Cross/Enter at Intersection,IN ROADWAY IMPROPERLY,ON ROADWAY NOT AT CROSSWALK,OBEYED PED. SIGNAL,DARK CLOTHING,No,POSSIBLE INJURY,MC/BIKE HELMET,39.12108167,-77.15834833,"(39.12108167, -77.15834833)"
MCP1433002P,190048012,Montgomery County Police,Injury Crash,10/06/2019 07:30:00 PM,,,,,ENTRANCE TO FEDERAL PLAZA SHOPPING CENTER,,PEDESTRIAN,OTHER,CLOUDY,,DARK LIGHTS ON,TRAFFIC SIGNAL,NONE DETECTED,NONE DETECTED,B3B59870-6E5C-4F19-931F-C313B7AFE458,PEDESTRIAN,Cross/Enter at Intersection,NO IMPROPER ACTIONS,ON ROADWAY AT CROSSWALK,OBEYED PED. SIGNAL,DARK CLOTHING,No,POSSIBLE INJURY,NONE,39.05744564,-77.12036467,"(39.05744564, -77.12036467)"
MCP3050003X,190047996,Montgomery County Police,Injury Crash,10/06/2019 06:17:00 PM,County,GRENOBLE CT,County,GRENOBLE DR,,N/A,BICYCLIST,SINGLE VEHICLE,CLEAR,DRY,DAYLIGHT,NO CONTROLS,NONE DETECTED,NONE DETECTED,FE8A870F-390C-485F-99ED-77C3D0B40ED6,BICYCLIST,Other,DART DASH,AT INTERSECTION BUT NO CROSSWALK,NO PED. SIGNAL,LIGHT CLOTHING,No,SUSPECTED MINOR INJURY,MC/BIKE HELMET,39.07023734,-77.08879965,"(39.07023734, -77.08879965)"
DD56420002,190047941,Rockville Police Departme,Injury Crash,10/06/2019 11:52:00 AM,,,,,PARKING LOT OF 344 MARTINS LN.,,PEDESTRIAN,OTHER,CLEAR,,DAYLIGHT,NO CONTROLS,NONE DETECTED,N/A,D57D2673-A95D-4E3F-BC3E-880E0478096B,PEDESTRIAN,N/A,NO IMPROPER ACTIONS,OTHER,NO PED. SIGNAL,UNKNOWN,No,SUSPECTED MINOR INJURY,N/A,39.09104914,-77.16127881,"(39.09104914, -77.16127881)"
DD56420002,190047941,Rockville Police Departme,Injury Crash,10/06/2019 11:52:00 AM,,,,,PARKING LOT OF 344 MARTINS LN.,,PEDESTRIAN,OTHER,CLEAR,,DAYLIGHT,NO CONTROLS,NONE DETECTED,N/A,506213E0-BF1D-4FF9-89CD-872860B4D3BE,PEDESTRIAN,N/A,NO IMPROPER ACTIONS,OTHER,N/A,UNKNOWN,No,SUSPECTED MINOR INJURY,N/A,39.09104914,-77.16127881,"(39.09104914, -77.16127881)"
MCP3201000F,190047924,Montgomery County Police,Injury Crash,10/06/2019 09:17:00 AM,,,,,PARKING LOT OF 13114 BRIARCLIFF TERRACE.,,PEDESTRIAN,OTHER,CLOUDY,,DAYLIGHT,NO CONTROLS,N/A,N/A,6DE63A68-117D-49A8-9BEC-1DE40C9DDC69,PEDESTRIAN,Playing,IN ROADWAY IMPROPERLY,OTHER,N/A,LIGHT CLOTHING,Yes,SUSPECTED SERIOUS INJURY,NONE,39.18211656,-77.27417256,"(39.18211656, -77.27417256)"
MCP3141001C,190047569,Montgomery County Police,Injury Crash,10/04/2019 08:11:00 AM,,,,,"12289 TECH ROAD, SILVER SPRING, MONTGOMERY COUNTY MD.",,PEDESTRIAN,SINGLE VEHICLE,N/A,,DAYLIGHT,NO CONTROLS,UNKNOWN,NONE DETECTED,A5387573-2B50-4DAB-A4D2-5A871CACD313,PEDESTRIAN,Cross/Enter at Intersection,NO IMPROPER ACTIONS,ON ROADWAY AT CROSSWALK,OBEYED PED. SIGNAL,LIGHT CLOTHING,No,POSSIBLE INJURY,NONE,39.05628324,-76.96821265,"(39.05628324, -76.96821265)"
MCP29950055,190047077,Montgomery County Police,Injury Crash,10/02/2019 04:35:00 PM,,,,,"PARKING LOT OF 4101 RANDOLPH RD. SILVER SPRING, MD 20906. (SHELL GAS STATION)",,PEDESTRIAN,N/A,CLEAR,,DAYLIGHT,NO CONTROLS,NONE DETECTED,NONE DETECTED,3ACB19FD-9E19-4DE0-9820-391345037DA0,PEDESTRIAN,Standing,OTHER,OTHER,N/A,DARK CLOTHING,No,POSSIBLE INJURY,N/A,39.09205,-77.06954167,"(39.09205, -77.06954167)"
MCP2869003W,190047272,Montgomery County Police,Injury Crash,10/02/2019 02:40:00 PM,County,KERWIN RD,Maryland (State),UNIVERSITY BLVD W,,N/A,BICYCLIST,OTHER,N/A,DRY,DAYLIGHT,STOP SIGN,UNKNOWN,NONE DETECTED,FFEC9862-6481-4B52-A6AD-31537C818010,BICYCLIST,Cross/Enter at Intersection,NO IMPROPER ACTIONS,AT INTERSECTION BUT NO CROSSWALK,NO PED. SIGNAL,LIGHT CLOTHING,No,SUSPECTED MINOR INJURY,MC/BIKE HELMET,39.02979358,-77.02100592,"(39.02979358, -77.02100592)"
MCP2917005K,190047266,Montgomery County Police,Injury Crash,10/02/2019 02:34:00 PM,Maryland (State),NEW HAMPSHIRE AVE,County,BRIGHTON DAM RD,,N/A,BICYCLIST,SAME DIR REAR END,CLEAR,DRY,DAYLIGHT,NO CONTROLS,NONE DETECTED,NONE DETECTED,23BE9A5F-3A32-4A9B-B987-31CD58DECAFC,BICYCLIST,Walking/Riding w/Traffic,IN ROADWAY IMPROPERLY,SHOULDER,NO PED. SIGNAL,DARK CLOTHING,Unknown,SUSPECTED MINOR INJURY,NONE,39.19523661,-77.02560639,"(39.19523661, -77.02560639)"
MCP30030047,190047192,Montgomery County Police,Injury Crash,10/02/2019 08:26:00 AM,Maryland (State),WISCONSIN AVE,Maryland (State),BRADLEY LA,,N/A,BICYCLIST,OTHER,CLEAR,DRY,DAYLIGHT,TRAFFIC SIGNAL,NONE DETECTED,NONE DETECTED,0F8B5B6F-D2BE-4011-9FFF-F41CDF7C99D2,BICYCLIST,Cross/Enter at Intersection,INATTENTIVE,ON ROADWAY AT CROSSWALK,UNKNOWN,UNKNOWN,Yes,SUSPECTED MINOR INJURY,MC/BIKE HELMET,38.97714917,-77.0908033,"(38.97714917, -77.0908033)"
MCP30630020,190046416,Montgomery County Police,Injury Crash,09/27/2019 06:51:00 PM,County,HOLLYWOOD AVE,Maryland (State),NEW HAMPSHIRE AVE,,N/A,BICYCLIST,N/A,CLEAR,DRY,DAYLIGHT,N/A,N/A,N/A,899B3E60-58D1-4E3B-87D4-4061520D4804,BICYCLIST,Playing,INATTENTIVE,OTHER,N/A,MIXED CLOTHING,Yes,POSSIBLE INJURY,NONE,39.06412222,-76.99740345,"(39.06412222, -76.99740345)"
MCP137800S9,190046402,Montgomery County Police,Injury Crash,09/27/2019 05:31:00 PM,Municipality,ODENDHAL AVE,Maryland (State),FREDERICK RD,,N/A,PEDESTRIAN,SINGLE VEHICLE,CLEAR,DRY,DAYLIGHT,NO CONTROLS,NONE DETECTED,NONE DETECTED,7A588CBC-E0F0-4103-BA5B-A612F4C7D9C9,PEDESTRIAN,Cross/Enter at Intersection,NO IMPROPER ACTIONS,SIDEWALK,NO PED. SIGNAL,LIGHT CLOTHING,No,POSSIBLE INJURY,N/A,39.14905667,-77.20646333,"(39.14905667, -77.20646333)"
DD5631002S,190046191,Rockville Police Departme,Property Damage Crash,09/26/2019 03:26:00 PM,Municipality,FALLSGROVE DR,Municipality,OAK KNOLL DR,,ROCKVILLE,BICYCLIST,OTHER,CLEAR,DRY,DAYLIGHT,STOP SIGN,NONE DETECTED,NONE DETECTED,FED53CBD-78E8-4BE4-A765-31D0BA8E3DAC,BICYCLIST,Cross/Enter at Intersection,NO IMPROPER ACTIONS,N/A,N/A,LIGHT CLOTHING,No,NO APPARENT INJURY,NONE,39.09560167,-77.19220333,"(39.09560167, -77.19220333)"
MCP242500FG,190046147,Montgomery County Police,Injury Crash,09/26/2019 11:34:00 AM,Maryland (State),COLESVILLE RD,County,SECOND AVE,,N/A,PEDESTRIAN,SINGLE VEHICLE,N/A,DRY,DAYLIGHT,TRAFFIC SIGNAL,NONE DETECTED,NONE DETECTED,3A26A2EE-2B62-488E-8BF2-A6AD83C4A6C9,PEDESTRIAN,Cross/Enter at Intersection,NO IMPROPER ACTIONS,AT INTERSECTION MARKED CROSSWALK,OBEYED PED. SIGNAL,DARK CLOTHING,No,SUSPECTED MINOR INJURY,NONE,38.99455167,-77.03069833,"(38.99455167, -77.03069833)"
MCP102200D3,190046149,Montgomery County Police,Injury Crash,09/26/2019 11:33:00 AM,Other Public Roadway,HILLCREST DR,Maryland (State),FREDERICK RD,,N/A,PEDESTRIAN,SINGLE VEHICLE,CLOUDY,DRY,DAYLIGHT,NO CONTROLS,NONE DETECTED,NONE DETECTED,6336FB31-6329-4765-8F1D-10DAAEF8ADB8,PEDESTRIAN,Cross/Enter not at Intersection,NO IMPROPER ACTIONS,ON ROADWAY NOT AT CROSSWALK,NO PED. SIGNAL,MIXED CLOTHING,No,SUSPECTED SERIOUS INJURY,NONE,39.17669667,-77.23792167,"(39.17669667, -77.23792167)"
DD5636000H,190046115,Rockville Police Departme,Injury Crash,09/26/2019 08:10:00 AM,Municipality,PICCARD DR,Municipality,W GUDE DR,,ROCKVILLE,BICYCLIST,OTHER,CLEAR,DRY,DAYLIGHT,NO CONTROLS,NONE DETECTED,NONE DETECTED,5160D481-97A8-478B-90D6-3788C33AC0B5,BICYCLIST,N/A,NO IMPROPER ACTIONS,SIDEWALK,N/A,LIGHT CLOTHING,No,SUSPECTED MINOR INJURY,MC/BIKE HELMET,39.10320783,-77.17794864,"(39.10320783, -77.17794864)"
MCP102200D2,190046106,Montgomery County Police,Injury Crash,09/26/2019 07:04:00 AM,County,STEEPLE RD,Unknown,HIGHSTREAM DR,,N/A,PEDESTRIAN,SINGLE VEHICLE,CLEAR,DRY,DAWN,NO CONTROLS,NONE DETECTED,NONE DETECTED,0E4F7E30-E915-4419-BE7A-5E20646AC01A,PEDESTRIAN,Cross/Enter at Intersection,NO IMPROPER ACTIONS,AT INTERSECTION BUT NO CROSSWALK,NO PED. SIGNAL,MIXED CLOTHING,No,SUSPECTED SERIOUS INJURY,NONE,39.17207833,-77.28908833,"(39.17207833, -77.28908833)"
MCP2720003Y,190046096,Montgomery County Police,Injury Crash,09/26/2019 03:01:00 AM,Maryland (State),GEORGIA AVE,County,VERONA DR,,N/A,PEDESTRIAN,SINGLE VEHICLE,CLEAR,DRY,DARK -- UNKNOWN LIGHTING,NO CONTROLS,UNKNOWN,ALCOHOL PRESENT,C09EC55D-5D5B-49F1-A804-B1CF0E8EF76D,PEDESTRIAN,Cross/Enter not at Intersection,IN ROADWAY IMPROPERLY,ON ROADWAY NOT AT CROSSWALK,NO PED. SIGNAL,MIXED CLOTHING,Yes,SUSPECTED SERIOUS INJURY,NONE,39.07491918,-77.06742952,"(39.07491918, -77.06742952)"
MCP2853006P,190046041,Montgomery County Police,Injury Crash,09/25/2019 06:15:00 PM,Maryland (State),UNIVERSITY BLVD E,US (State),COLESVILLE RD,,N/A,BICYCLIST,OTHER,N/A,DRY,DAYLIGHT,TRAFFIC SIGNAL,N/A,N/A,051670A4-779E-4DAB-852B-653FD54BF76A,BICYCLIST,Cross/Enter at Intersection,NO IMPROPER ACTIONS,AT INTERSECTION MARKED CROSSWALK,OBEYED PED. SIGNAL,LIGHT CLOTHING,No,SUSPECTED MINOR INJURY,MC/BIKE HELMET,39.01966077,-77.01314944,"(39.01966077, -77.01314944)"
MCP3077001C,190046017,Montgomery County Police,Injury Crash,09/25/2019 04:36:00 PM,Maryland (State),GREAT SENECA HWY,County,MATENY RD,,N/A,BICYCLIST,OTHER,CLEAR,DRY,DAYLIGHT,NO CONTROLS,N/A,N/A,2463397E-4B02-4D31-8863-951E5486BB04,BICYCLIST,Cross/Enter at Intersection,OTHER,ON ROADWAY AT CROSSWALK,OTHER,DARK CLOTHING,Yes,POSSIBLE INJURY,NONE,39.16442333,-77.27305167,"(39.16442333, -77.27305167)"
MCP3205000B,190045884,Montgomery County Police,Injury Crash,09/24/2019 10:27:00 PM,Other Public Roadway,GEORGIAN WAY,Other Public Roadway,GEORGIAN WOODS PL,,N/A,PEDESTRIAN,OTHER,N/A,DRY,DARK LIGHTS ON,N/A,ALCOHOL PRESENT,NONE DETECTED,26D24FA1-26C6-41D3-AC0F-ABF7CEBDB268,PEDESTRIAN,Other Working,OTHER,OTHER,UNKNOWN,DARK CLOTHING,No,SUSPECTED MINOR INJURY,N/A,39.05460802,-77.04683717,"(39.05460802, -77.04683717)"
MCP3019002L,190045835,Montgomery County Police,Injury Crash,09/24/2019 06:30:00 PM,County,GROSVENOR LA,County,FLEMING AVE,,N/A,PEDESTRIAN,SAME DIRECTION SIDESWIPE,CLEAR,DRY,DAYLIGHT,NO CONTROLS,NONE DETECTED,NONE DETECTED,98D48BA2-CABD-41F3-8C88-073F53DDC744,PEDESTRIAN,Getting off/on Vehicle,NO IMPROPER ACTIONS,ON ROADWAY NOT AT CROSSWALK,NO PED. SIGNAL,DARK CLOTHING,No,POSSIBLE INJURY,NONE,39.02273833,-77.11221833,"(39.02273833, -77.11221833)"
MCP29820030,190045820,Montgomery County Police,Injury Crash,09/24/2019 05:40:00 PM,County,FRANKLIN AVE,County,EVERGREEN ST,,N/A,PEDESTRIAN,OTHER,CLEAR,DRY,DAYLIGHT,NO CONTROLS,NONE DETECTED,NONE DETECTED,7B6CD99E-C69A-4735-BD73-748972275F9E,PEDESTRIAN,Cross/Enter not at Intersection,DART DASH,OTHER,NO PED. SIGNAL,UNKNOWN,Yes,SUSPECTED MINOR INJURY,N/A,39.01076333,-77.00657667,"(39.01076333, -77.00657667)"
MCP271700QJ,190045681,Montgomery County Police,Injury Crash,09/24/2019 07:55:00 AM,Maryland (State),ROCKVILLE PIKE,County,NICHOLSON LA,,N/A,PEDESTRIAN,OTHER,CLEAR,DRY,DAYLIGHT,TRAFFIC SIGNAL,NONE DETECTED,NONE DETECTED,9336540B-2A30-449B-BA97-82238310B209,PEDESTRIAN,Cross/Enter at Intersection,NO IMPROPER ACTIONS,ON ROADWAY AT CROSSWALK,OBEYED PED. SIGNAL,MIXED CLOTHING,No,SUSPECTED MINOR INJURY,NONE,39.04454217,-77.11185467,"(39.04454217, -77.11185467)"
EJ78700020,190045638,Gaithersburg Police Depar,Injury Crash,09/23/2019 08:02:00 PM,,,,,200 ELLINGTON BOULEVARD,,OTHER CONVEYANCE,STRAIGHT MOVEMENT ANGLE,CLEAR,,DARK LIGHTS ON,NO CONTROLS,NONE DETECTED,NONE DETECTED,AFA9DE77-1C2F-4ABE-8055-0046E48913B4,OTHER CONVEYANCE,Cross/Enter not at Intersection,FAILURE TO YIELD RIGHT OF WAY,ON ROADWAY AT CROSSWALK,NO PED. SIGNAL,DARK CLOTHING,Yes,POSSIBLE INJURY,NONE,39.11428548,-77.20563496,"(39.11428548, -77.20563496)"
MCP3039004G,190045636,Montgomery County Police,Injury Crash,09/23/2019 07:30:00 PM,,,,,SIDEWALK AT 8100 BLOCK OF GEORGIA AVENUE,,"BICYCLIST, PEDESTRIAN",SAME DIR REAR END,CLEAR,,DARK LIGHTS ON,NO CONTROLS,,NONE DETECTED,3D3BE0F3-D1F6-4781-87E9-DC7B4A5C7597,PEDESTRIAN,Walking/Cycling on Sidewalk,NO IMPROPER ACTIONS,SIDEWALK,N/A,MIXED CLOTHING,No,SUSPECTED MINOR INJURY,N/A,38.99117,-77.02694,"(38.99117, -77.02694)"
MCP3039004G,190045636,Montgomery County Police,Injury Crash,09/23/2019 07:30:00 PM,,,,,SIDEWALK AT 8100 BLOCK OF GEORGIA AVENUE,,"BICYCLIST, PEDESTRIAN",SAME DIR REAR END,CLEAR,,DARK LIGHTS ON,NO CONTROLS,,UNKNOWN,075977C3-F02E-4A01-84A8-8370C7E5F3CC,BICYCLIST,Walking/Cycling on Sidewalk,INATTENTIVE,SIDEWALK,N/A,MIXED CLOTHING,Yes,NO APPARENT INJURY,NONE,38.99117,-77.02694,"(38.99117, -77.02694)"
HA23050008,19002576,Maryland-National Capital,Property Damage Crash,09/23/2019 03:00:00 PM,,,,,18228 MUNCASTER ROAD,,OTHER,SINGLE VEHICLE,CLOUDY,,DAYLIGHT,NO CONTROLS,,NONE DETECTED,CE1DD708-83F1-4FBF-90BC-5FFBB0E57ADE,OTHER,Other,OTHER,OTHER,N/A,N/A,Yes,NO APPARENT INJURY,NONE,39.15427045,-77.13279312,"(39.15427045, -77.13279312)"
MCP2559003K,190045569,Montgomery County Police,Injury Crash,09/23/2019 01:41:00 PM,,,,,PARKING LOT OF 12197 DARNESTOWN RD,,PEDESTRIAN,OTHER,CLEAR,,DAYLIGHT,N/A,N/A,N/A,7ED8FCA8-B471-435B-9CF0-287EB6CA785B,PEDESTRIAN,Other,NO IMPROPER ACTIONS,OTHER,N/A,MIXED CLOTHING,No,POSSIBLE INJURY,NONE,39.11773333,-77.25130167,"(39.11773333, -77.25130167)"
MCP26710023,190045440,Montgomery County Police,Property Damage Crash,09/22/2019 03:20:00 PM,County,DEXTER AVE,Maryland (State),GEORGIA AVE,,N/A,BICYCLIST,SINGLE VEHICLE,CLEAR,DRY,DAYLIGHT,STOP SIGN,NONE DETECTED,NONE DETECTED,C881FC78-E916-4F09-9245-9D55A61F7EEC,BICYCLIST,Cross/Enter at Intersection,NO IMPROPER ACTIONS,AT INTERSECTION BUT NO CROSSWALK,NO PED. SIGNAL,MIXED CLOTHING,No,NO APPARENT INJURY,NONE,39.02221348,-77.04513091,"(39.02221348, -77.04513091)"
MCP1174003T,190045056,Montgomery County Police,Injury Crash,09/20/2019 10:09:00 AM,Maryland (State),WISCONSIN AVE,County,MIDDLETON LA,,N/A,PEDESTRIAN,SINGLE VEHICLE,CLEAR,DRY,DAYLIGHT,PERSON,UNKNOWN,NONE DETECTED,49FA17D4-6FE9-43F1-AA2E-054D7A78EF04,PEDESTRIAN,Standing,NO IMPROPER ACTIONS,ON ROADWAY NOT AT CROSSWALK,OTHER,REFLECTIVE MATERIAL,No,POSSIBLE INJURY,REFLECTIVE CLOTHING,38.98695093,-77.09486145,"(38.98695093, -77.09486145)"
MCP9404002C,190045043,Montgomery County Police,Injury Crash,09/20/2019 09:12:00 AM,Municipality,GIRARD ST,County,GOSHEN RD,,N/A,PEDESTRIAN,OTHER,N/A,DRY,DAYLIGHT,TRAFFIC SIGNAL,NONE DETECTED,N/A,B6A9695D-20C6-4783-BEAC-ABDC1FC7E852,PEDESTRIAN,Cross/Enter at Intersection,N/A,AT INTERSECTION MARKED CROSSWALK,OBEYED PED. SIGNAL,DARK CLOTHING,No,POSSIBLE INJURY,NONE,39.15070167,-77.19223333,"(39.15070167, -77.19223333)"
MCP1151009Y,190045030,Montgomery County Police,Injury Crash,09/20/2019 06:25:00 AM,County,CLARKSBURG RD,County,MOXLEY RD,,N/A,PEDESTRIAN,SAME DIRECTION SIDESWIPE,CLEAR,DRY,DARK NO LIGHTS,N/A,UNKNOWN,NONE DETECTED,C909767E-8F52-42CA-9D0A-A157AB00603E,PEDESTRIAN,Walking/Riding w/Traffic,NOT VISIBLE,ON ROADWAY NOT AT CROSSWALK,N/A,DARK CLOTHING,Yes,SUSPECTED SERIOUS INJURY,N/A,39.31167578,-77.23862919,"(39.31167578, -77.23862919)"
MCP2931003V,190044970,Montgomery County Police,Injury Crash,09/19/2019 07:39:00 PM,County,E JEFFERSON ST,Unknown,ENT TO FEDERAL PLAZA SC,,N/A,BICYCLIST,OTHER,CLEAR,N/A,DARK NO LIGHTS,N/A,N/A,N/A,2E3A7F28-83C1-43BF-9CA8-482444F60184,BICYCLIST,Cross/Enter at Intersection,NO IMPROPER ACTIONS,AT INTERSECTION MARKED CROSSWALK,N/A,MIXED CLOTHING,No,POSSIBLE INJURY,MC/BIKE HELMET,39.05649333,-77.12632,"(39.05649333, -77.12632)"
MCP2728006F,190044758,Montgomery County Police,Injury Crash,09/18/2019 05:47:00 PM,Maryland (State),EAST WEST HWY,Unknown,BLAIR MILL WAY,,N/A,PEDESTRIAN,OTHER,CLEAR,DRY,DAYLIGHT,STOP SIGN,NONE DETECTED,NONE DETECTED,D47A6140-C340-4FC4-B570-20C7BDC5A07E,PEDESTRIAN,Cross/Enter at Intersection,NO IMPROPER ACTIONS,AT INTERSECTION MARKED CROSSWALK,NO PED. SIGNAL,LIGHT CLOTHING,No,POSSIBLE INJURY,NONE,38.98890167,-77.02780167,"(38.98890167, -77.02780167)"
MCP3010004F,190044523,Montgomery County Police,Injury Crash,09/17/2019 01:23:00 PM,Maryland (State),ROCKVILLE PIKE,Unknown,ENT TO WHITE FLINT MALL,,N/A,OTHER CONVEYANCE,OTHER,CLEAR,DRY,DAYLIGHT,YIELD SIGN,N/A,N/A,93BC58B3-7CA2-4056-8584-515B2E15946C,OTHER CONVEYANCE,Cross/Enter at Intersection,NO IMPROPER ACTIONS,AT INTERSECTION BUT NO CROSSWALK,NO PED. SIGNAL,DARK CLOTHING,No,SUSPECTED MINOR INJURY,NONE,39.043295,-77.11060167,"(39.043295, -77.11060167)"
HA24510007,19002496,Maryland-National Capital,Injury Crash,09/15/2019 03:35:00 PM,Government,BEACH DR,County,WEXFORD DR,,N/A,BICYCLIST,OTHER,CLEAR,DRY,DAYLIGHT,N/A,NONE DETECTED,N/A,2307DF7E-2A41-45D4-B9EE-6C32D0AA1804,BICYCLIST,Walking/Riding w/Traffic,NO IMPROPER ACTIONS,SHOULDER,N/A,LIGHT CLOTHING,No,SUSPECTED MINOR INJURY,MC/BIKE HELMET,39.03754636,-77.08591912,"(39.03754636, -77.08591912)"
MCP3050003P,190044137,Montgomery County Police,Injury Crash,09/15/2019 01:55:00 AM,Maryland (State),CONNECTICUT AVE,Other Public Roadway,CONNECTICUT AVE SERVICE RD,,N/A,PEDESTRIAN,SINGLE VEHICLE,CLEAR,DRY,DARK NO LIGHTS,NO CONTROLS,NONE DETECTED,UNKNOWN,4D11B2ED-1843-4E87-8F94-372BC1AFB707,PEDESTRIAN,Cross/Enter not at Intersection,IN ROADWAY IMPROPERLY,ON ROADWAY NOT AT CROSSWALK,NO PED. SIGNAL,DARK CLOTHING,Yes,SUSPECTED SERIOUS INJURY,NONE,39.07078,-77.07627167,"(39.07078, -77.07627167)"
MCP3059003X,190044082,Montgomery County Police,Injury Crash,09/14/2019 07:26:00 PM,Maryland (State),GEORGIA AVE,County,ASPEN HILL RD,,N/A,"BICYCLIST, PEDESTRIAN",OTHER,CLEAR,DRY,DARK LIGHTS ON,N/A,NONE DETECTED,NONE DETECTED,8FBEFCD7-2747-450B-9F2E-61BC38071B95,BICYCLIST,Walking/Cycling on Sidewalk,IN ROADWAY IMPROPERLY,SIDEWALK,N/A,DARK CLOTHING,Yes,SUSPECTED MINOR INJURY,NONE,39.080315,-77.07443833,"(39.080315, -77.07443833)"
MCP3059003X,190044082,Montgomery County Police,Injury Crash,09/14/2019 07:26:00 PM,Maryland (State),GEORGIA AVE,County,ASPEN HILL RD,,N/A,"BICYCLIST, PEDESTRIAN",OTHER,CLEAR,DRY,DARK LIGHTS ON,N/A,NONE DETECTED,UNKNOWN,66C35216-EEFC-4E73-89D4-B93BCF8D546A,PEDESTRIAN,Walking/Cycling on Sidewalk,NO IMPROPER ACTIONS,SIDEWALK,N/A,UNKNOWN,No,NO APPARENT INJURY,UNKNOWN,39.080315,-77.07443833,"(39.080315, -77.07443833)"
MCP0942002C,190044036,Montgomery County Police,Injury Crash,09/14/2019 01:00:00 PM,County,WOODMONT AVE,County,MILLER AVE,,N/A,PEDESTRIAN,OTHER,CLEAR,DRY,DAYLIGHT,NO CONTROLS,NONE DETECTED,NONE DETECTED,4D1B03B8-E34F-4FD8-969C-06491F449A5B,PEDESTRIAN,Cross/Enter not at Intersection,NO IMPROPER ACTIONS,ON ROADWAY NOT AT CROSSWALK,NO PED. SIGNAL,MIXED CLOTHING,No,POSSIBLE INJURY,NONE,38.98062167,-77.094625,"(38.98062167, -77.094625)"
MCP1334008D,190043816,Montgomery County Police,Injury Crash,09/13/2019 06:55:00 AM,County,WIGHTMAN RD,County,PLEASANT RIDGE DR,,N/A,PEDESTRIAN,SINGLE VEHICLE,CLOUDY,DRY,DAYLIGHT,TRAFFIC SIGNAL,UNKNOWN,NONE DETECTED,DD0CE177-E4B0-44D1-A7B0-256A712173F1,PEDESTRIAN,Cross/Enter at Intersection,IN ROADWAY IMPROPERLY,ON ROADWAY AT CROSSWALK,DISOBEYED PED. SIGNAL,MIXED CLOTHING,Yes,SUSPECTED MINOR INJURY,NONE,39.19060996,-77.19192752,"(39.19060996, -77.19192752)"