Report Number,Local Case Number,Agency Name,ACRS Report Type,Crash Date/Time,Route Type,Road Name,Cross-Street Type,Cross-Street Name,Off-Road Description,Municipality,Related Non-Motorist,Collision Type,Weather,Surface Condition,Light,Traffic Control,Driver Substance Abuse,Non-Motorist Substance Abuse,Person ID,Pedestrian Type,Pedestrian Movement,Pedestrian Actions,Pedestrian Location,Pedestrian Obeyed Traffic Signal,Pedestrian Visibility,At Fault,Injury Severity,Safety Equipment,Latitude,Longitude,Location
MCP30480056,190023306,Montgomery County Police,Injury Crash,05/17/2019 11:14:00 AM,County,MADISON ST,County,ANDERSON RD,,N/A,"OTHER, PEDESTRIAN",OTHER,CLOUDY,DRY,DAYLIGHT,NO CONTROLS,N/A,N/A,AA0C6665-C0DA-4C32-A388-547F3C0C8E95,OTHER,Other,N/A,N/A,N/A,N/A,No,NO APPARENT INJURY,N/A,39.03666667,-77.07016333,"(39.03666667, -77.07016333)"
MCP30480056,190023306,Montgomery County Police,Injury Crash,05/17/2019 11:14:00 AM,County,MADISON ST,County,ANDERSON RD,,N/A,"OTHER, PEDESTRIAN",OTHER,CLOUDY,DRY,DAYLIGHT,NO CONTROLS,N/A,N/A,9A9611F8-832B-419B-87D7-6AD02C5195C7,PEDESTRIAN,Other,NO IMPROPER ACTIONS,ON ROADWAY AT CROSSWALK,NO PED. SIGNAL,MIXED CLOTHING,No,POSSIBLE INJURY,N/A,39.03666667,-77.07016333,"(39.03666667, -77.07016333)"
MCP91300078,190023094,Montgomery County Police,Injury Crash,05/16/2019 11:33:00 AM,,,,,PARKING LOT OF 75 E WAYNE AVE,,OTHER,SINGLE VEHICLE,CLEAR,,DAYLIGHT,NO CONTROLS,,NONE DETECTED,615FB898-1F5F-4698-A94B-6D86A768BFC2,OTHER,Standing,INATTENTIVE,OTHER,OTHER,DARK CLOTHING,Yes,SUSPECTED MINOR INJURY,NONE,39.00083094,-77.00825285,"(39.00083094, -77.00825285)"
MCP2941003D,190023030,Montgomery County Police,Injury Crash,05/15/2019 11:02:00 PM,Maryland (State),EAST WEST HWY,County,BLAIR MILL RD,,N/A,PEDESTRIAN,N/A,CLEAR,DRY,DUSK,OTHER,NONE DETECTED,NONE DETECTED,890C0F1D-3E80-4862-B5AD-B1217D49EB30,PEDESTRIAN,Cross/Enter at Intersection,NO IMPROPER ACTIONS,AT INTERSECTION MARKED CROSSWALK,OBEYED PED. SIGNAL,MIXED CLOTHING,No,POSSIBLE INJURY,NONE,38.98902667,-77.0279,"(38.98902667, -77.0279)"
DD5630001D,190022958,Rockville Police Departme,Injury Crash,05/15/2019 04:35:00 PM,County,HALPINE RD,County,PIER DR,,N/A,PEDESTRIAN,OTHER,CLEAR,DRY,DAYLIGHT,NO CONTROLS,NONE DETECTED,NONE DETECTED,7B495280-DE72-491A-A09A-9C81AA2C05D2,PEDESTRIAN,Cross/Enter at Intersection,NO IMPROPER ACTIONS,AT INTERSECTION BUT NO CROSSWALK,NO PED. SIGNAL,MIXED CLOTHING,No,SUSPECTED MINOR INJURY,NONE,39.0663,-77.11594833,"(39.0663, -77.11594833)"
MCP27450028,190022858,Montgomery County Police,Injury Crash,05/15/2019 04:49:00 AM,County,WATKINS MILL RD,County,STEDWICK RD,,N/A,PEDESTRIAN,OTHER,CLEAR,DRY,DARK LIGHTS ON,FLASHING TRAFFIC SIGNAL,NONE DETECTED,N/A,6C6960B6-EF3B-4858-BAF1-54D4FD881133,PEDESTRIAN,Cross/Enter at Intersection,NO IMPROPER ACTIONS,ON ROADWAY AT CROSSWALK,N/A,MIXED CLOTHING,No,POSSIBLE INJURY,N/A,39.17042,-77.20894833,"(39.17042, -77.20894833)"
MCP2983003R,190022761,Montgomery County Police,Injury Crash,05/14/2019 02:14:00 PM,,,,,PARKING LOT OF WHEATON PARK SHOPPING CENTER,,PEDESTRIAN,OTHER,CLEAR,,DAYLIGHT,N/A,NONE DETECTED,NONE DETECTED,E8143F74-10B3-47E7-AFCD-5CF5DB8D30A9,PEDESTRIAN,Cross/Enter at Intersection,NO IMPROPER ACTIONS,ON ROADWAY AT CROSSWALK,NO PED. SIGNAL,MIXED CLOTHING,No,SUSPECTED MINOR INJURY,NONE,39.05208846,-77.05003182,"(39.05208846, -77.05003182)"
EJ7826004D,190022707,Gaithersburg Police Depar,Injury Crash,05/14/2019 12:17:00 PM,,ELLINGTON BLVD,,FIELDS RD,,N/A,PEDESTRIAN,OTHER,CLOUDY,DRY,DAYLIGHT,N/A,N/A,N/A,004FB443-B5D0-45DA-8F3B-9888F495EC96,PEDESTRIAN,Cross/Enter at Intersection,NO IMPROPER ACTIONS,ON ROADWAY AT CROSSWALK,NO PED. SIGNAL,MIXED CLOTHING,No,POSSIBLE INJURY,NONE,39.11518833,-77.20483333,"(39.11518833, -77.20483333)"
MCP29170049,190022554,Montgomery County Police,Injury Crash,05/13/2019 03:14:00 PM,County,IRIS ST,County,MAGELLAN AVE,,N/A,PEDESTRIAN,OTHER,RAINING,WET,DAYLIGHT,NO CONTROLS,NONE DETECTED,NONE DETECTED,9742EAD3-85E0-493C-ACFF-40EC27533BEA,PEDESTRIAN,Other,DART DASH,ON ROADWAY NOT AT CROSSWALK,UNKNOWN,MIXED CLOTHING,No,SUSPECTED MINOR INJURY,NONE,39.07511,-77.09338167,"(39.07511, -77.09338167)"
MCP2436007D,190022479,Montgomery County Police,Injury Crash,05/13/2019 07:30:00 AM,,,,,"SIDEWALK IN FRONT OF 112 UNIVERSITY BLVD W, SILVER SPRING,MD 20903",,BICYCLIST,STRAIGHT MOVEMENT ANGLE,RAINING,,DAYLIGHT,NO CONTROLS,UNKNOWN,NONE DETECTED,433DF330-6B06-45B3-B4F0-A2B8BC94DCB8,BICYCLIST,Walking/Cycling on Sidewalk,NO IMPROPER ACTIONS,SIDEWALK,NO PED. SIGNAL,MIXED CLOTHING,No,POSSIBLE INJURY,MC/BIKE HELMET,39.0206101,-77.01450699,"(39.0206101, -77.01450699)"
EJ7877000F,190022435,Gaithersburg Police Depar,Injury Crash,05/12/2019 09:20:00 PM,County,ODENDHAL AVE,County,CONTOUR RD,,N/A,PEDESTRIAN,SINGLE VEHICLE,RAINING,WET,DARK LIGHTS ON,TRAFFIC SIGNAL,N/A,N/A,5822239A-F508-4B41-A406-7051C7F2E0CA,PEDESTRIAN,Cross/Enter at Intersection,NO IMPROPER ACTIONS,ON ROADWAY AT CROSSWALK,OBEYED PED. SIGNAL,LIGHT CLOTHING,Unknown,SUSPECTED MINOR INJURY,NONE,39.15230667,-77.19588167,"(39.15230667, -77.19588167)"
MCP3174000S,190022434,Montgomery County Police,Injury Crash,05/12/2019 09:00:00 PM,County,WATKINS MILL RD,County,COLTFIELD CT,,N/A,PEDESTRIAN,SINGLE VEHICLE,RAINING,WET,DARK LIGHTS ON,N/A,N/A,ALCOHOL CONTRIBUTED,9835BC8E-524A-4DC9-A4B4-EAA458F14730,PEDESTRIAN,Cross/Enter not at Intersection,DART DASH,ON ROADWAY NOT AT CROSSWALK,NO PED. SIGNAL,DARK CLOTHING,Yes,SUSPECTED MINOR INJURY,NONE,39.16552667,-77.21045833,"(39.16552667, -77.21045833)"
MCP3099001G,190022361,Montgomery County Police,Injury Crash,05/12/2019 11:16:00 AM,County,MIDDLEBROOK RD,County,FATHER HURLEY BLVD,,N/A,PEDESTRIAN,SINGLE VEHICLE,RAINING,WET,DAYLIGHT,TRAFFIC SIGNAL,NONE DETECTED,NONE DETECTED,5DFC8F70-891D-4F73-B98C-5012375D76DA,PEDESTRIAN,Cross/Enter at Intersection,IN ROADWAY IMPROPERLY,AT INTERSECTION MARKED CROSSWALK,DISOBEYED PED. SIGNAL,MIXED CLOTHING,Yes,POSSIBLE INJURY,N/A,39.1841141,-77.27354314,"(39.1841141, -77.27354314)"
MCP31480019,190022260,Montgomery County Police,Injury Crash,05/11/2019 03:23:00 PM,County,WOODMONT AVE,County,BETHESDA AVE,,N/A,BICYCLIST,SAME DIRECTION LEFT TURN,CLEAR,WET,DAYLIGHT,NO CONTROLS,UNKNOWN,NONE DETECTED,E935F64F-BC9B-4818-B13C-3B07DCDEC9B3,BICYCLIST,Walking/Riding w/Traffic,FAILURE TO YIELD RIGHT OF WAY,IN BIKEWAY,N/A,LIGHT CLOTHING,Yes,SUSPECTED MINOR INJURY,UNKNOWN,38.98130658,-77.09555168,"(38.98130658, -77.09555168)"
MCP30480054,190022243,Montgomery County Police,Injury Crash,05/11/2019 12:52:00 PM,County,COUNSELMAN RD,Maryland (State),RIVER RD,,N/A,BICYCLIST,HEAD ON LEFT TURN,CLEAR,DRY,DAYLIGHT,TRAFFIC SIGNAL,N/A,N/A,AD6F2AC1-D6F2-4547-BADB-9C051A283DE1,BICYCLIST,Cross/Enter at Intersection,FAILURE TO YIELD RIGHT OF WAY,AT INTERSECTION BUT NO CROSSWALK,N/A,MIXED CLOTHING,Yes,SUSPECTED MINOR INJURY,MC/BIKE HELMET,39.01733695,-77.20770396,"(39.01733695, -77.20770396)"
MCP2534002X,190022193,Montgomery County Police,Injury Crash,05/11/2019 02:40:00 AM,County,ELKIN ST,County,PRICE AVE,,N/A,PEDESTRIAN,SINGLE VEHICLE,CLEAR,DRY,DARK LIGHTS ON,NO CONTROLS,UNKNOWN,ALCOHOL PRESENT,4DF51990-2092-4575-BF2C-0E95410D50CE,PEDESTRIAN,Standing,IN ROADWAY IMPROPERLY,ON ROADWAY NOT AT CROSSWALK,NO PED. SIGNAL,MIXED CLOTHING,No,SUSPECTED SERIOUS INJURY,N/A,39.04074,-77.05039,"(39.04074, -77.05039)"
MCP30040032,190022097,Montgomery County Police,Injury Crash,05/10/2019 11:00:00 AM,County,DORSET AVE,County,KENNEDY DR,,N/A,BICYCLIST,OTHER,UNKNOWN,UNKNOWN,DAYLIGHT,N/A,N/A,N/A,E6AF3FDD-40AB-4E34-A900-D769C05958A8,BICYCLIST,Cross/Enter at Intersection,UNKNOWN,ON ROADWAY AT CROSSWALK,N/A,UNKNOWN,Unknown,SUSPECTED MINOR INJURY,UNKNOWN,38.9692008,-77.1056713,"(38.9692008, -77.1056713)"
MCP3181000F,190021974,Montgomery County Police,Injury Crash,05/09/2019 10:10:00 PM,Maryland (State),GEORGIA AVE,County,REEDIE DR,,N/A,PEDESTRIAN,HEAD ON LEFT TURN,CLOUDY,DRY,DARK LIGHTS ON,TRAFFIC SIGNAL,UNKNOWN,N/A,E83A5495-8CD8-427C-A392-560E77AC8727,PEDESTRIAN,Cross/Enter at Intersection,NO IMPROPER ACTIONS,AT INTERSECTION MARKED CROSSWALK,OBEYED PED. SIGNAL,MIXED CLOTHING,No,SUSPECTED SERIOUS INJURY,N/A,39.03871263,-77.05079018,"(39.03871263, -77.05079018)"
MCP31620028,190021839,Montgomery County Police,Injury Crash,05/09/2019 09:30:00 AM,US (State),COLESVILLE RD,County,FENTON ST,,N/A,PEDESTRIAN,N/A,CLOUDY,DRY,DAYLIGHT,TRAFFIC SIGNAL,NONE DETECTED,NONE DETECTED,AF54A2A9-BD8E-483D-A353-BE8065931F88,PEDESTRIAN,Cross/Enter at Intersection,NO IMPROPER ACTIONS,ON ROADWAY AT CROSSWALK,OBEYED PED. SIGNAL,N/A,No,SUSPECTED MINOR INJURY,N/A,38.997545,-77.02689333,"(38.997545, -77.02689333)"
MCP3113001G,190021751,Montgomery County Police,Injury Crash,05/08/2019 05:43:00 PM,,ROBEY ROAD,,BRIGGS CHANEY ROAD,,N/A,PEDESTRIAN,OTHER,N/A,DRY,DAYLIGHT,STOP SIGN,N/A,N/A,F3A682F1-120B-42B7-8898-44C5A0B11850,PEDESTRIAN,Cross/Enter at Intersection,NO IMPROPER ACTIONS,AT INTERSECTION MARKED CROSSWALK,NO PED. SIGNAL,MIXED CLOTHING,No,POSSIBLE INJURY,NONE,39.0794614,-76.94510359,"(39.0794614, -76.94510359)"
MCP2351002Y,190021686,Montgomery County Police,Injury Crash,05/08/2019 10:31:00 AM,County,ESWORTHY RD,County,QUERY MILL RD,,N/A,BICYCLIST,OTHER,CLOUDY,DRY,DAYLIGHT,NO CONTROLS,NONE DETECTED,UNKNOWN,7B365C03-C613-4233-86F7-49C4B45D43F9,BICYCLIST,Walking/Riding w/Traffic,UNKNOWN,UNKNOWN,N/A,UNKNOWN,Unknown,SUSPECTED SERIOUS INJURY,MC/BIKE HELMET,39.07374667,-77.28665333,"(39.07374667, -77.28665333)"
MCP2877006W,190021647,Montgomery County Police,Injury Crash,05/08/2019 07:30:00 AM,Maryland (State),GEORGIA AVE,County,BELVEDERE BLVD,,N/A,PEDESTRIAN,SAME DIRECTION SIDESWIPE,CLEAR,DRY,DAYLIGHT,NO CONTROLS,NONE DETECTED,NONE DETECTED,1FDC2172-16F2-4598-B6F3-30407CF91234,PEDESTRIAN,Cross/Enter not at Intersection,INATTENTIVE,ON ROADWAY NOT AT CROSSWALK,NO PED. SIGNAL,DARK CLOTHING,Yes,SUSPECTED MINOR INJURY,NONE,39.01937898,-77.04395262,"(39.01937898, -77.04395262)"
MCP2869003G,190021532,Montgomery County Police,Injury Crash,05/07/2019 03:00:00 PM,County,HENDERSON AVE,County,GRANDVIEW AVE,,N/A,BICYCLIST,OTHER,N/A,N/A,DAYLIGHT,STOP SIGN,NONE DETECTED,NONE DETECTED,643E2E57-C0B8-403B-9F68-138CCE019363,BICYCLIST,Cross/Enter at Intersection,FAILURE TO OBEY TRAFFIC SIGNS SIGNALS OR OFFICER,AT INTERSECTION BUT NO CROSSWALK,OTHER,LIGHT CLOTHING,Yes,SUSPECTED SERIOUS INJURY,UNKNOWN,39.05102333,-77.05268667,"(39.05102333, -77.05268667)"
MCP3190000M,190021462,Montgomery County Police,Injury Crash,05/07/2019 10:00:00 AM,,N LEISUREWORLD BLVD,,INTERLACHEN DR,,N/A,PEDESTRIAN,OTHER,CLEAR,DRY,DAYLIGHT,STOP SIGN,NONE DETECTED,NONE DETECTED,EAA596BF-091B-4A11-A4E6-F627772F0508,PEDESTRIAN,Cross/Enter at Intersection,NO IMPROPER ACTIONS,ON ROADWAY AT CROSSWALK,NO PED. SIGNAL,DARK CLOTHING,No,SUSPECTED SERIOUS INJURY,NONE,39.10920667,-77.06784,"(39.10920667, -77.06784)"
MCP2941003F,190021371,Montgomery County Police,Injury Crash,05/06/2019 06:22:00 PM,County,SPRING ST,County,CAMERON ST,,N/A,BICYCLIST,SAME DIRECTION SIDESWIPE,CLEAR,DRY,DAYLIGHT,NO CONTROLS,N/A,NONE DETECTED,250FF41B-F5D9-46B9-A65F-D80DA7E9FE9B,BICYCLIST,Walking/Cycling on Sidewalk,INATTENTIVE,SHOULDER,N/A,LIGHT CLOTHING,Yes,POSSIBLE INJURY,MC/BIKE HELMET,38.99970195,-77.0281017,"(38.99970195, -77.0281017)"
MCP29860030,190021210,Montgomery County Police,Injury Crash,05/05/2019 10:34:00 PM,US (State),COLESVILLE RD,Maryland (State),UNIVERSITY BLVD E,,N/A,PEDESTRIAN,SINGLE VEHICLE,CLEAR,DRY,DARK LIGHTS ON,TRAFFIC SIGNAL,NONE DETECTED,NONE DETECTED,A8C85898-390F-435B-A15F-B8E9A6CF0995,PEDESTRIAN,Cross/Enter at Intersection,DART DASH,AT INTERSECTION MARKED CROSSWALK,DISOBEYED PED. SIGNAL,DARK CLOTHING,Yes,SUSPECTED MINOR INJURY,N/A,39.020502,-77.01264583,"(39.020502, -77.01264583)"
MCP2923005C,190021196,Montgomery County Police,Injury Crash,05/05/2019 07:45:00 PM,Maryland (State),GEORGIA AVE,County,SHOREFIELD RD,,N/A,PEDESTRIAN,OTHER,CLOUDY,WET,DUSK,OTHER,NONE DETECTED,NONE DETECTED,BF91A1E2-A0A9-4F29-A106-DCB4AF344CC8,PEDESTRIAN,Cross/Enter at Intersection,FAILURE TO OBEY TRAFFIC SIGNS SIGNALS OR OFFICER,AT INTERSECTION MARKED CROSSWALK,DISOBEYED PED. SIGNAL,DARK CLOTHING,Yes,SUSPECTED MINOR INJURY,NONE,39.05296059,-77.05090171,"(39.05296059, -77.05090171)"
MCP2935001V,190021056,Montgomery County Police,Property Damage Crash,05/04/2019 06:44:00 PM,,,,,MONT CO. PARKING LOT 60 921 WAYNE AVENUE LEVEL 2 ROW C,,PEDESTRIAN,OTHER,N/A,,DARK LIGHTS ON,NO CONTROLS,NONE DETECTED,NONE DETECTED,A1897E60-FB4A-441D-B9D9-1FFC309AA81D,PEDESTRIAN,Standing,NO IMPROPER ACTIONS,OTHER,N/A,REFLECTIVE MATERIAL,No,NO APPARENT INJURY,NONE,38.99517167,-77.02054667,"(38.99517167, -77.02054667)"
MCP3182000C,190020960,Montgomery County Police,Injury Crash,05/04/2019 02:37:00 AM,,,,,"FENTON ST VILLAGE GARAGE 
8110 FENTON ST SILVER SPRING MD 20910",,PEDESTRIAN,SINGLE VEHICLE,N/A,,DARK LIGHTS ON,N/A,UNKNOWN,ALCOHOL PRESENT,2B4B0035-8FB3-49F3-AE27-14D42AF50F5B,PEDESTRIAN,Standing,NO IMPROPER ACTIONS,OTHER,N/A,N/A,No,POSSIBLE INJURY,N/A,38.99098465,-77.02515243,"(38.99098465, -77.02515243)"
MCP13660095,190020833,Montgomery County Police,Injury Crash,05/03/2019 02:39:00 PM,Maryland (State),MUNCASTER MILL RD,County,NEEDWOOD RD,,N/A,PEDESTRIAN,STRAIGHT MOVEMENT ANGLE,CLEAR,DRY,DAYLIGHT,TRAFFIC SIGNAL,NONE DETECTED,NONE DETECTED,97D1C718-F331-4E65-AD90-9C352326F4E6,PEDESTRIAN,Cross/Enter not at Intersection,DART DASH,ON ROADWAY NOT AT CROSSWALK,DISOBEYED PED. SIGNAL,MIXED CLOTHING,Yes,SUSPECTED SERIOUS INJURY,NONE,39.13184,-77.12072833,"(39.13184, -77.12072833)"
MCP25120042,190021565,Montgomery County Police,Property Damage Crash,05/03/2019 09:10:00 AM,,,,,PARKING LOT OF 825 QUINCE ORCHARD BLVD,,OTHER,OPPOSITE DIRECTION SIDESWIPE,CLEAR,,DAYLIGHT,NO CONTROLS,NONE DETECTED,NONE DETECTED,761D8C44-B144-48C2-A922-67566FFDB60E,OTHER,N/A,N/A,N/A,N/A,N/A,No,NO APPARENT INJURY,N/A,39.14353188,-77.22984226,"(39.14353188, -77.22984226)"
MCP3170000M,190020480,Montgomery County Police,Property Damage Crash,05/01/2019 05:14:00 PM,Maryland (State),FREDERICK RD,County,SHAKESPEARE BLVD,,N/A,BICYCLIST,SINGLE VEHICLE,CLEAR,DRY,DAYLIGHT,TRAFFIC SIGNAL,UNKNOWN,NONE DETECTED,3B9FA903-8F7C-43BE-973E-A142F6B42DF9,BICYCLIST,Cross/Enter at Intersection,UNKNOWN,AT INTERSECTION MARKED CROSSWALK,UNKNOWN,MIXED CLOTHING,No,NO APPARENT INJURY,NONE,39.19820748,-77.24499271,"(39.19820748, -77.24499271)"
MCP2813006N,190020250,Montgomery County Police,Injury Crash,04/30/2019 01:30:00 PM,County,BLUHILL RD,County,FLORAL ST,,N/A,PEDESTRIAN,SINGLE VEHICLE,CLEAR,DRY,DAYLIGHT,N/A,N/A,N/A,87A3151F-A47A-40CE-B4CB-60ABB5827F8D,PEDESTRIAN,Other,NO IMPROPER ACTIONS,OTHER,N/A,REFLECTIVE MATERIAL,No,POSSIBLE INJURY,REFLECTIVE CLOTHING,39.05632173,-77.0662837,"(39.05632173, -77.0662837)"
MCP2931003C,190020167,Montgomery County Police,Injury Crash,04/29/2019 08:22:00 PM,Maryland (State),FREDERICK RD,Unknown,CROSSOVER,,N/A,PEDESTRIAN,SINGLE VEHICLE,N/A,DRY,DARK LIGHTS ON,N/A,,N/A,4080B128-59FE-43E3-92F0-E29BCE1F4FA1,PEDESTRIAN,Push/Work on Vehicle,DISABLED VEHICLE RELATED,N/A,N/A,N/A,Unknown,SUSPECTED MINOR INJURY,N/A,39.12138464,-77.1761312,"(39.12138464, -77.1761312)"
HA2386000G,1900984,Maryland-National Capital,Injury Crash,04/29/2019 02:40:00 PM,Government,BEACH DR,Unknown,CROSSOVER TO GV 48 - NO NAME,,N/A,BICYCLIST,HEAD ON LEFT TURN,CLEAR,DRY,DAYLIGHT,STOP SIGN,N/A,N/A,526B3C42-0A3D-40C6-B313-0C37C308F113,BICYCLIST,Cross/Enter at Intersection,NO IMPROPER ACTIONS,AT INTERSECTION BUT NO CROSSWALK,N/A,LIGHT CLOTHING,No,POSSIBLE INJURY,MC/BIKE HELMET,39.02197725,-77.10193154,"(39.02197725, -77.10193154)"
MCP94040025,190020070,Montgomery County Police,Injury Crash,04/29/2019 01:30:00 PM,Maryland (State),FREDERICK RD,County,SHADY GROVE RD,,N/A,PEDESTRIAN,N/A,CLEAR,DRY,DAYLIGHT,N/A,UNKNOWN,NONE DETECTED,2DB89AC2-65C8-43A8-9C92-247ACBC606A1,PEDESTRIAN,Standing,IN ROADWAY IMPROPERLY,ON ROADWAY NOT AT CROSSWALK,DISOBEYED PED. SIGNAL,DARK CLOTHING,Yes,SUSPECTED MINOR INJURY,N/A,39.12147167,-77.17870167,"(39.12147167, -77.17870167)"
MCP1181000W,19001952,Montgomery County Police,Injury Crash,04/28/2019 07:52:00 PM,County,MEADOW MIST RD,Other Public Roadway,MEADOW MIST RD (BACK),,N/A,PEDESTRIAN,OTHER,CLEAR,DRY,DAYLIGHT,NO CONTROLS,NONE DETECTED,NONE DETECTED,48D32FF4-D1BC-43D1-ABD5-D48773652D1D,PEDESTRIAN,Playing,DART DASH,OTHER,NO PED. SIGNAL,MIXED CLOTHING,Yes,SUSPECTED MINOR INJURY,N/A,39.23093667,-77.243555,"(39.23093667, -77.243555)"
MCP3068002B,190019941,Montgomery County Police,Injury Crash,04/28/2019 06:05:00 PM,County,BALTIMORE AVE,Maryland (State),RIVER RD,,N/A,PEDESTRIAN,OTHER,CLEAR,DRY,DAYLIGHT,N/A,N/A,N/A,54EFCAC6-F821-4D85-B8EA-53263099EE22,PEDESTRIAN,Cross/Enter not at Intersection,DART DASH,ON ROADWAY NOT AT CROSSWALK,NO PED. SIGNAL,LIGHT CLOTHING,Yes,POSSIBLE INJURY,NONE,38.9588651,-77.0978486,"(38.9588651, -77.0978486)"
MCP23390048,190019768,Montgomery County Police,Injury Crash,04/27/2019 03:33:00 PM,County,RANDOLPH RD,County,PARKLAWN DR,,N/A,OTHER,SINGLE VEHICLE,N/A,DRY,DAYLIGHT,TRAFFIC SIGNAL,NONE DETECTED,N/A,7D20A872-FF93-46B0-B472-17F85956D8D8,OTHER,N/A,N/A,N/A,N/A,N/A,No,SUSPECTED MINOR INJURY,N/A,39.0535975,-77.10567826,"(39.0535975, -77.10567826)"
MCP3040003F,190019668,Montgomery County Police,Injury Crash,04/26/2019 10:00:00 PM,,,,,DRIVEWAY OF 23001 HOWARD CHAPEL RD,,PEDESTRIAN,N/A,CLEAR,,DARK NO LIGHTS,N/A,N/A,N/A,98711C8C-DD35-4B0E-A47A-75C4C5151DB6,PEDESTRIAN,Other,NO IMPROPER ACTIONS,OTHER,N/A,MIXED CLOTHING,No,POSSIBLE INJURY,N/A,39.23350333,-77.07254667,"(39.23350333, -77.07254667)"
MCP2892006C,190019593,Montgomery County Police,Injury Crash,04/26/2019 03:16:00 PM,County,SPRING ST,County,CAMERON ST,,N/A,PEDESTRIAN,OTHER,RAINING,WET,DAYLIGHT,TRAFFIC SIGNAL,NONE DETECTED,NONE DETECTED,D246FFB4-79BE-4918-A50D-7AE6AD238C87,PEDESTRIAN,Cross/Enter at Intersection,NO IMPROPER ACTIONS,ON ROADWAY AT CROSSWALK,OBEYED PED. SIGNAL,LIGHT CLOTHING,No,POSSIBLE INJURY,NONE,38.99965111,-77.02785858,"(38.99965111, -77.02785858)"
MCP3164001J,190019146,Montgomery County Police,Injury Crash,04/24/2019 07:00:00 AM,Maryland (State),VEIRS MILL RD,County,NEWPORT MILL RD,,N/A,PEDESTRIAN,HEAD ON LEFT TURN,CLEAR,DRY,DAYLIGHT,TRAFFIC SIGNAL,N/A,N/A,F6A53DF0-C986-433E-99A8-BB5900666264,PEDESTRIAN,Cross/Enter at Intersection,NO IMPROPER ACTIONS,ON ROADWAY AT CROSSWALK,OBEYED PED. SIGNAL,MIXED CLOTHING,No,SUSPECTED MINOR INJURY,NONE,39.04459667,-77.06430333,"(39.04459667, -77.06430333)"
MCP2892006B,190019056,Montgomery County Police,Injury Crash,04/23/2019 05:16:00 PM,County,SEMINARY RD,County,WARREN ST,,N/A,PEDESTRIAN,OTHER,CLEAR,DRY,DAYLIGHT,OTHER,NONE DETECTED,NONE DETECTED,FF909D17-9457-4564-AAC3-35FF7F091DA8,PEDESTRIAN,Cross/Enter at Intersection,DART DASH,ON ROADWAY AT CROSSWALK,N/A,DARK CLOTHING,No,POSSIBLE INJURY,NONE,39.01063611,-77.04838361,"(39.01063611, -77.04838361)"
MCP26800035,190019036,Montgomery County Police,Injury Crash,04/23/2019 04:45:00 PM,,,,,PARKING GARAGE AT 921 WAYNE AVE.,,PEDESTRIAN,STRAIGHT MOVEMENT ANGLE,CLEAR,,DAYLIGHT,NO CONTROLS,NONE DETECTED,NONE DETECTED,BDA5B94C-8C48-41BF-9252-1FD957492D25,PEDESTRIAN,Walking/Riding against Traffic,FAILURE TO YIELD RIGHT OF WAY,OTHER,NO PED. SIGNAL,DARK CLOTHING,Yes,POSSIBLE INJURY,NONE,38.99089167,-77.02346667,"(38.99089167, -77.02346667)"
MCP2968002Z,190019026,Montgomery County Police,Injury Crash,04/23/2019 02:43:00 PM,County,DUFIEF MILL RD,County,AMBERLEA FARM DR,,N/A,BICYCLIST,OTHER,CLEAR,DRY,DAYLIGHT,N/A,N/A,N/A,33C6D0E0-B8A2-4B95-80B6-5A57CD41F713,BICYCLIST,Walking/Riding w/Traffic,NO IMPROPER ACTIONS,ON ROADWAY NOT AT CROSSWALK,N/A,LIGHT CLOTHING,No,SUSPECTED MINOR INJURY,MC/BIKE HELMET,39.08873833,-77.235815,"(39.08873833, -77.235815)"
MCP3184000J,190019033,Montgomery County Police,Injury Crash,04/23/2019 01:50:00 PM,Maryland (State),GEORGIA AVE,Maryland (State),UNIVERSITY BLVD W,,N/A,PEDESTRIAN,SINGLE VEHICLE,CLEAR,DRY,DAYLIGHT,N/A,N/A,N/A,45FA0818-B5C4-4B8C-B9DE-665D00994A99,PEDESTRIAN,Cross/Enter not at Intersection,INATTENTIVE,ON ROADWAY NOT AT CROSSWALK,NO PED. SIGNAL,N/A,Yes,SUSPECTED MINOR INJURY,NONE,39.04134636,-77.05164483,"(39.04134636, -77.05164483)"
MCP3190000K,190019001,Montgomery County Police,Injury Crash,04/23/2019 01:30:00 PM,County,EDNOR RD,County,TWIN RIDGE CT,,N/A,PEDESTRIAN,SINGLE VEHICLE,N/A,DRY,DAYLIGHT,OTHER,N/A,N/A,494823E1-2A20-4CF2-8BD8-03018BAD3547,PEDESTRIAN,Getting off/on Vehicle,NO IMPROPER ACTIONS,ON ROADWAY NOT AT CROSSWALK,N/A,UNKNOWN,No,SUSPECTED MINOR INJURY,N/A,39.1405835,-76.97369,"(39.1405835, -76.97369)"
MCP24920014,190018949,Montgomery County Police,Injury Crash,04/23/2019 07:30:00 AM,Maryland (State),GREAT SENECA HWY,County,MIDDLEBROOK RD,,N/A,PEDESTRIAN,OTHER,CLEAR,DRY,DAYLIGHT,TRAFFIC SIGNAL,NONE DETECTED,NONE DETECTED,01BDAC8E-A031-4488-B756-C53AEE4A001F,PEDESTRIAN,Cross/Enter at Intersection,FAILURE TO OBEY TRAFFIC SIGNS SIGNALS OR OFFICER,ON ROADWAY AT CROSSWALK,DISOBEYED PED. SIGNAL,DARK CLOTHING,Yes,POSSIBLE INJURY,NONE,39.17482667,-77.26058,"(39.17482667, -77.26058)"