Report Number,Local Case Number,Agency Name,ACRS Report Type,Crash Date/Time,Route Type,Road Name,Cross-Street Type,Cross-Street Name,Off-Road Description,Municipality,Related Non-Motorist,Collision Type,Weather,Surface Condition,Light,Traffic Control,Driver Substance Abuse,Non-Motorist Substance Abuse,Person ID,Pedestrian Type,Pedestrian Movement,Pedestrian Actions,Pedestrian Location,Pedestrian Obeyed Traffic Signal,Pedestrian Visibility,At Fault,Injury Severity,Safety Equipment,Latitude,Longitude,Location
DD56250028,190018901,Rockville Police Departme,Injury Crash,04/22/2019 08:50:00 PM,Municipality,MARYLAND AVE,Municipality,E MIDDLE LA,,ROCKVILLE,PEDESTRIAN,OTHER,CLEAR,DRY,DARK LIGHTS ON,TRAFFIC SIGNAL,NONE DETECTED,NONE DETECTED,D16D03E7-B62B-48C5-91A4-5D19229405D8,PEDESTRIAN,Cross/Enter at Intersection,FAILURE TO YIELD RIGHT OF WAY,ON ROADWAY AT CROSSWALK,DISOBEYED PED. SIGNAL,DARK CLOTHING,Yes,POSSIBLE INJURY,NONE,39.08512197,-77.15094064,"(39.08512197, -77.15094064)"
MCP27480016,190018590,Montgomery County Police,Injury Crash,04/20/2019 09:52:00 PM,Maryland (State),OLD GEORGETOWN RD,Maryland (State),ROCKVILLE PIKE,,N/A,PEDESTRIAN,SINGLE VEHICLE,CLEAR,N/A,DARK LIGHTS ON,N/A,N/A,NONE DETECTED,1B3F0161-4558-4290-8F09-989002CACA9C,PEDESTRIAN,Cross/Enter not at Intersection,IN ROADWAY IMPROPERLY,ON ROADWAY NOT AT CROSSWALK,N/A,DARK CLOTHING,Yes,SUSPECTED SERIOUS INJURY,N/A,39.04508167,-77.1204155,"(39.04508167, -77.1204155)"
MCP25520031,190018415,Montgomery County Police,Injury Crash,04/19/2019 08:57:00 PM,Municipality,TWINBROOK PKWY,Municipality,CHAPMAN AVE,,ROCKVILLE,OTHER CONVEYANCE,OTHER,RAINING,WET,DARK LIGHTS ON,TRAFFIC SIGNAL,NONE DETECTED,NONE DETECTED,8C2A95AB-E2AD-4A80-85ED-2E358434C5E8,OTHER CONVEYANCE,Cross/Enter at Intersection,IN ROADWAY IMPROPERLY,ON ROADWAY AT CROSSWALK,DISOBEYED PED. SIGNAL,MIXED CLOTHING,Yes,SUSPECTED MINOR INJURY,N/A,39.05864667,-77.11864333,"(39.05864667, -77.11864333)"
MCP2995004L,190018414,Montgomery County Police,Injury Crash,04/19/2019 08:51:00 PM,Maryland (State),VEIRS MILL RD,County,RANDOLPH RD,,N/A,PEDESTRIAN,OTHER,RAINING,WET,DARK LIGHTS ON,TRAFFIC SIGNAL,NONE DETECTED,NONE DETECTED,26F108C1-2696-4529-A3BB-8B81DD5FA232,PEDESTRIAN,Cross/Enter at Intersection,UNKNOWN,ON ROADWAY AT CROSSWALK,UNKNOWN,DARK CLOTHING,Unknown,POSSIBLE INJURY,NONE,39.0573244,-77.0752497,"(39.0573244, -77.0752497)"
MCP137800QH,190018156,Montgomery County Police,Injury Crash,04/18/2019 01:38:00 PM,County,WASHINGTON GROVE LA,Unknown,SPUR FR RAILROAD ST,,N/A,OTHER,SINGLE VEHICLE,CLOUDY,DRY,DAYLIGHT,NO CONTROLS,NONE DETECTED,NONE DETECTED,332F6457-D4BA-4F23-B629-3B44D7B4A262,OTHER,Getting off/on Vehicle,OTHER,SHOULDER,N/A,DARK CLOTHING,Yes,SUSPECTED MINOR INJURY,NONE,39.13937197,-77.17970036,"(39.13937197, -77.17970036)"
MCP12050050,190018148,Montgomery County Police,Injury Crash,04/18/2019 01:16:00 PM,County,BETHESDA AVE,County,ARLINGTON RD,,N/A,PEDESTRIAN,OTHER,CLOUDY,DRY,DAYLIGHT,NO CONTROLS,NONE DETECTED,NONE DETECTED,7AF1F7CC-3753-41FF-BAA8-947667C96D6F,PEDESTRIAN,Cross/Enter not at Intersection,IN ROADWAY IMPROPERLY,ON ROADWAY NOT AT CROSSWALK,N/A,MIXED CLOTHING,Yes,SUSPECTED MINOR INJURY,NONE,38.98081479,-77.09732498,"(38.98081479, -77.09732498)"
MCP2818004B,190018118,Montgomery County Police,Injury Crash,04/18/2019 09:53:00 AM,County,GROVE ST,County,SLIGO AVE,,N/A,PEDESTRIAN,OTHER,CLOUDY,DRY,DAYLIGHT,STOP SIGN,NONE DETECTED,NONE DETECTED,74A92D26-C72B-4395-A99E-39610AFE2749,PEDESTRIAN,Other,NO IMPROPER ACTIONS,AT INTERSECTION MARKED CROSSWALK,NO PED. SIGNAL,MIXED CLOTHING,No,SUSPECTED MINOR INJURY,N/A,38.99017264,-77.0218665,"(38.99017264, -77.0218665)"
MCP271700N6,190017812,Montgomery County Police,Injury Crash,04/16/2019 03:25:00 PM,,,,,4823 RUGBY AVENUE (MCP BETHESDA DISTRICT STATION),,OTHER,OTHER,CLEAR,,DAYLIGHT,NO CONTROLS,NONE DETECTED,NONE DETECTED,14D633F9-5491-4AB8-9E2C-19A1FC8A113C,OTHER,Other,OTHER,SIDEWALK,NO PED. SIGNAL,MIXED CLOTHING,No,SUSPECTED MINOR INJURY,NONE,38.9910735,-77.09770717,"(38.9910735, -77.09770717)"
MCP23470022,190017566,Montgomery County Police,Injury Crash,04/16/2019 10:12:00 AM,County,KATHRYN RD,County,CAPLINGER RD,,N/A,PEDESTRIAN,OTHER,CLEAR,DRY,DAYLIGHT,PERSON,NONE DETECTED,NONE DETECTED,A29C5FD0-3930-4B1D-A42D-2BB50C85014B,PEDESTRIAN,Other,INATTENTIVE,OTHER,N/A,REFLECTIVE MATERIAL,Yes,SUSPECTED MINOR INJURY,REFLECTIVE CLOTHING,39.04894333,-76.99103,"(39.04894333, -76.99103)"
MCP3188000F,190017640,Montgomery County Police,Injury Crash,04/15/2019 01:00:00 PM,County,PARKLAWN DR,County,RANDOLPH RD,,N/A,PEDESTRIAN,OTHER,CLEAR,DRY,DAYLIGHT,UNKNOWN,N/A,N/A,F7EFD876-DCF8-4CE1-A54D-D0F583367855,PEDESTRIAN,Walking/Riding against Traffic,N/A,UNKNOWN,N/A,N/A,Yes,POSSIBLE INJURY,N/A,39.0535441,-77.1068003,"(39.0535441, -77.1068003)"
MCP0036009Q,190017542,Montgomery County Police,Injury Crash,04/15/2019 07:27:00 AM,County,FATHER HURLEY BLVD,County,WATERS LANDING DR,,N/A,PEDESTRIAN,SINGLE VEHICLE,RAINING,WET,DAWN,TRAFFIC SIGNAL,NONE DETECTED,NONE DETECTED,3C4EA7A0-5A69-444D-AABD-88C98BD51935,PEDESTRIAN,Cross/Enter at Intersection,NO IMPROPER ACTIONS,ON ROADWAY AT CROSSWALK,OBEYED PED. SIGNAL,MIXED CLOTHING,No,SUSPECTED MINOR INJURY,NONE,39.19164667,-77.272205,"(39.19164667, -77.272205)"
MCP3058002Q,190017277,Montgomery County Police,Injury Crash,04/13/2019 03:31:00 PM,County,CAVANAUGH DR,County,DEERBROOK DR,,N/A,BICYCLIST,HEAD ON LEFT TURN,CLOUDY,DRY,DAYLIGHT,NO CONTROLS,NONE DETECTED,NONE DETECTED,8D835E82-1DDC-4654-91B0-8E955EA5B06C,BICYCLIST,Cross/Enter at Intersection,NO IMPROPER ACTIONS,AT INTERSECTION BUT NO CROSSWALK,N/A,REFLECTIVE MATERIAL,No,SUSPECTED MINOR INJURY,MC/BIKE HELMET,39.08053333,-77.21493333,"(39.08053333, -77.21493333)"
MCP93120011,190017182,Montgomery County Police,Injury Crash,04/12/2019 08:30:00 PM,County,NICHOLSON LA,County,HUFF CT,,N/A,PEDESTRIAN,SINGLE VEHICLE,RAINING,WET,DARK LIGHTS ON,TRAFFIC SIGNAL,UNKNOWN,NONE DETECTED,08551A0C-EE70-42F4-A9E4-1F8507E5A52F,PEDESTRIAN,Cross/Enter at Intersection,NO IMPROPER ACTIONS,AT INTERSECTION MARKED CROSSWALK,OBEYED PED. SIGNAL,MIXED CLOTHING,No,SUSPECTED MINOR INJURY,NONE,39.04486593,-77.10905421,"(39.04486593, -77.10905421)"
DD55830057,190017084,Rockville Police Departme,Injury Crash,04/12/2019 01:48:00 PM,Municipality,MONROE ST,Municipality,MONROE PL,,ROCKVILLE,PEDESTRIAN,STRAIGHT MOVEMENT ANGLE,RAINING,WET,DAYLIGHT,N/A,NONE DETECTED,NONE DETECTED,2278EC43-EA28-4DE5-8151-C5308B200E20,PEDESTRIAN,Cross/Enter at Intersection,NO IMPROPER ACTIONS,ON ROADWAY AT CROSSWALK,NO PED. SIGNAL,LIGHT CLOTHING,No,POSSIBLE INJURY,N/A,39.08307367,-77.14925483,"(39.08307367, -77.14925483)"
MCP2930001G,190016985,Montgomery County Police,Injury Crash,04/11/2019 10:49:00 PM,County,GLENALLAN AVE,County,RANDOLPH RD,,N/A,PEDESTRIAN,OTHER,CLEAR,DRY,DARK NO LIGHTS,TRAFFIC SIGNAL,NONE DETECTED,NONE DETECTED,35D8AE52-F1D9-4D0D-8241-D3DCEEEE0520,PEDESTRIAN,Cross/Enter at Intersection,UNKNOWN,ON ROADWAY AT CROSSWALK,OBEYED PED. SIGNAL,MIXED CLOTHING,No,SUSPECTED SERIOUS INJURY,N/A,39.06075333,-77.04502833,"(39.06075333, -77.04502833)"
MCP2756002T,190016961,Montgomery County Police,Injury Crash,04/11/2019 07:50:00 PM,Maryland (State),GEORGIA AVE,Maryland (State),UNIVERSITY BLVD W,,N/A,PEDESTRIAN,SINGLE VEHICLE,CLEAR,DRY,DARK LIGHTS ON,TRAFFIC SIGNAL,NONE DETECTED,NONE DETECTED,738442F1-4DA8-4D06-9FE6-BA8210DE3220,PEDESTRIAN,Cross/Enter at Intersection,NO IMPROPER ACTIONS,ON ROADWAY AT CROSSWALK,OBEYED PED. SIGNAL,MIXED CLOTHING,No,POSSIBLE INJURY,NONE,39.04159498,-77.05204488,"(39.04159498, -77.05204488)"
MCP2351002X,190016886,Montgomery County Police,Fatal Crash,04/11/2019 02:24:00 PM,,,,,AT PARKING LOT EXIT OF 650 HUNGERFORD DR TO ENTER SB HUNGERFORD DR,,PEDESTRIAN,OTHER,CLOUDY,,DAYLIGHT,NO CONTROLS,NONE DETECTED,NONE DETECTED,123E44F4-04CC-4238-9487-DEF336F7548B,PEDESTRIAN,Unknown,UNKNOWN,OTHER,N/A,MIXED CLOTHING,Unknown,FATAL INJURY,NONE,39.09278833,-77.153865,"(39.09278833, -77.153865)"
MCP3168000F,190016766,Montgomery County Police,Injury Crash,04/10/2019 08:19:00 PM,Ramp,RAMP 1 FR MD 355 NB TO IS 270 WB,Maryland (State),ROCKVILLE PIKE,,N/A,PEDESTRIAN,OTHER,CLEAR,DRY,DARK LIGHTS ON,NO CONTROLS,NONE DETECTED,NONE DETECTED,7878AEE4-4A9D-4355-A78F-D8F735C7DDCC,PEDESTRIAN,Standing,DISABLED VEHICLE RELATED,SHOULDER,N/A,DARK CLOTHING,No,SUSPECTED MINOR INJURY,NONE,39.02104885,-77.10488888,"(39.02104885, -77.10488888)"
MCP3040003B,190016492,Montgomery County Police,Injury Crash,04/09/2019 03:23:00 PM,,,,,PARKING LOT OF 16800 GEORGIA AVE,,PEDESTRIAN,OTHER,CLEAR,,DAYLIGHT,N/A,N/A,N/A,1F756549-2C86-4435-A690-D824C4EF5743,PEDESTRIAN,Other,ENTERING EXITING PARKED STANDING VEHICLE,OTHER,N/A,UNKNOWN,No,SUSPECTED SERIOUS INJURY,N/A,39.13253102,-77.07068139,"(39.13253102, -77.07068139)"
MCP3169000J,190016473,Montgomery County Police,Injury Crash,04/09/2019 12:17:00 PM,Maryland (State),UNIVERSITY BLVD E,US (State),COLESVILLE RD,,N/A,PEDESTRIAN,SINGLE VEHICLE,CLEAR,DRY,DAYLIGHT,TRAFFIC SIGNAL,UNKNOWN,N/A,F9A5EE51-C7C8-4FBD-A84D-934F5606644D,PEDESTRIAN,Walking/Riding w/Traffic,NO IMPROPER ACTIONS,SIDEWALK,NO PED. SIGNAL,MIXED CLOTHING,No,SUSPECTED MINOR INJURY,N/A,39.02037833,-77.01315167,"(39.02037833, -77.01315167)"
MCP2756002S,190016394,Montgomery County Police,Injury Crash,04/08/2019 09:05:00 PM,,,,,PARKING LOT OF 11301 GEORGIA AVE.,,PEDESTRIAN,OTHER,CLOUDY,,DARK LIGHTS ON,NO CONTROLS,NONE DETECTED,ALCOHOL PRESENT,41B7608E-E79B-4C90-87FD-F5245806088D,PEDESTRIAN,Other,NOT VISIBLE,OTHER,NO PED. SIGNAL,DARK CLOTHING,Yes,SUSPECTED MINOR INJURY,N/A,39.04024333,-77.05111333,"(39.04024333, -77.05111333)"
DD5620003V,190016276,Rockville Police Departme,Injury Crash,04/08/2019 10:00:00 AM,Municipality,MARTHA CT,Municipality,MARTHA TERR,,ROCKVILLE,PEDESTRIAN,OTHER,CLEAR,DRY,DAYLIGHT,NO CONTROLS,NONE DETECTED,NONE DETECTED,C0E47B4D-AF82-41A3-AD29-CF13A87BE7EA,PEDESTRIAN,Getting off/on Vehicle,INATTENTIVE,OTHER,N/A,LIGHT CLOTHING,No,POSSIBLE INJURY,NONE,39.058306,-77.13367133,"(39.058306, -77.13367133)"
MCP1148002W,190016242,Montgomery County Police,Injury Crash,04/08/2019 07:23:00 AM,County,BETHESDA AVE,Maryland (State),WISCONSIN AVE,,N/A,PEDESTRIAN,SINGLE VEHICLE,CLEAR,WET,DAYLIGHT,TRAFFIC SIGNAL,NONE DETECTED,NONE DETECTED,7B4E485A-B4EC-4699-AAE4-7808CF43DD43,PEDESTRIAN,Cross/Enter at Intersection,NO IMPROPER ACTIONS,ON ROADWAY AT CROSSWALK,OBEYED PED. SIGNAL,DARK CLOTHING,No,POSSIBLE INJURY,NONE,38.98089667,-77.09268667,"(38.98089667, -77.09268667)"
MCP2813006L,190016184,Montgomery County Police,Injury Crash,04/07/2019 08:30:00 PM,Other Public Roadway,GLENMONT CIR #2,Maryland (State),GEORGIA AVE,,N/A,PEDESTRIAN,SINGLE VEHICLE,CLOUDY,DRY,DARK LIGHTS ON,TRAFFIC SIGNAL,N/A,N/A,44D01E05-3B4E-40D3-9752-4CE1279E23E9,PEDESTRIAN,Cross/Enter at Intersection,NO IMPROPER ACTIONS,ON ROADWAY AT CROSSWALK,UNKNOWN,DARK CLOTHING,No,SUSPECTED MINOR INJURY,N/A,39.05994167,-77.04713333,"(39.05994167, -77.04713333)"
MCP1342002H,190016146,Montgomery County Police,Injury Crash,04/07/2019 01:00:00 PM,County,EDWARDS FERRY RD,County,WHITES FERRY RD,,N/A,PEDESTRIAN,OTHER,CLOUDY,DRY,DAYLIGHT,NO CONTROLS,UNKNOWN,NONE DETECTED,8C25019A-0F8B-4E68-905E-3FD050FB7996,PEDESTRIAN,Standing,OTHER,ON ROADWAY NOT AT CROSSWALK,NO PED. SIGNAL,MIXED CLOTHING,Unknown,SUSPECTED SERIOUS INJURY,N/A,39.15886,-77.45217,"(39.15886, -77.45217)"
DD56230020,190016062,Rockville Police Departme,Injury Crash,04/06/2019 09:26:00 PM,Municipality,BEALL AVE #2,Other Public Roadway,MARYLAND AVE,,N/A,PEDESTRIAN,SINGLE VEHICLE,CLEAR,DRY,DARK LIGHTS ON,WARNING SIGN,NONE DETECTED,NONE DETECTED,6DFF71B6-2561-42ED-BED7-AF83F7E8693E,PEDESTRIAN,Cross/Enter at Intersection,NO IMPROPER ACTIONS,AT INTERSECTION MARKED CROSSWALK,N/A,MIXED CLOTHING,No,POSSIBLE INJURY,NONE,39.08691583,-77.151425,"(39.08691583, -77.151425)"
MCP2891007S,190015784,Montgomery County Police,Injury Crash,04/05/2019 06:20:00 AM,Maryland (State),BURLINGTON AVE,US (State),GEORGIA AVE,,N/A,PEDESTRIAN,SINGLE VEHICLE,RAINING,WET,DARK LIGHTS ON,TRAFFIC SIGNAL,NONE DETECTED,NONE DETECTED,5FFC6858-3C3B-487D-A302-77D45DFCD950,PEDESTRIAN,Cross/Enter at Intersection,NO IMPROPER ACTIONS,ON ROADWAY AT CROSSWALK,OBEYED PED. SIGNAL,DARK CLOTHING,No,POSSIBLE INJURY,NONE,38.98728667,-77.02627833,"(38.98728667, -77.02627833)"
MCP9422001P,190015766,Montgomery County Police,Injury Crash,04/04/2019 11:27:00 PM,Maryland (State),NEW HAMPSHIRE AVE,County,THOMAS DR,,N/A,OTHER CONVEYANCE,SINGLE VEHICLE,CLEAR,DRY,DARK NO LIGHTS,NO CONTROLS,NONE DETECTED,NONE DETECTED,546B6DF9-4924-4D3A-A878-BED81F927D7A,OTHER CONVEYANCE,Walking/Riding w/Traffic,IN ROADWAY IMPROPERLY,ON ROADWAY NOT AT CROSSWALK,NO PED. SIGNAL,DARK CLOTHING,Yes,SUSPECTED SERIOUS INJURY,NONE,39.066735,-77.00138667,"(39.066735, -77.00138667)"
MCP271700N1,190015706,Montgomery County Police,Property Damage Crash,04/04/2019 06:00:00 PM,Maryland (State),BRADLEY BLVD,County,KENTSDALE DR,,N/A,BICYCLIST,OTHER,CLEAR,DRY,DAYLIGHT,NO CONTROLS,NONE DETECTED,NONE DETECTED,E5A06DE1-5EA5-4756-85DE-C632CE7F21C0,BICYCLIST,Walking/Riding w/Traffic,NO IMPROPER ACTIONS,ON ROADWAY NOT AT CROSSWALK,NO PED. SIGNAL,MIXED CLOTHING,No,NO APPARENT INJURY,MC/BIKE HELMET,39.005084,-77.17620017,"(39.005084, -77.17620017)"
MCP31610017,190015699,Montgomery County Police,Injury Crash,04/04/2019 05:28:00 PM,County,SUMMIT AVE,County,BROOKFIELD DR,,N/A,PEDESTRIAN,N/A,CLEAR,DRY,DAYLIGHT,OTHER,NONE DETECTED,NONE DETECTED,3A15C653-09DE-4228-B61D-63A32A7CE8CC,PEDESTRIAN,Unknown,UNKNOWN,ON ROADWAY AT CROSSWALK,UNKNOWN,UNKNOWN,Unknown,POSSIBLE INJURY,NONE,39.02618667,-77.08048167,"(39.02618667, -77.08048167)"
MCP31120020,190015524,Montgomery County Police,Injury Crash,04/03/2019 08:00:00 PM,Maryland (State),WISCONSIN AVE,County,WOODMONT AVE,,N/A,PEDESTRIAN,OTHER,CLEAR,DRY,DARK LIGHTS ON,TRAFFIC SIGNAL,NONE DETECTED,NONE DETECTED,2D6FCF2F-385D-4ECC-89D3-5691D091407B,PEDESTRIAN,Cross/Enter at Intersection,NO IMPROPER ACTIONS,AT INTERSECTION MARKED CROSSWALK,OBEYED PED. SIGNAL,MIXED CLOTHING,No,SUSPECTED SERIOUS INJURY,N/A,38.98028117,-77.09220217,"(38.98028117, -77.09220217)"
MCP3187000C,190015298,Montgomery County Police,Injury Crash,04/03/2019 05:12:00 PM,County,REEDIE DR,Maryland (State),GEORGIA AVE,,N/A,PEDESTRIAN,OTHER,CLEAR,DRY,DAYLIGHT,TRAFFIC SIGNAL,N/A,N/A,3361E4B0-CCB2-4C78-BE18-E669B30DCD3A,PEDESTRIAN,Cross/Enter at Intersection,N/A,ON ROADWAY AT CROSSWALK,OBEYED PED. SIGNAL,MIXED CLOTHING,No,SUSPECTED SERIOUS INJURY,NONE,39.03858355,-77.05104015,"(39.03858355, -77.05104015)"
MCP1152000M,190015381,Montgomery County Police,Injury Crash,04/03/2019 07:00:00 AM,Maryland (State),WISCONSIN AVE,County,LELAND ST,,N/A,PEDESTRIAN,OTHER,CLEAR,DRY,DAYLIGHT,TRAFFIC SIGNAL,NONE DETECTED,NONE DETECTED,16802A3C-A4E5-4BEE-834D-A0BDE2D9497F,PEDESTRIAN,Cross/Enter at Intersection,NO IMPROPER ACTIONS,ON ROADWAY AT CROSSWALK,OBEYED PED. SIGNAL,MIXED CLOTHING,No,POSSIBLE INJURY,NONE,38.98007167,-77.09168167,"(38.98007167, -77.09168167)"
MCP3180000B,190015313,Montgomery County Police,Injury Crash,04/02/2019 06:30:00 PM,Maryland (State),OLNEY SANDY SPRING RD,Unknown,VILLAGE CENTER DR,,N/A,PEDESTRIAN,STRAIGHT MOVEMENT ANGLE,RAINING,WET,DAYLIGHT,TRAFFIC SIGNAL,NONE DETECTED,NONE DETECTED,9E661EAA-39B1-47B7-AF40-5EBF318085A2,PEDESTRIAN,Cross/Enter at Intersection,INATTENTIVE,ON ROADWAY AT CROSSWALK,OBEYED PED. SIGNAL,MIXED CLOTHING,No,SUSPECTED MINOR INJURY,NONE,39.15208833,-77.06454333,"(39.15208833, -77.06454333)"
MCP2853005W,190014812,Montgomery County Police,Injury Crash,03/30/2019 07:40:00 PM,County,RENFREW RD,County,LANARK WAY,,N/A,PEDESTRIAN,N/A,CLEAR,DRY,DARK NO LIGHTS,NO CONTROLS,N/A,N/A,D77E886A-27F8-429F-92FD-20128B390B20,PEDESTRIAN,Playing,UNKNOWN,OTHER,NO PED. SIGNAL,MIXED CLOTHING,Unknown,POSSIBLE INJURY,N/A,39.02220868,-77.02329109,"(39.02220868, -77.02329109)"
MCP2962003R,190014377,Montgomery County Police,Injury Crash,03/28/2019 02:47:00 PM,,,,,19000 BLK CENTURY BLVD,,PEDESTRIAN,OTHER,CLEAR,,DAYLIGHT,STOP SIGN,UNKNOWN,NONE DETECTED,55A56D03-9AA3-4267-8EF9-EAF216C2F9EF,PEDESTRIAN,Cross/Enter at Intersection,NO IMPROPER ACTIONS,AT INTERSECTION MARKED CROSSWALK,N/A,DARK CLOTHING,No,SUSPECTED MINOR INJURY,N/A,39.18277554,-77.26083248,"(39.18277554, -77.26083248)"
MCP2399002H,190014239,Montgomery County Police,Injury Crash,03/27/2019 07:50:00 PM,County,WATKINS MILL RD,County,COVE LEDGE CT,,N/A,PEDESTRIAN,SAME DIR REAR END,CLEAR,DRY,DARK LIGHTS ON,N/A,NONE DETECTED,N/A,9AC42F2F-D153-45CD-BBF5-6476FB0A4DBB,PEDESTRIAN,Cross/Enter at Intersection,NO IMPROPER ACTIONS,ON ROADWAY AT CROSSWALK,OBEYED PED. SIGNAL,N/A,No,NO APPARENT INJURY,NONE,39.17830667,-77.209905,"(39.17830667, -77.209905)"
MCP29170040,190014236,Montgomery County Police,Injury Crash,03/27/2019 07:25:00 PM,,WHISPERING PINES DRIVE,,WHISPERING PINES COURT,,N/A,PEDESTRIAN,OTHER,CLEAR,DRY,DUSK,NO CONTROLS,NONE DETECTED,NONE DETECTED,1DF9FFA7-DB1A-4DDA-A3BE-18870273992F,PEDESTRIAN,Playing,DART DASH,ON ROADWAY NOT AT CROSSWALK,NO PED. SIGNAL,DARK CLOTHING,Yes,POSSIBLE INJURY,NONE,39.08778667,-77.06369,"(39.08778667, -77.06369)"
MCP09420022,190014362,Montgomery County Police,Injury Crash,03/27/2019 03:30:00 PM,Maryland (State),WISCONSIN AVE,Maryland (State),BRADLEY LA,,N/A,PEDESTRIAN,OTHER,CLEAR,DRY,DAYLIGHT,TRAFFIC SIGNAL,UNKNOWN,UNKNOWN,DA5A7AF9-2E8D-433D-A14D-A26916085B40,PEDESTRIAN,Cross/Enter at Intersection,NO IMPROPER ACTIONS,ON ROADWAY AT CROSSWALK,OBEYED PED. SIGNAL,LIGHT CLOTHING,No,SUSPECTED SERIOUS INJURY,NONE,38.97714563,-77.09067901,"(38.97714563, -77.09067901)"
MCP3190000B,190014101,Montgomery County Police,Injury Crash,03/27/2019 07:28:00 AM,County,BEL PRE RD,County,NORTH GATE DR,,N/A,PEDESTRIAN,SINGLE VEHICLE,CLEAR,DRY,DAYLIGHT,FLASHING TRAFFIC SIGNAL,N/A,N/A,2852889C-C29F-4BD9-B37E-3ECE64BCFABA,PEDESTRIAN,Approach/Leaving Schoolbus,NO IMPROPER ACTIONS,ON ROADWAY AT CROSSWALK,OBEYED PED. SIGNAL,MIXED CLOTHING,No,SUSPECTED MINOR INJURY,N/A,39.09048141,-77.0508673,"(39.09048141, -77.0508673)"
MCP24920013,190014007,Montgomery County Police,Fatal Crash,03/26/2019 03:51:00 PM,,,,,PARKING LOT OF 611 ROCKVILLE PIKE,,PEDESTRIAN,OTHER,CLEAR,,DAYLIGHT,N/A,NONE DETECTED,NONE DETECTED,2B144005-856D-4774-BC01-B48DAB8724C2,PEDESTRIAN,Unknown,UNKNOWN,OTHER,NO PED. SIGNAL,MIXED CLOTHING,Unknown,FATAL INJURY,N/A,39.08029482,-77.14506661,"(39.08029482, -77.14506661)"
MCP3004002X,190013969,Montgomery County Police,Injury Crash,03/26/2019 03:37:00 PM,Maryland (State),EAST WEST HWY (W/B COUPLET),County,PEARL ST,,N/A,PEDESTRIAN,N/A,N/A,DRY,DAYLIGHT,TRAFFIC SIGNAL,N/A,N/A,F8FEBA48-9B36-451D-9E4C-25F6D1FFD008,PEDESTRIAN,Cross/Enter at Intersection,NO IMPROPER ACTIONS,AT INTERSECTION MARKED CROSSWALK,OBEYED PED. SIGNAL,N/A,No,SUSPECTED MINOR INJURY,N/A,38.99364667,-77.05222167,"(38.99364667, -77.05222167)"
MCP2598002Q,190013677,Montgomery County Police,Injury Crash,03/25/2019 07:47:00 AM,County,CASTLE BLVD,Unknown,TEAGARDEN CIR,,N/A,PEDESTRIAN,STRAIGHT MOVEMENT ANGLE,CLEAR,DRY,DAYLIGHT,NO CONTROLS,NONE DETECTED,NONE DETECTED,ACA66B1C-CED5-4A00-AEE4-8AE97A5BD90C,PEDESTRIAN,Cross/Enter not at Intersection,DART DASH,ON ROADWAY NOT AT CROSSWALK,NO PED. SIGNAL,DARK CLOTHING,Yes,POSSIBLE INJURY,NONE,39.08490667,-76.940445,"(39.08490667, -76.940445)"
MCP2546002N,190013501,Montgomery County Police,Injury Crash,03/23/2019 09:30:00 PM,Municipality,BEALL AVE #2,Other Public Roadway,MARYLAND AVE,,N/A,PEDESTRIAN,OTHER,CLEAR,DRY,DARK LIGHTS ON,OTHER,NONE DETECTED,NONE DETECTED,5B1EC8C1-6550-4256-89C7-2186946BBA54,PEDESTRIAN,Cross/Enter at Intersection,UNKNOWN,ON ROADWAY AT CROSSWALK,NO PED. SIGNAL,MIXED CLOTHING,Unknown,SUSPECTED SERIOUS INJURY,NONE,39.087085,-77.151238,"(39.087085, -77.151238)"
MCP2546002N,190013501,Montgomery County Police,Injury Crash,03/23/2019 09:30:00 PM,Municipality,BEALL AVE #2,Other Public Roadway,MARYLAND AVE,,N/A,PEDESTRIAN,OTHER,CLEAR,DRY,DARK LIGHTS ON,OTHER,NONE DETECTED,NONE DETECTED,5BAFBB88-CD4B-4B2F-92B6-3DACEBA0B04F,PEDESTRIAN,Cross/Enter at Intersection,UNKNOWN,ON ROADWAY AT CROSSWALK,NO PED. SIGNAL,DARK CLOTHING,Unknown,SUSPECTED SERIOUS INJURY,NONE,39.087085,-77.151238,"(39.087085, -77.151238)"
MCP3019002D,190019917,Montgomery County Police,Injury Crash,03/23/2019 08:00:00 PM,County,WOODMONT AVE,County,BETHESDA AVE,,N/A,PEDESTRIAN,OTHER,CLEAR,DRY,DUSK,NO CONTROLS,NONE DETECTED,UNKNOWN,E92A3F94-9E87-418E-B4CE-64E01821AD66,PEDESTRIAN,Other,IN ROADWAY IMPROPERLY,ON ROADWAY NOT AT CROSSWALK,N/A,UNKNOWN,Yes,POSSIBLE INJURY,NONE,38.98125078,-77.09545621,"(38.98125078, -77.09545621)"
MCP2353006T,190013243,Montgomery County Police,Injury Crash,03/22/2019 03:16:00 PM,,,,,PARKING LOT OF WILDWOOD SHOPPING CENTER,,PEDESTRIAN,SINGLE VEHICLE,CLOUDY,,DAYLIGHT,NO CONTROLS,NONE DETECTED,NONE DETECTED,3470886E-39CD-4AF0-AE3F-542590420CAE,PEDESTRIAN,Other,NO IMPROPER ACTIONS,OTHER,N/A,MIXED CLOTHING,No,SUSPECTED MINOR INJURY,NONE,39.02425167,-77.12442,"(39.02425167, -77.12442)"