Report Number,Local Case Number,Agency Name,ACRS Report Type,Crash Date/Time,Route Type,Road Name,Cross-Street Type,Cross-Street Name,Off-Road Description,Municipality,Related Non-Motorist,Collision Type,Weather,Surface Condition,Light,Traffic Control,Driver Substance Abuse,Non-Motorist Substance Abuse,Person ID,Pedestrian Type,Pedestrian Movement,Pedestrian Actions,Pedestrian Location,Pedestrian Obeyed Traffic Signal,Pedestrian Visibility,At Fault,Injury Severity,Safety Equipment,Latitude,Longitude,Location
DD5633000X,180057777,Rockville Police Departme,Injury Crash,11/17/2018 09:20:00 PM,Municipality,E MIDDLE LA,Maryland (State),HUNGERFORD DR,,N/A,PEDESTRIAN,SINGLE VEHICLE,CLEAR,DRY,DARK NO LIGHTS,TRAFFIC SIGNAL,NONE DETECTED,NONE DETECTED,F4F142FB-8B4D-41E1-B1DD-883916745819,PEDESTRIAN,Cross/Enter at Intersection,NO IMPROPER ACTIONS,ON ROADWAY AT CROSSWALK,OBEYED PED. SIGNAL,DARK CLOTHING,No,NO APPARENT INJURY,NONE,39.0853325,-77.14850933,"(39.0853325, -77.14850933)"
MCP3075001W,180057739,Montgomery County Police,Injury Crash,11/17/2018 04:07:00 PM,County,SHAKESPEARE BLVD,County,OBSERVATION DR,,N/A,PEDESTRIAN,OTHER,CLEAR,DRY,DAYLIGHT,NO CONTROLS,NONE DETECTED,NONE DETECTED,2E71615D-B61E-4F19-AE02-E54A05D6234A,PEDESTRIAN,Cross/Enter at Intersection,NO IMPROPER ACTIONS,ON ROADWAY AT CROSSWALK,N/A,MIXED CLOTHING,No,SUSPECTED MINOR INJURY,N/A,39.19745366,-77.25231727,"(39.19745366, -77.25231727)"
MCP1227000T,180057601,Montgomery County Police,Injury Crash,11/16/2018 11:10:00 PM,Maryland (State),CONNECTICUT AVE,County,JONES BRIDGE RD,,N/A,BICYCLIST,OTHER,CLEAR,DRY,DARK LIGHTS ON,TRAFFIC SIGNAL,NONE DETECTED,NONE DETECTED,C0A77A8E-CECE-46BB-B89E-81ABE51EB0FF,BICYCLIST,Cross/Enter at Intersection,FAILURE TO OBEY TRAFFIC SIGNS SIGNALS OR OFFICER,ON ROADWAY NOT AT CROSSWALK,N/A,UNKNOWN,Unknown,SUSPECTED SERIOUS INJURY,NONE,38.99987864,-77.0770297,"(38.99987864, -77.0770297)"
EJ7871000M,180057539,Gaithersburg Police Depar,Injury Crash,11/16/2018 04:44:00 PM,Municipality,MAIN ST,Municipality,MARKET ST E,,GAITHERSBURG,BICYCLIST,SINGLE VEHICLE,CLEAR,DRY,DAYLIGHT,STOP SIGN,NONE DETECTED,NONE DETECTED,62A9631E-50B4-440A-A585-A948F33C4872,BICYCLIST,Cross/Enter at Intersection,N/A,SIDEWALK,NO PED. SIGNAL,MIXED CLOTHING,No,POSSIBLE INJURY,NONE,39.12098333,-77.23647167,"(39.12098333, -77.23647167)"
MCP2617006G,180057456,Montgomery County Police,Property Damage Crash,11/16/2018 09:35:00 AM,Maryland (State),NORBECK RD,Maryland (State),GEORGIA AVE,,N/A,PEDESTRIAN,OTHER,CLEAR,WET,DAYLIGHT,TRAFFIC SIGNAL,NONE DETECTED,ALCOHOL CONTRIBUTED,B44B9881-D99F-4D22-B420-7A7A4ACB9ED9,PEDESTRIAN,Cross/Enter at Intersection,DART DASH,ON ROADWAY NOT AT CROSSWALK,DISOBEYED PED. SIGNAL,DARK CLOTHING,Yes,NO APPARENT INJURY,NONE,39.10963667,-77.07645833,"(39.10963667, -77.07645833)"
MCP23530066,180057453,Montgomery County Police,Injury Crash,11/16/2018 08:53:00 AM,County,MAYFIELD DR,County,LONE OAK DR,,N/A,PEDESTRIAN,SINGLE VEHICLE,CLOUDY,WET,DAYLIGHT,NO CONTROLS,UNKNOWN,NONE DETECTED,C5A1B403-4593-4DDB-9C4B-70FFC0959BB5,PEDESTRIAN,Cross/Enter at Intersection,NO IMPROPER ACTIONS,AT INTERSECTION MARKED CROSSWALK,NO PED. SIGNAL,LIGHT CLOTHING,No,SUSPECTED MINOR INJURY,NONE,39.02067018,-77.13102063,"(39.02067018, -77.13102063)"
MCP3105001G,180057342,Montgomery County Police,Injury Crash,11/15/2018 02:17:00 PM,Maryland (State),CLOPPER RD,Other Public Roadway,ALLSPICE RD,,N/A,PEDESTRIAN,SINGLE VEHICLE,WINTRY MIX,SNOW,DAYLIGHT,N/A,NONE DETECTED,NONE DETECTED,AC6D9279-9996-4CAD-AF5B-C07A3327D87B,PEDESTRIAN,Standing,DISABLED VEHICLE RELATED,SHOULDER,N/A,MIXED CLOTHING,No,SUSPECTED MINOR INJURY,N/A,39.15485383,-77.25850067,"(39.15485383, -77.25850067)"
MCP2861003P,180057193,Montgomery County Police,Injury Crash,11/14/2018 07:28:00 PM,County,SEVEN LOCKS RD,Other Public Roadway,SCOTLAND DR,,N/A,PEDESTRIAN,OTHER,CLEAR,DRY,DARK LIGHTS ON,NO CONTROLS,NONE DETECTED,NONE DETECTED,42B2018B-3972-433A-BAE7-8ED881C6CDA5,PEDESTRIAN,Cross/Enter not at Intersection,NO IMPROPER ACTIONS,ON ROADWAY AT CROSSWALK,NO PED. SIGNAL,DARK CLOTHING,No,SUSPECTED MINOR INJURY,N/A,39.03123833,-77.161505,"(39.03123833, -77.161505)"
MCP2931002Z,180057149,Montgomery County Police,Injury Crash,11/14/2018 03:49:00 PM,Maryland (State),ROCKVILLE PIKE,Unknown,ENT TO TOWNE PLAZA,,N/A,PEDESTRIAN,N/A,CLEAR,DRY,DAYLIGHT,TRAFFIC SIGNAL,UNKNOWN,N/A,505F4779-54F8-4D38-89D4-B18631185AD2,PEDESTRIAN,Cross/Enter at Intersection,NO IMPROPER ACTIONS,AT INTERSECTION MARKED CROSSWALK,OBEYED PED. SIGNAL,DARK CLOTHING,No,SUSPECTED MINOR INJURY,N/A,39.05614739,-77.11919663,"(39.05614739, -77.11919663)"
MCP2203003L,180057062,Montgomery County Police,Injury Crash,11/14/2018 06:12:00 AM,Maryland (State),VEIRS MILL RD,County,CENTERHILL ST,,N/A,PEDESTRIAN,STRAIGHT MOVEMENT ANGLE,CLEAR,DRY,DARK NO LIGHTS,NO CONTROLS,UNKNOWN,NONE DETECTED,016CD83F-DC56-448A-9842-55EEFE49F413,PEDESTRIAN,Cross/Enter not at Intersection,IN ROADWAY IMPROPERLY,ON ROADWAY NOT AT CROSSWALK,NO PED. SIGNAL,DARK CLOTHING,Yes,POSSIBLE INJURY,N/A,39.05034667,-77.072875,"(39.05034667, -77.072875)"
MCP26990016,180057058,Montgomery County Police,Injury Crash,11/14/2018 04:30:00 AM,County,PARKLAWN DR,County,WILKINS AVE,,N/A,PEDESTRIAN,SINGLE VEHICLE,CLEAR,DRY,DARK LIGHTS ON,FLASHING TRAFFIC SIGNAL,UNKNOWN,NONE DETECTED,2090ECE2-A50E-4BFF-A212-AE9D7EDBA328,PEDESTRIAN,Cross/Enter at Intersection,NO IMPROPER ACTIONS,ON ROADWAY AT CROSSWALK,UNKNOWN,MIXED CLOTHING,No,POSSIBLE INJURY,NONE,39.06124833,-77.11213667,"(39.06124833, -77.11213667)"
MCP3137000J,180056836,Montgomery County Police,Injury Crash,11/12/2018 07:58:00 PM,Maryland (State),UNIVERSITY BLVD E,County,E FRANKLIN AVE,,N/A,PEDESTRIAN,SINGLE VEHICLE,RAINING,WET,DARK LIGHTS ON,TRAFFIC SIGNAL,NONE DETECTED,NONE DETECTED,135DE0D8-DCB3-47B7-A37E-749F0999ECFC,PEDESTRIAN,Cross/Enter at Intersection,NO IMPROPER ACTIONS,AT INTERSECTION MARKED CROSSWALK,OBEYED PED. SIGNAL,DARK CLOTHING,No,POSSIBLE INJURY,N/A,39.01213633,-77.00261201,"(39.01213633, -77.00261201)"
MCP14330022,180056822,Montgomery County Police,Injury Crash,11/12/2018 06:50:00 PM,Maryland (State),ROCKVILLE PIKE,Municipality,HALPINE RD,,ROCKVILLE,PEDESTRIAN,OTHER,RAINING,WET,DARK LIGHTS ON,TRAFFIC SIGNAL,NONE DETECTED,NONE DETECTED,9BF51C62-6A62-4FC1-91A1-65A1268D5A2B,PEDESTRIAN,Cross/Enter at Intersection,NO IMPROPER ACTIONS,AT INTERSECTION MARKED CROSSWALK,OBEYED PED. SIGNAL,MIXED CLOTHING,No,SUSPECTED MINOR INJURY,N/A,39.06211,-77.12384167,"(39.06211, -77.12384167)"
MCP0899003H,180056281,Montgomery County Police,Injury Crash,11/12/2018 06:48:00 PM,County,ARLINGTON RD,County,ELM ST,,N/A,PEDESTRIAN,OTHER,RAINING,WET,DARK LIGHTS ON,TRAFFIC SIGNAL,NONE DETECTED,NONE DETECTED,7CDFCAA8-BF6E-4D9A-B8FB-CB7253863692,PEDESTRIAN,Cross/Enter at Intersection,NO IMPROPER ACTIONS,AT INTERSECTION MARKED CROSSWALK,OBEYED PED. SIGNAL,LIGHT CLOTHING,No,SUSPECTED MINOR INJURY,N/A,38.98382833,-77.11531,"(38.98382833, -77.11531)"
MCP3075001V,180056814,Montgomery County Police,Injury Crash,11/12/2018 06:24:00 PM,,,,,"STAPLES PARKING LOT,
 LOCATED AT 20906A FREDERICK RD, GERMANTOWN, MD",,PEDESTRIAN,SINGLE VEHICLE,RAINING,,DARK LIGHTS ON,N/A,NONE DETECTED,NONE DETECTED,A6882AE5-C3B1-466D-BD6C-01BA0A463C13,PEDESTRIAN,Cross/Enter not at Intersection,IN ROADWAY IMPROPERLY,ON ROADWAY NOT AT CROSSWALK,NO PED. SIGNAL,DARK CLOTHING,Yes,POSSIBLE INJURY,N/A,39.19905167,-77.24735,"(39.19905167, -77.24735)"
DM8423001V,180056807,Takoma Park Police Depart,Injury Crash,11/12/2018 06:00:00 PM,Municipality,FLOWER AVE,Maryland (State),FLOWER AVE (AHEAD),,N/A,PEDESTRIAN,N/A,RAINING,WET,DARK LIGHTS ON,STOP SIGN,NONE DETECTED,N/A,9A462FAF-9D5C-486D-B72F-8B9855552D02,PEDESTRIAN,Cross/Enter not at Intersection,UNKNOWN,ON ROADWAY NOT AT CROSSWALK,N/A,DARK CLOTHING,Unknown,SUSPECTED MINOR INJURY,N/A,38.98690833,-77.00008,"(38.98690833, -77.00008)"
MCP2546002L,180056820,Montgomery County Police,Injury Crash,11/12/2018 05:20:00 PM,Municipality,BEALL AVE #2,Municipality,GIBBS STREET,,ROCKVILLE,PEDESTRIAN,OTHER,RAINING,WET,DARK LIGHTS ON,NO CONTROLS,NONE DETECTED,NONE DETECTED,929E3424-88B4-4B92-BBA8-E0063E73B6F4,PEDESTRIAN,Unknown,UNKNOWN,UNKNOWN,UNKNOWN,LIGHT CLOTHING,Unknown,SUSPECTED SERIOUS INJURY,N/A,39.087058,-77.15198,"(39.087058, -77.15198)"
MCP2946002X,180056753,Montgomery County Police,Injury Crash,11/12/2018 02:07:00 PM,,,,,9936 MAIN STREET,,PEDESTRIAN,SINGLE VEHICLE,CLOUDY,,DAYLIGHT,NO CONTROLS,NONE DETECTED,NONE DETECTED,4ECAB87B-955F-4431-9862-E07135F4BDC4,PEDESTRIAN,Cross/Enter at Intersection,UNKNOWN,AT INTERSECTION BUT NO CROSSWALK,NO PED. SIGNAL,DARK CLOTHING,No,POSSIBLE INJURY,N/A,39.2883,-77.20557333,"(39.2883, -77.20557333)"
MCP29840011,180056926,Montgomery County Police,Injury Crash,11/12/2018 07:30:00 AM,Maryland (State),GREAT SENECA HWY,Maryland (State),CLOPPER RD,,N/A,PEDESTRIAN,OTHER,N/A,DRY,DAYLIGHT,TRAFFIC SIGNAL,UNKNOWN,N/A,3BE65B21-A7EB-4769-B664-1F4A1CEDC094,PEDESTRIAN,Cross/Enter at Intersection,INATTENTIVE,AT INTERSECTION MARKED CROSSWALK,OBEYED PED. SIGNAL,UNKNOWN,No,SUSPECTED MINOR INJURY,N/A,39.15906485,-77.27519333,"(39.15906485, -77.27519333)"
DD5624001M,180056733,Rockville Police Departme,Injury Crash,11/10/2018 02:15:00 PM,Municipality,HALPINE RD,Maryland (State),ROCKVILLE PIKE,,N/A,PEDESTRIAN,OTHER,UNKNOWN,UNKNOWN,UNKNOWN,TRAFFIC SIGNAL,UNKNOWN,NONE DETECTED,9A13E283-8AC7-4F71-98FD-783ADFEEB139,PEDESTRIAN,Cross/Enter at Intersection,NO IMPROPER ACTIONS,ON ROADWAY AT CROSSWALK,OBEYED PED. SIGNAL,UNKNOWN,Unknown,POSSIBLE INJURY,NONE,39.06191817,-77.12396861,"(39.06191817, -77.12396861)"
MCP3143000R,180056364,Montgomery County Police,Injury Crash,11/09/2018 06:44:00 PM,County,EXECUTIVE BLVD,County,MARINELLI RD,,N/A,PEDESTRIAN,OTHER,RAINING,WET,DARK LIGHTS ON,TRAFFIC SIGNAL,NONE DETECTED,NONE DETECTED,C2314996-CF3F-47D5-8D37-B45F104BFCA9,PEDESTRIAN,Cross/Enter at Intersection,NO IMPROPER ACTIONS,N/A,UNKNOWN,DARK CLOTHING,No,SUSPECTED MINOR INJURY,NONE,39.046515,-77.11683167,"(39.046515, -77.11683167)"
MCP2586004F,180056363,Montgomery County Police,Injury Crash,11/09/2018 06:31:00 PM,County,STEWART LA,County,OLD COLUMBIA PIKE,,N/A,PEDESTRIAN,OTHER,CLEAR,DRY,DARK LIGHTS ON,NO CONTROLS,UNKNOWN,NONE DETECTED,25D81DF1-1BA8-4263-A0C8-33EB50D0FC75,PEDESTRIAN,Cross/Enter at Intersection,NO IMPROPER ACTIONS,ON ROADWAY AT CROSSWALK,N/A,MIXED CLOTHING,No,POSSIBLE INJURY,N/A,39.04625267,-76.98656163,"(39.04625267, -76.98656163)"
MCP3160000V,180056359,Montgomery County Police,Injury Crash,11/09/2018 06:30:00 PM,County,WESTLAKE DR,County,DEMOCRACY BLVD,,N/A,PEDESTRIAN,SINGLE VEHICLE,RAINING,WET,DARK LIGHTS ON,OTHER,NONE DETECTED,NONE DETECTED,FCC25F64-A363-4069-8D6F-F3F7497E899C,PEDESTRIAN,Cross/Enter at Intersection,NO IMPROPER ACTIONS,ON ROADWAY AT CROSSWALK,OBEYED PED. SIGNAL,LIGHT CLOTHING,No,POSSIBLE INJURY,NONE,39.02276779,-77.15064496,"(39.02276779, -77.15064496)"
MCP2868002M,180056349,Montgomery County Police,Injury Crash,11/09/2018 05:59:00 PM,Maryland (State),ROCKVILLE PIKE,County,MARINELLI RD,,N/A,PEDESTRIAN,OTHER,RAINING,WET,DARK LIGHTS ON,TRAFFIC SIGNAL,NONE DETECTED,NONE DETECTED,841270CF-73CD-43AD-8017-6FB5CAE0630A,PEDESTRIAN,Cross/Enter at Intersection,NO IMPROPER ACTIONS,AT INTERSECTION MARKED CROSSWALK,OBEYED PED. SIGNAL,MIXED CLOTHING,No,POSSIBLE INJURY,NONE,39.04725167,-77.112785,"(39.04725167, -77.112785)"
MCP137800NF,180056286,Montgomery County Police,Injury Crash,11/09/2018 12:27:00 PM,Maryland (State),CLOPPER RD,Municipality,METROPOLITAN GROVE RD,,GAITHERSBURG,PEDESTRIAN,SINGLE VEHICLE,RAINING,WET,DAYLIGHT,TRAFFIC SIGNAL,NONE DETECTED,NONE DETECTED,CF670503-CE2D-45A1-9E07-9F046A46B23B,PEDESTRIAN,Cross/Enter at Intersection,NO IMPROPER ACTIONS,ON ROADWAY AT CROSSWALK,OBEYED PED. SIGNAL,DARK CLOTHING,No,SUSPECTED MINOR INJURY,NONE,39.146305,-77.22842667,"(39.146305, -77.22842667)"
MCP0036008Q,180056136,Montgomery County Police,Injury Crash,11/08/2018 05:02:00 PM,,,,,PARKING LOT IN FRONT OF 13007 WISTERIA DR,,PEDESTRIAN,SINGLE VEHICLE,CLEAR,,DARK LIGHTS ON,NO CONTROLS,NONE DETECTED,NONE DETECTED,0C07A55B-04CF-4C7F-BF1F-EBA4B3598BA3,PEDESTRIAN,Other,NO IMPROPER ACTIONS,OTHER,N/A,MIXED CLOTHING,No,SUSPECTED MINOR INJURY,NONE,39.17850333,-77.27039333,"(39.17850333, -77.27039333)"
MCP2436006F,180056096,Montgomery County Police,Injury Crash,11/08/2018 12:30:00 PM,,,,,"REAR PARKING LOT OF 2 UNIVERSITY BLVD W, SILVER SPRING, MD 20903",,PEDESTRIAN,SINGLE VEHICLE,CLEAR,,DAYLIGHT,N/A,NONE DETECTED,NONE DETECTED,CA956A20-A196-4722-BF00-FA9E53440606,PEDESTRIAN,Standing,N/A,OTHER,N/A,LIGHT CLOTHING,No,POSSIBLE INJURY,N/A,39.01997033,-77.01366017,"(39.01997033, -77.01366017)"
MCP2001000Y,180055959,Montgomery County Police,Fatal Crash,11/07/2018 06:26:00 PM,County,RANDOLPH RD,County,GOODHILL RD,,N/A,BICYCLIST,SINGLE VEHICLE,CLEAR,DRY,DARK NO LIGHTS,NO CONTROLS,NONE DETECTED,UNKNOWN,A427B853-012B-496B-9019-F3B2BFD95FBE,BICYCLIST,Unknown,IN ROADWAY IMPROPERLY,ON ROADWAY NOT AT CROSSWALK,N/A,DARK CLOTHING,Unknown,FATAL INJURY,NONE,39.05834631,-77.0711911,"(39.05834631, -77.0711911)"
MCP91300069,180055863,Montgomery County Police,Injury Crash,11/07/2018 08:49:00 AM,County,BARRON ST,County,BAYFIELD ST,,N/A,PEDESTRIAN,SINGLE VEHICLE,N/A,DRY,DAYLIGHT,NO CONTROLS,NONE DETECTED,N/A,D45E7493-02B4-4572-B5D1-4173FFB3B30B,PEDESTRIAN,Standing,OTHER,OTHER,N/A,DARK CLOTHING,No,POSSIBLE INJURY,NONE,38.99605067,-76.99765652,"(38.99605067, -76.99765652)"
MCP2931002Y,180055752,Montgomery County Police,Injury Crash,11/06/2018 08:36:00 PM,County,E JEFFERSON ST,Unknown,CALIFORNIA CIR,,N/A,PEDESTRIAN,OTHER,FOGGY,WET,DARK LIGHTS ON,TRAFFIC SIGNAL,N/A,N/A,C5B1F8BE-04CC-493B-ADBD-890B14217573,PEDESTRIAN,Cross/Enter at Intersection,UNKNOWN,ON ROADWAY AT CROSSWALK,OBEYED PED. SIGNAL,DARK CLOTHING,No,POSSIBLE INJURY,N/A,39.0562,-77.12626,"(39.0562, -77.12626)"
MCP27100029,180055748,Montgomery County Police,Injury Crash,11/06/2018 08:30:00 PM,Municipality,S SUMMIT AVE,Maryland (State),S FREDERICK RD,,N/A,PEDESTRIAN,OTHER,RAINING,WET,DARK LIGHTS ON,N/A,NONE DETECTED,N/A,3F3A054B-B5C6-479C-8569-892CD9CE838D,PEDESTRIAN,Cross/Enter not at Intersection,DART DASH,ON ROADWAY NOT AT CROSSWALK,NO PED. SIGNAL,MIXED CLOTHING,Yes,SUSPECTED MINOR INJURY,N/A,39.139655,-77.19382,"(39.139655, -77.19382)"
MCP3093001B,180055536,Montgomery County Police,Injury Crash,11/05/2018 06:40:00 PM,County,NICHOLSON LA,County,NICHOLSON CT,,N/A,PEDESTRIAN,N/A,RAINING,WET,DARK LIGHTS ON,TRAFFIC SIGNAL,N/A,N/A,FE17AA39-C1F6-462C-830B-A68C238F1FA1,PEDESTRIAN,Cross/Enter at Intersection,NO IMPROPER ACTIONS,ON ROADWAY AT CROSSWALK,OBEYED PED. SIGNAL,DARK CLOTHING,No,POSSIBLE INJURY,NONE,39.04532667,-77.105245,"(39.04532667, -77.105245)"
MCP1022009Y,180055395,Montgomery County Police,Injury Crash,11/05/2018 06:03:00 AM,Maryland (State),CLOPPER RD,Unknown,STRUC #15094 GUNNERS BRANCH,,N/A,PEDESTRIAN,SINGLE VEHICLE,RAINING,WET,DARK NO LIGHTS,NO CONTROLS,NONE DETECTED,UNKNOWN,87F63323-E686-4F98-8530-1947A113C8D9,PEDESTRIAN,Walking/Riding w/Traffic,IN ROADWAY IMPROPERLY,ON ROADWAY NOT AT CROSSWALK,NO PED. SIGNAL,DARK CLOTHING,Yes,SUSPECTED SERIOUS INJURY,N/A,39.15578167,-77.26199167,"(39.15578167, -77.26199167)"
EJ7826003N,180055326,Gaithersburg Police Depar,Injury Crash,11/04/2018 01:55:00 PM,Municipality,W DEER PARK RD,Maryland (State),S FREDERICK RD,,N/A,PEDESTRIAN,OTHER,CLEAR,DRY,DAYLIGHT,TRAFFIC SIGNAL,N/A,N/A,E500FA17-74C5-4C70-94EF-59BA8EB4F110,PEDESTRIAN,Cross/Enter at Intersection,FAILURE TO OBEY TRAFFIC SIGNS SIGNALS OR OFFICER,AT INTERSECTION MARKED CROSSWALK,DISOBEYED PED. SIGNAL,MIXED CLOTHING,Yes,POSSIBLE INJURY,NONE,39.13210515,-77.18903474,"(39.13210515, -77.18903474)"
DD5633000T,180055238,Rockville Police Departme,Property Damage Crash,11/03/2018 09:27:00 PM,Municipality,WOOTTON PKWY,Municipality,W EDMONSTON DR,,ROCKVILLE,BICYCLIST,SINGLE VEHICLE,CLEAR,DRY,DARK LIGHTS ON,TRAFFIC SIGNAL,NONE DETECTED,NONE DETECTED,D19F4527-2A3A-4DED-AB62-98FC68FF23AD,BICYCLIST,Cross/Enter at Intersection,NOT VISIBLE,AT INTERSECTION MARKED CROSSWALK,DISOBEYED PED. SIGNAL,DARK CLOTHING,No,NO APPARENT INJURY,NONE,39.07287556,-77.1381867,"(39.07287556, -77.1381867)"
MCP1151008J,180054939,Montgomery County Police,Injury Crash,11/02/2018 07:50:00 AM,Maryland (State),FREDERICK RD,Other Public Roadway,STRINGTOWN RD,,N/A,PEDESTRIAN,OTHER,CLOUDY,WET,DAYLIGHT,TRAFFIC SIGNAL,NONE DETECTED,NONE DETECTED,5FF08532-DBD3-425D-8ED6-3DE9BC5E0774,PEDESTRIAN,Cross/Enter at Intersection,NO IMPROPER ACTIONS,ON ROADWAY AT CROSSWALK,OBEYED PED. SIGNAL,MIXED CLOTHING,No,SUSPECTED MINOR INJURY,N/A,39.2374285,-77.2782255,"(39.2374285, -77.2782255)"
MCP10640087,180054932,Montgomery County Police,Injury Crash,11/02/2018 07:22:00 AM,County,SECOND AVE,County,LUZERNE AVE,,N/A,PEDESTRIAN,OTHER,CLOUDY,DRY,DARK LIGHTS ON,STOP SIGN,N/A,N/A,D4DF902E-EE66-46BB-86C6-2DCA187296EA,PEDESTRIAN,Cross/Enter at Intersection,NO IMPROPER ACTIONS,ON ROADWAY AT CROSSWALK,N/A,DARK CLOTHING,No,SUSPECTED SERIOUS INJURY,N/A,39.00658333,-77.04286,"(39.00658333, -77.04286)"
MCP3014001W,180054797,Montgomery County Police,Injury Crash,11/01/2018 03:01:00 PM,,,,,"SIDEWALK IN FRONT OF 14101 GEORGIA AVENUE SILVER SPRING, MARYLAND 20906",,PEDESTRIAN,OTHER,CLEAR,,DAYLIGHT,NO CONTROLS,NONE DETECTED,NONE DETECTED,9D13568A-A7DF-422B-9D9C-39EAACADE8FB,PEDESTRIAN,Other,NO IMPROPER ACTIONS,SIDEWALK,N/A,N/A,No,SUSPECTED MINOR INJURY,NONE,39.08505,-77.07823167,"(39.08505, -77.07823167)"
MCP1015002C,180054761,Montgomery County Police,Injury Crash,11/01/2018 09:57:00 AM,Maryland (State),FREDERICK RD,County,MIDDLEBROOK RD,,N/A,PEDESTRIAN,SINGLE VEHICLE,CLEAR,DRY,DAYLIGHT,NO CONTROLS,NONE DETECTED,NONE DETECTED,E4F35BF7-0EBF-4438-9FBA-F4804FA78BA9,PEDESTRIAN,Other,NO IMPROPER ACTIONS,OTHER,N/A,DARK CLOTHING,No,SUSPECTED MINOR INJURY,N/A,39.18054333,-77.23858333,"(39.18054333, -77.23858333)"
MCP2987004F,180054734,Montgomery County Police,Injury Crash,11/01/2018 06:21:00 AM,Maryland (State),NEW HAMPSHIRE AVE,County,NORTHAMPTON DR,,N/A,PEDESTRIAN,STRAIGHT MOVEMENT ANGLE,CLEAR,DRY,DARK LIGHTS ON,NO CONTROLS,NONE DETECTED,NONE DETECTED,40094AB5-4347-4C63-92A3-68371C1CA2CC,PEDESTRIAN,Cross/Enter not at Intersection,IN ROADWAY IMPROPERLY,ON ROADWAY NOT AT CROSSWALK,NO PED. SIGNAL,DARK CLOTHING,Yes,SUSPECTED SERIOUS INJURY,NONE,39.007785,-76.97982333,"(39.007785, -76.97982333)"
MCP3096001L,180054668,Montgomery County Police,Injury Crash,10/31/2018 08:41:00 PM,,,,,CROSS WALK IN FRONT OF CHECKERS AT 16171 SHADY GROVE RD GAITHERSBURG MD 20877,,PEDESTRIAN,SINGLE VEHICLE,CLEAR,,DUSK,NO CONTROLS,NONE DETECTED,NONE DETECTED,0F3D5FB4-133E-4971-AF57-ED646683A8BE,PEDESTRIAN,Cross/Enter at Intersection,NO IMPROPER ACTIONS,ON ROADWAY AT CROSSWALK,NO PED. SIGNAL,LIGHT CLOTHING,No,SUSPECTED MINOR INJURY,N/A,39.121035,-77.178015,"(39.121035, -77.178015)"
MCP29830034,180054646,Montgomery County Police,Injury Crash,10/31/2018 06:30:00 PM,County,BELVEDERE BLVD,Maryland (State),GEORGIA AVE,,N/A,BICYCLIST,STRAIGHT MOVEMENT ANGLE,CLEAR,DRY,DARK NO LIGHTS,STOP SIGN,NONE DETECTED,NONE DETECTED,33C0304F-5CBD-4399-969D-DA72C0281B80,BICYCLIST,Cross/Enter at Intersection,NOT VISIBLE,SIDEWALK,NO PED. SIGNAL,DARK CLOTHING,No,POSSIBLE INJURY,MC/BIKE HELMET,39.019225,-77.04421833,"(39.019225, -77.04421833)"
MCP2077002P,180054320,Montgomery County Police,Injury Crash,10/31/2018 07:10:00 AM,Maryland (State),GEORGIA AVE,County,SHOREFIELD RD,,N/A,PEDESTRIAN,OTHER,CLEAR,DRY,DARK -- UNKNOWN LIGHTING,TRAFFIC SIGNAL,UNKNOWN,NONE DETECTED,004C011E-36AB-4E25-BD8D-1ADE34C09A51,PEDESTRIAN,Cross/Enter at Intersection,UNKNOWN,ON ROADWAY AT CROSSWALK,OBEYED PED. SIGNAL,UNKNOWN,Unknown,SUSPECTED MINOR INJURY,NONE,39.053,-77.051,"(39.053, -77.051)"
MCP137800NB,180054452,Montgomery County Police,Injury Crash,10/30/2018 07:09:00 PM,County,SHADY GROVE RD,County,EPSILON DR,,N/A,PEDESTRIAN,OTHER,CLEAR,DRY,DARK LIGHTS ON,TRAFFIC SIGNAL,NONE DETECTED,NONE DETECTED,E26894B9-C9E3-41A3-990D-C76180634102,PEDESTRIAN,Cross/Enter at Intersection,IN ROADWAY IMPROPERLY,ON ROADWAY AT CROSSWALK,DISOBEYED PED. SIGNAL,DARK CLOTHING,Yes,SUSPECTED SERIOUS INJURY,N/A,39.138375,-77.15363833,"(39.138375, -77.15363833)"
MCP3131000N,180054048,Montgomery County Police,Injury Crash,10/28/2018 07:16:00 PM,County,WESTLAKE DR,Other Public Roadway,LAKEVIEW DR,,N/A,PEDESTRIAN,SINGLE VEHICLE,RAINING,WET,DARK LIGHTS ON,OTHER,NONE DETECTED,NONE DETECTED,9F310458-E964-4D68-A567-7182CC26AF92,PEDESTRIAN,Cross/Enter at Intersection,NO IMPROPER ACTIONS,ON ROADWAY AT CROSSWALK,OBEYED PED. SIGNAL,DARK CLOTHING,No,SUSPECTED SERIOUS INJURY,NONE,39.026475,-77.14827333,"(39.026475, -77.14827333)"
MCP3109001C,180053981,Montgomery County Police,Property Damage Crash,10/28/2018 12:15:00 PM,Maryland (State),EAST WEST HWY,County,BLAIR MILL RD,,N/A,PEDESTRIAN,SAME DIR REAR END,CLEAR,DRY,DAYLIGHT,NO CONTROLS,NONE DETECTED,NONE DETECTED,1FAF08C5-D8DE-4B64-BF67-200BB8475BB2,PEDESTRIAN,Cross/Enter not at Intersection,NO IMPROPER ACTIONS,ON ROADWAY AT CROSSWALK,NO PED. SIGNAL,DARK CLOTHING,No,NO APPARENT INJURY,NONE,38.99169317,-77.03045817,"(38.99169317, -77.03045817)"