Report Number,Local Case Number,Agency Name,ACRS Report Type,Crash Date/Time,Route Type,Road Name,Cross-Street Type,Cross-Street Name,Off-Road Description,Municipality,Related Non-Motorist,Collision Type,Weather,Surface Condition,Light,Traffic Control,Driver Substance Abuse,Non-Motorist Substance Abuse,Person ID,Pedestrian Type,Pedestrian Movement,Pedestrian Actions,Pedestrian Location,Pedestrian Obeyed Traffic Signal,Pedestrian Visibility,At Fault,Injury Severity,Safety Equipment,Latitude,Longitude,Location
EJ7871000L,180053899,Gaithersburg Police Depar,Injury Crash,10/27/2018 10:44:00 PM,Municipality,GIRARD ST,County,N SUMMIT AVE,,N/A,PEDESTRIAN,SINGLE VEHICLE,CLEAR,DRY,DARK LIGHTS ON,TRAFFIC SIGNAL,NONE DETECTED,ALCOHOL PRESENT,234FFC37-6F5D-405F-A349-452F93C6098D,PEDESTRIAN,Cross/Enter at Intersection,FAILURE TO YIELD RIGHT OF WAY,ON ROADWAY NOT AT CROSSWALK,DISOBEYED PED. SIGNAL,DARK CLOTHING,Yes,SUSPECTED SERIOUS INJURY,N/A,39.15085632,-77.19262703,"(39.15085632, -77.19262703)"
MCP0973000X,180053881,Montgomery County Police,Injury Crash,10/27/2018 06:53:00 PM,Maryland (State),WISCONSIN AVE,County,COMMERCE LA,,N/A,PEDESTRIAN,SINGLE VEHICLE,CLOUDY,DRY,DARK LIGHTS ON,NO CONTROLS,NONE DETECTED,NONE DETECTED,5B271D55-34C7-42DA-A94B-1289D08EA6FB,PEDESTRIAN,Cross/Enter at Intersection,NO IMPROPER ACTIONS,ON ROADWAY AT CROSSWALK,NO PED. SIGNAL,DARK CLOTHING,No,SUSPECTED MINOR INJURY,NONE,38.98577167,-77.094735,"(38.98577167, -77.094735)"
MCP2436006C,180053814,Montgomery County Police,Injury Crash,10/27/2018 12:47:00 PM,Maryland (State),PINEY BRANCH RD,County,CARROLL AVE,,N/A,PEDESTRIAN,STRAIGHT MOVEMENT ANGLE,RAINING,WET,DAYLIGHT,TRAFFIC SIGNAL,NONE DETECTED,NONE DETECTED,C07E20BE-C71F-4D6E-AF8D-9425B75DF0C7,PEDESTRIAN,Cross/Enter not at Intersection,NO IMPROPER ACTIONS,ON ROADWAY NOT AT CROSSWALK,DISOBEYED PED. SIGNAL,DARK CLOTHING,Yes,SUSPECTED MINOR INJURY,NONE,38.99992424,-76.99094363,"(38.99992424, -76.99094363)"
MCP25980021,180053745,Montgomery County Police,Injury Crash,10/26/2018 09:08:00 PM,Maryland (State),PINEY BRANCH RD,County,SILVER SPRING AVE,,N/A,PEDESTRIAN,STRAIGHT MOVEMENT ANGLE,RAINING,WET,DARK LIGHTS ON,NO CONTROLS,N/A,N/A,DB2F230C-3323-45C8-A118-8A0E5E4F793A,PEDESTRIAN,Cross/Enter not at Intersection,IN ROADWAY IMPROPERLY,OUTSIDE RIGHT OF WAY,DISOBEYED PED. SIGNAL,MIXED CLOTHING,Yes,SUSPECTED MINOR INJURY,NONE,38.99349176,-77.00914788,"(38.99349176, -77.00914788)"
MCP3051002D,180053703,Montgomery County Police,Injury Crash,10/26/2018 04:29:00 PM,Maryland (State),OLD GEORGETOWN RD,County,CORDELL AVE,,N/A,PEDESTRIAN,OTHER,CLEAR,DRY,DAYLIGHT,NO CONTROLS,NONE DETECTED,NONE DETECTED,7CC39BC0-0B51-48F4-A2F0-67B46AF0E0B9,PEDESTRIAN,Cross/Enter at Intersection,NO IMPROPER ACTIONS,ON ROADWAY AT CROSSWALK,UNKNOWN,MIXED CLOTHING,No,POSSIBLE INJURY,NONE,38.98812833,-77.09979333,"(38.98812833, -77.09979333)"
MCP0973000W,180053691,Montgomery County Police,Injury Crash,10/26/2018 03:21:00 PM,County,MONTGOMERY LA,County,WOODMONT AVE,,N/A,PEDESTRIAN,SINGLE VEHICLE,CLOUDY,WET,DAYLIGHT,TRAFFIC SIGNAL,NONE DETECTED,NONE DETECTED,4AC3761A-675C-4429-BF62-9F8365587C84,PEDESTRIAN,Cross/Enter at Intersection,FAILURE TO OBEY TRAFFIC SIGNS SIGNALS OR OFFICER,ON ROADWAY AT CROSSWALK,DISOBEYED PED. SIGNAL,DARK CLOTHING,Yes,SUSPECTED MINOR INJURY,N/A,38.98390667,-77.09543667,"(38.98390667, -77.09543667)"
MCP2960003G,180053659,Montgomery County Police,Injury Crash,10/26/2018 01:15:00 PM,,NORTH LEISURE WORLD BLVD,,TWIN BRANCHES DR,,N/A,BICYCLIST,OTHER,N/A,DRY,DAYLIGHT,NO CONTROLS,N/A,N/A,C82ADA61-5B83-43DD-B086-B0674F1807E6,BICYCLIST,Walking/Riding w/Traffic,NO IMPROPER ACTIONS,ON ROADWAY NOT AT CROSSWALK,NO PED. SIGNAL,MIXED CLOTHING,No,SUSPECTED SERIOUS INJURY,MC/BIKE HELMET,39.10860833,-77.071785,"(39.10860833, -77.071785)"
MCP1436000B,180053661,Montgomery County Police,Property Damage Crash,10/26/2018 12:55:00 PM,,,,,PARKING LOT MONTROSE  CROSSING CENTER,,OTHER,N/A,N/A,,N/A,N/A,NONE DETECTED,NONE DETECTED,6809E70E-D232-4B8D-A094-DFBAC87D1E3D,OTHER,N/A,N/A,N/A,N/A,N/A,No,NO APPARENT INJURY,N/A,39.05461333,-77.11401667,"(39.05461333, -77.11401667)"
MCP271700L5,180053407,Montgomery County Police,Injury Crash,10/25/2018 07:31:00 AM,County,CASTLE BLVD,Unknown,TEAGARDEN CIR,,N/A,PEDESTRIAN,OTHER,CLEAR,DRY,DAWN,NO CONTROLS,NONE DETECTED,NONE DETECTED,284ECC41-1375-4F9B-8852-B4C5F0245C6B,PEDESTRIAN,Cross/Enter not at Intersection,DART DASH,ON ROADWAY NOT AT CROSSWALK,NO PED. SIGNAL,MIXED CLOTHING,Yes,SUSPECTED MINOR INJURY,NONE,39.0824985,-76.943588,"(39.0824985, -76.943588)"
MCP27600023,180053401,Montgomery County Police,Property Damage Crash,10/25/2018 04:16:00 AM,County,MONTGOMERY VILLAGE AVE,Maryland (State),MIDCOUNTY HWY,,N/A,OTHER,SINGLE VEHICLE,CLEAR,DRY,DARK LIGHTS ON,NO CONTROLS,N/A,N/A,3230DDA0-8294-4751-90AF-F9F2AFB29CD2,OTHER,N/A,N/A,N/A,N/A,N/A,Yes,NO APPARENT INJURY,N/A,39.160035,-77.20232167,"(39.160035, -77.20232167)"
MCP229800L8,180053322,Montgomery County Police,Injury Crash,10/24/2018 05:33:00 PM,,,,,PARKING LOT OF 22222 DAVIS MILL RD,,"MACHINE OPERATOR/RIDER, OTHER",OTHER,CLEAR,,DAYLIGHT,NO CONTROLS,,NONE DETECTED,9B46E634-02FE-4FB2-A79F-5F5601A80AFA,MACHINE OPERATOR/RIDER,N/A,OTHER,OTHER,N/A,N/A,Unknown,POSSIBLE INJURY,N/A,39.221495,-77.2227965,"(39.221495, -77.2227965)"
MCP229800L8,180053322,Montgomery County Police,Injury Crash,10/24/2018 05:33:00 PM,,,,,PARKING LOT OF 22222 DAVIS MILL RD,,"MACHINE OPERATOR/RIDER, OTHER",OTHER,CLEAR,,DAYLIGHT,NO CONTROLS,,N/A,57E3A9C4-7B2F-4C50-B653-90237F691B94,OTHER,Other,OTHER,OTHER,N/A,N/A,No,POSSIBLE INJURY,N/A,39.221495,-77.2227965,"(39.221495, -77.2227965)"
MCP28120044,180053321,Montgomery County Police,Injury Crash,10/24/2018 03:45:00 PM,Maryland (State),GEORGIA AVE,County,DENNIS AVE,,N/A,PEDESTRIAN,SINGLE VEHICLE,CLEAR,N/A,DAYLIGHT,TRAFFIC SIGNAL,N/A,N/A,F1C43B96-6527-4296-8ECB-8871B8544F43,PEDESTRIAN,Cross/Enter at Intersection,DART DASH,N/A,UNKNOWN,DARK CLOTHING,Unknown,POSSIBLE INJURY,N/A,39.02542497,-77.04619521,"(39.02542497, -77.04619521)"
MCP271700L4,180053259,Montgomery County Police,Injury Crash,10/24/2018 01:30:00 PM,,,,,801  ELLSWORTH DRIVE (FENTON STREET PARKING GARAGE),,PEDESTRIAN,OTHER,CLEAR,,DAYLIGHT,NO CONTROLS,NONE DETECTED,NONE DETECTED,C9857EE8-D632-45CB-A875-F18BA9DE62C0,PEDESTRIAN,Other,NO IMPROPER ACTIONS,OTHER,NO PED. SIGNAL,MIXED CLOTHING,No,SUSPECTED MINOR INJURY,NONE,38.997237,-77.02585,"(38.997237, -77.02585)"
MCP14380078,180053132,Montgomery County Police,Injury Crash,10/23/2018 06:55:00 PM,,,,,GIANT PARKING LOT (46 BUREAU DRIVE),,PEDESTRIAN,OTHER,CLEAR,,DARK LIGHTS ON,N/A,NONE DETECTED,NONE DETECTED,30AF4104-535B-4ECB-AD0F-58473B73217F,PEDESTRIAN,Other,NOT VISIBLE,ON ROADWAY NOT AT CROSSWALK,NO PED. SIGNAL,DARK CLOTHING,Yes,POSSIBLE INJURY,N/A,39.184435,-77.26330167,"(39.184435, -77.26330167)"
MCP30580025,180053097,Montgomery County Police,Injury Crash,10/23/2018 04:09:00 PM,County,GLEN RD,County,AMBLESIDE DR,,N/A,BICYCLIST,SINGLE VEHICLE,CLEAR,DRY,DAYLIGHT,STOP SIGN,NONE DETECTED,NONE DETECTED,D3093462-50B1-42F6-A7D6-A777AC4537AE,BICYCLIST,Walking/Riding w/Traffic,NO IMPROPER ACTIONS,SHOULDER,N/A,MIXED CLOTHING,No,POSSIBLE INJURY,MC/BIKE HELMET,39.04696833,-77.19927,"(39.04696833, -77.19927)"
MCP2396002Z,180053035,Montgomery County Police,Property Damage Crash,10/23/2018 10:20:00 AM,County,NORTH GATE DR,County,NORTH GATE TERR,,N/A,OTHER,SINGLE VEHICLE,CLEAR,DRY,DAYLIGHT,NO CONTROLS,NONE DETECTED,N/A,126DD776-73EA-4E43-9D09-20EEA2BAF6FD,OTHER,N/A,N/A,N/A,N/A,N/A,No,NO APPARENT INJURY,N/A,39.08437333,-77.049025,"(39.08437333, -77.049025)"
MCP29040062,180052929,Montgomery County Police,Injury Crash,10/22/2018 05:45:00 PM,County,CARROLL AVE,Maryland (State),PINEY BRANCH RD,,N/A,PEDESTRIAN,SINGLE VEHICLE,CLEAR,DRY,DAYLIGHT,NO CONTROLS,NONE DETECTED,NONE DETECTED,61936A01-DFC9-454F-8F8F-3F98E6C12768,PEDESTRIAN,Other,IN ROADWAY IMPROPERLY,ON ROADWAY NOT AT CROSSWALK,N/A,DARK CLOTHING,Yes,POSSIBLE INJURY,NONE,38.99960112,-76.99062974,"(38.99960112, -76.99062974)"
MCP2311004P,180052861,Montgomery County Police,Property Damage Crash,10/22/2018 11:01:00 AM,Maryland (State),CLOPPER RD,Municipality,FIRSTFIELD RD,,GAITHERSBURG,BICYCLIST,SINGLE VEHICLE,CLEAR,DRY,DAYLIGHT,TRAFFIC SIGNAL,N/A,N/A,B688E8F5-63FE-459B-844A-FEBD8D21738F,BICYCLIST,Cross/Enter at Intersection,WRONG WAY RIDING OR WALKING,ON ROADWAY NOT AT CROSSWALK,OTHER,DARK CLOTHING,Yes,NO APPARENT INJURY,MC/BIKE HELMET,39.14388333,-77.22395667,"(39.14388333, -77.22395667)"
MCP3084002D,180052716,Montgomery County Police,Injury Crash,10/21/2018 10:35:00 AM,Municipality,DORSET AVE,Maryland (State),WISCONSIN AVE,,N/A,BICYCLIST,OTHER,CLEAR,DRY,DAYLIGHT,TRAFFIC SIGNAL,NONE DETECTED,NONE DETECTED,B19460AD-26EC-46D2-B40D-F393D6B08236,BICYCLIST,Cross/Enter at Intersection,IN ROADWAY IMPROPERLY,ON ROADWAY AT CROSSWALK,DISOBEYED PED. SIGNAL,MIXED CLOTHING,Yes,POSSIBLE INJURY,MC/BIKE HELMET,38.96733,-77.08852667,"(38.96733, -77.08852667)"
MCP30930016,180052828,Montgomery County Police,Injury Crash,10/20/2018 07:19:00 PM,County,GLENBROOK RD,Maryland (State),OLD GEORGETOWN RD,,N/A,BICYCLIST,N/A,N/A,DRY,DARK LIGHTS ON,OTHER,N/A,N/A,C71E0BCF-E0EC-45B9-964B-A613D70356F9,BICYCLIST,Cross/Enter at Intersection,NO IMPROPER ACTIONS,ON ROADWAY AT CROSSWALK,N/A,HEAD LIGHT,No,POSSIBLE INJURY,MC/BIKE HELMET,38.98917,-77.10144,"(38.98917, -77.10144)"
DD56140045,180052503,Rockville Police Departme,Injury Crash,10/20/2018 04:53:00 PM,Municipality,N WASHINGTON ST,Municipality,BEALL AVE #2,,ROCKVILLE,PEDESTRIAN,HEAD ON LEFT TURN,CLEAR,DRY,DAYLIGHT,TRAFFIC SIGNAL,NONE DETECTED,NONE DETECTED,360CADDB-89C9-4087-A098-CBBFAC7D6EF7,PEDESTRIAN,Cross/Enter at Intersection,NO IMPROPER ACTIONS,ON ROADWAY AT CROSSWALK,OBEYED PED. SIGNAL,MIXED CLOTHING,No,SUSPECTED MINOR INJURY,NONE,39.08719883,-77.15308633,"(39.08719883, -77.15308633)"
DD56140045,180052503,Rockville Police Departme,Injury Crash,10/20/2018 04:53:00 PM,Municipality,N WASHINGTON ST,Municipality,BEALL AVE #2,,ROCKVILLE,PEDESTRIAN,HEAD ON LEFT TURN,CLEAR,DRY,DAYLIGHT,TRAFFIC SIGNAL,NONE DETECTED,NONE DETECTED,057C41B7-57D0-4A8D-A5DA-0440DF1B6F74,PEDESTRIAN,Cross/Enter at Intersection,NO IMPROPER ACTIONS,ON ROADWAY AT CROSSWALK,OBEYED PED. SIGNAL,MIXED CLOTHING,No,POSSIBLE INJURY,NONE,39.08719883,-77.15308633,"(39.08719883, -77.15308633)"
MCP3018002Y,180052587,Montgomery County Police,Injury Crash,10/20/2018 04:05:00 PM,,,,,DRIVEWAY OF 2827 ABBEY MANOR CR,,PEDESTRIAN,SINGLE VEHICLE,CLEAR,,DAYLIGHT,NO CONTROLS,NONE DETECTED,NONE DETECTED,EC4F9345-7DF5-4E97-9E23-903F0BABBB91,PEDESTRIAN,Other,INATTENTIVE,OTHER,N/A,MIXED CLOTHING,No,SUSPECTED MINOR INJURY,NONE,39.16578068,-77.0593187,"(39.16578068, -77.0593187)"
DD56280015,180052350,Rockville Police Departme,Injury Crash,10/19/2018 10:45:00 AM,Maryland (State),FREDERICK RD,Municipality,RIDGEMONT AVE,,ROCKVILLE,OTHER,ANGLE MEETS LEFT TURN,CLEAR,DRY,DAYLIGHT,TRAFFIC SIGNAL,NONE DETECTED,N/A,DE5CB616-5780-488F-AA94-F70828E3A67F,OTHER,N/A,NO IMPROPER ACTIONS,N/A,N/A,N/A,No,NO APPARENT INJURY,N/A,39.11906755,-77.17191204,"(39.11906755, -77.17191204)"
MCP3161000J,180052192,Montgomery County Police,Injury Crash,10/18/2018 01:28:00 PM,Maryland (State),OLD GEORGETOWN RD,County,TILDEN LA,,N/A,BICYCLIST,STRAIGHT MOVEMENT ANGLE,CLEAR,DRY,DAYLIGHT,TRAFFIC SIGNAL,NONE DETECTED,NONE DETECTED,6AA9F48C-CE12-41F9-B8D9-B523045B4C05,BICYCLIST,Unknown,UNKNOWN,ON ROADWAY AT CROSSWALK,DISOBEYED PED. SIGNAL,LIGHT CLOTHING,Yes,SUSPECTED MINOR INJURY,NONE,39.04475341,-77.12065004,"(39.04475341, -77.12065004)"
DD5590002G,180052133,Rockville Police Departme,Injury Crash,10/18/2018 06:25:00 AM,Municipality,TWINBROOK PKWY,Municipality,CHAPMAN AVE,,ROCKVILLE,PEDESTRIAN,STRAIGHT MOVEMENT ANGLE,CLEAR,DRY,DARK LIGHTS ON,TRAFFIC SIGNAL,NONE DETECTED,NONE DETECTED,0DA0050C-49A2-40C6-ABD2-8B5A042D7E4F,PEDESTRIAN,Cross/Enter at Intersection,NO IMPROPER ACTIONS,ON ROADWAY AT CROSSWALK,UNKNOWN,DARK CLOTHING,No,POSSIBLE INJURY,NONE,39.08359167,-77.153705,"(39.08359167, -77.153705)"
MCP2134001N,180052132,Montgomery County Police,Fatal Crash,10/18/2018 06:15:00 AM,Maryland (State),HUNGERFORD DR,Municipality,FREDERICK AVE #2,,ROCKVILLE,PEDESTRIAN,OTHER,N/A,DRY,DARK LIGHTS ON,TRAFFIC SIGNAL,N/A,UNKNOWN,5B6DD398-2787-4441-A467-BF7A10FD3E8B,PEDESTRIAN,Unknown,UNKNOWN,UNKNOWN,UNKNOWN,DARK CLOTHING,Unknown,FATAL INJURY,NONE,39.09418231,-77.15344652,"(39.09418231, -77.15344652)"
MCP21070021,180051958,Montgomery County Police,Injury Crash,10/17/2018 08:24:00 AM,County,CENTURY BLVD,County,CRYSTAL ROCK DR,,N/A,PEDESTRIAN,OTHER,CLEAR,DRY,DAYLIGHT,N/A,NONE DETECTED,NONE DETECTED,BC9EEE4B-4E99-4C3D-BD2F-7DA9A6A23B04,PEDESTRIAN,Cross/Enter not at Intersection,DART DASH,ON ROADWAY NOT AT CROSSWALK,N/A,MIXED CLOTHING,Yes,SUSPECTED MINOR INJURY,NONE,39.18287388,-77.26386979,"(39.18287388, -77.26386979)"
MCP2372000Z,180051937,Montgomery County Police,Injury Crash,10/17/2018 06:38:00 AM,County,SANGAMORE RD,County,BROOKES LA,,N/A,PEDESTRIAN,STRAIGHT MOVEMENT ANGLE,CLEAR,DRY,DARK LIGHTS ON,STOP SIGN,NONE DETECTED,NONE DETECTED,05DE2142-1360-4ABF-97A6-E9BEC15E6325,PEDESTRIAN,Cross/Enter at Intersection,IN ROADWAY IMPROPERLY,ON ROADWAY NOT AT CROSSWALK,N/A,DARK CLOTHING,Yes,SUSPECTED MINOR INJURY,NONE,38.94876833,-77.12023167,"(38.94876833, -77.12023167)"
MCP2814001Y,180051933,Montgomery County Police,Injury Crash,10/17/2018 05:33:00 AM,Maryland (State),MUNCASTER MILL RD,County,MUNCASTER RD,,N/A,PEDESTRIAN,OTHER,CLEAR,DRY,DARK LIGHTS ON,N/A,NONE DETECTED,NONE DETECTED,7F96AB2B-6AEC-4244-B5C4-E93D4043DFAE,PEDESTRIAN,Other,IN ROADWAY IMPROPERLY,ON ROADWAY NOT AT CROSSWALK,NO PED. SIGNAL,DARK CLOTHING,Yes,SUSPECTED MINOR INJURY,NONE,39.14601367,-77.14469017,"(39.14601367, -77.14469017)"
DM84580027,180051834,Takoma Park Police Depart,Injury Crash,10/16/2018 04:20:00 PM,Municipality,MAPLE AVE,Government,SLIGO CREEK PKWY,,N/A,BICYCLIST,OTHER,CLEAR,DRY,DAYLIGHT,STOP SIGN,NONE DETECTED,NONE DETECTED,D33465FA-EE2D-4C16-A0DC-57D5164A5897,BICYCLIST,Cross/Enter at Intersection,NO IMPROPER ACTIONS,ON ROADWAY AT CROSSWALK,OTHER,LIGHT CLOTHING,No,SUSPECTED MINOR INJURY,MC/BIKE HELMET,38.98616333,-77.00342667,"(38.98616333, -77.00342667)"
MCP2935001M,180051509,Montgomery County Police,Injury Crash,10/15/2018 08:32:00 PM,County,BONIFANT ST,US (State),GEORGIA AVE,,N/A,PEDESTRIAN,OTHER,CLEAR,N/A,DARK LIGHTS ON,TRAFFIC SIGNAL,N/A,UNKNOWN,5A761500-B070-4217-80EF-C14683DDD724,PEDESTRIAN,Cross/Enter not at Intersection,IN ROADWAY IMPROPERLY,ON ROADWAY NOT AT CROSSWALK,DISOBEYED PED. SIGNAL,DARK CLOTHING,Yes,SUSPECTED MINOR INJURY,N/A,39.00640167,-77.03782667,"(39.00640167, -77.03782667)"
MCP30160021,180051626,Montgomery County Police,Injury Crash,10/15/2018 02:30:00 PM,Maryland (State),GREAT SENECA HWY,County,RICHTER FARM RD,,N/A,PEDESTRIAN,SINGLE VEHICLE,RAINING,WET,DAYLIGHT,TRAFFIC SIGNAL,N/A,N/A,FCC458A9-A600-4209-B76A-3CC4C622EE00,PEDESTRIAN,Cross/Enter at Intersection,DART DASH,ON ROADWAY AT CROSSWALK,DISOBEYED PED. SIGNAL,MIXED CLOTHING,Yes,POSSIBLE INJURY,NONE,39.148822,-77.27670067,"(39.148822, -77.27670067)"
MCP30160021,180051626,Montgomery County Police,Injury Crash,10/15/2018 02:30:00 PM,Maryland (State),GREAT SENECA HWY,County,RICHTER FARM RD,,N/A,PEDESTRIAN,SINGLE VEHICLE,RAINING,WET,DAYLIGHT,TRAFFIC SIGNAL,N/A,N/A,939400A7-F843-4A58-9D2B-B5FBF733A79C,PEDESTRIAN,Cross/Enter at Intersection,DART DASH,AT INTERSECTION MARKED CROSSWALK,DISOBEYED PED. SIGNAL,MIXED CLOTHING,Yes,POSSIBLE INJURY,NONE,39.148822,-77.27670067,"(39.148822, -77.27670067)"
MCP2885002V,180051502,Montgomery County Police,Injury Crash,10/14/2018 09:40:00 PM,,,,,"1121 UNIVERSITY BLVD W SILVER SPRING MD
IN PARKING LOT IN FRONT OF MAIN ENTRANCE",,PEDESTRIAN,OTHER,CLEAR,,DARK LIGHTS ON,NO CONTROLS,UNKNOWN,NONE DETECTED,179740E6-13A5-4005-8B47-99AC86A46E0E,PEDESTRIAN,Standing,NO IMPROPER ACTIONS,OTHER,N/A,MIXED CLOTHING,No,SUSPECTED MINOR INJURY,NONE,39.03841,-77.02874,"(39.03841, -77.02874)"
MCP3132000H,180051293,Montgomery County Police,Injury Crash,10/13/2018 02:18:00 PM,County,FRANKLIN ST,County,EDGEFIELD RD,,N/A,BICYCLIST,OTHER,CLEAR,DRY,DAYLIGHT,NO CONTROLS,N/A,N/A,C17D2FB4-4F86-4DD8-A3DE-D512293ACC72,BICYCLIST,Cross/Enter at Intersection,NO IMPROPER ACTIONS,ON ROADWAY AT CROSSWALK,OBEYED PED. SIGNAL,LIGHT CLOTHING,No,SUSPECTED MINOR INJURY,NONE,39.01996167,-77.09558667,"(39.01996167, -77.09558667)"
MCP2559002Q,180051278,Montgomery County Police,Injury Crash,10/13/2018 12:54:00 PM,County,LOST KNIFE RD,County,CONTOUR RD,,N/A,"OTHER, PEDESTRIAN",OTHER,CLOUDY,DRY,DAYLIGHT,STOP SIGN,N/A,N/A,44980057-FAE6-4F7C-861F-6768E06CEFDB,PEDESTRIAN,Cross/Enter at Intersection,OTHER,AT INTERSECTION BUT NO CROSSWALK,NO PED. SIGNAL,MIXED CLOTHING,Yes,NO APPARENT INJURY,NONE,39.15385667,-77.19975833,"(39.15385667, -77.19975833)"
MCP2559002Q,180051278,Montgomery County Police,Injury Crash,10/13/2018 12:54:00 PM,County,LOST KNIFE RD,County,CONTOUR RD,,N/A,"OTHER, PEDESTRIAN",OTHER,CLOUDY,DRY,DAYLIGHT,STOP SIGN,N/A,N/A,2912DDEE-4378-4FB8-9842-A45BD319507E,OTHER,Other,NO IMPROPER ACTIONS,AT INTERSECTION BUT NO CROSSWALK,NO PED. SIGNAL,MIXED CLOTHING,No,POSSIBLE INJURY,NONE,39.15385667,-77.19975833,"(39.15385667, -77.19975833)"
DD5634000F,180051149,Rockville Police Departme,Injury Crash,10/12/2018 07:09:00 PM,Municipality,N WASHINGTON ST,Municipality,MARTINS LA,,ROCKVILLE,PEDESTRIAN,OTHER,CLEAR,DRY,DARK LIGHTS ON,TRAFFIC SIGNAL,NONE DETECTED,NONE DETECTED,85C3E3E3-2EA9-45A5-8411-CF4BABA4096D,PEDESTRIAN,Cross/Enter at Intersection,NO IMPROPER ACTIONS,ON ROADWAY AT CROSSWALK,OBEYED PED. SIGNAL,DARK CLOTHING,No,SUSPECTED SERIOUS INJURY,NONE,39.09084161,-77.15363057,"(39.09084161, -77.15363057)"
EJ7826003M,180051046,Gaithersburg Police Depar,Injury Crash,10/12/2018 10:00:00 AM,Municipality,TWIN LAKES DR,Maryland (State),QUINCE ORCHARD RD,,N/A,PEDESTRIAN,OTHER,CLOUDY,DRY,DAYLIGHT,TRAFFIC SIGNAL,N/A,N/A,F0E0C0A0-E094-4A12-9654-EE5AE6F3CE29,PEDESTRIAN,Cross/Enter at Intersection,NO IMPROPER ACTIONS,ON ROADWAY AT CROSSWALK,OBEYED PED. SIGNAL,MIXED CLOTHING,No,SUSPECTED SERIOUS INJURY,NONE,39.12894833,-77.23054167,"(39.12894833, -77.23054167)"
MCP12130043,180050967,Montgomery County Police,Injury Crash,10/11/2018 07:00:00 PM,County,RANDOLPH RD,County,HAWKESBURY LA,,N/A,PEDESTRIAN,STRAIGHT MOVEMENT ANGLE,RAINING,WET,DARK LIGHTS ON,NO CONTROLS,NONE DETECTED,ALCOHOL PRESENT,32D0CD83-9BF5-41D8-9438-D779B5A10086,PEDESTRIAN,Cross/Enter not at Intersection,DART DASH,ON ROADWAY NOT AT CROSSWALK,NO PED. SIGNAL,DARK CLOTHING,Yes,SUSPECTED SERIOUS INJURY,NONE,39.06613333,-77.02119,"(39.06613333, -77.02119)"
MCP15640036,180050860,Montgomery County Police,Injury Crash,10/11/2018 09:41:00 AM,Maryland (State),GEORGIA AVE,County,NORTH HIGH ST,,N/A,BICYCLIST,OTHER,CLOUDY,DRY,DAYLIGHT,NO CONTROLS,NONE DETECTED,NONE DETECTED,9D2A732E-688C-49D3-A406-AA7732BFEBA5,BICYCLIST,Walking/Cycling on Sidewalk,NO IMPROPER ACTIONS,SIDEWALK,N/A,MIXED CLOTHING,No,SUSPECTED MINOR INJURY,NONE,39.151095,-77.067115,"(39.151095, -77.067115)"
MCP209400CG,180050856,Montgomery County Police,Injury Crash,10/11/2018 09:14:00 AM,,,,,PARKING LOT OF 7736 WOODMONT AVE,,OTHER,OTHER,N/A,,DAYLIGHT,N/A,NONE DETECTED,NONE DETECTED,8F459B94-5FBE-4A09-8E88-26D438AF707B,OTHER,Other,NO IMPROPER ACTIONS,OTHER,N/A,MIXED CLOTHING,No,SUSPECTED MINOR INJURY,N/A,38.98870667,-77.09558167,"(38.98870667, -77.09558167)"
MCP30510029,180050769,Montgomery County Police,Injury Crash,10/10/2018 07:50:00 PM,Other Public Roadway,MONTROSE PKWY,County,E JEFFERSON ST,,N/A,PEDESTRIAN,OTHER,CLEAR,DRY,DARK LIGHTS ON,TRAFFIC SIGNAL,NONE DETECTED,NONE DETECTED,A967266F-B6F0-46F7-BD88-6E3C68FCAA40,PEDESTRIAN,Cross/Enter at Intersection,NO IMPROPER ACTIONS,ON ROADWAY AT CROSSWALK,OBEYED PED. SIGNAL,REFLECTIVE MATERIAL,No,POSSIBLE INJURY,REFLECTIVE CLOTHING,39.05093961,-77.12610848,"(39.05093961, -77.12610848)"
MCP3143000H,180050750,Montgomery County Police,Injury Crash,10/10/2018 04:51:00 PM,Maryland (State),ROCKVILLE PIKE,Government,WILSON DR,,N/A,BICYCLIST,STRAIGHT MOVEMENT ANGLE,CLEAR,N/A,DAYLIGHT,TRAFFIC SIGNAL,NONE DETECTED,NONE DETECTED,2D98DA36-0581-49C7-A9F6-78BFD6B0CD35,BICYCLIST,Walking/Cycling on Sidewalk,NO IMPROPER ACTIONS,AT INTERSECTION MARKED CROSSWALK,OBEYED PED. SIGNAL,LIGHT CLOTHING,No,SUSPECTED MINOR INJURY,MC/BIKE HELMET,39.002625,-77.097675,"(39.002625, -77.097675)"
MCP2311004N,180050637,Montgomery County Police,Injury Crash,10/10/2018 08:33:00 AM,County,QUAIL VALLEY BLVD,County,GROSBEAK TERR,,N/A,PEDESTRIAN,SINGLE VEHICLE,CLEAR,DRY,DAYLIGHT,STOP SIGN,N/A,N/A,2BF0FA6B-679D-4704-AE7C-5FE61A823456,PEDESTRIAN,Cross/Enter at Intersection,NO IMPROPER ACTIONS,ON ROADWAY AT CROSSWALK,NO PED. SIGNAL,LIGHT CLOTHING,No,POSSIBLE INJURY,NONE,39.161745,-77.18564833,"(39.161745, -77.18564833)"