Report Number,Local Case Number,Agency Name,ACRS Report Type,Crash Date/Time,Route Type,Road Name,Cross-Street Type,Cross-Street Name,Off-Road Description,Municipality,Related Non-Motorist,Collision Type,Weather,Surface Condition,Light,Traffic Control,Driver Substance Abuse,Non-Motorist Substance Abuse,Person ID,Pedestrian Type,Pedestrian Movement,Pedestrian Actions,Pedestrian Location,Pedestrian Obeyed Traffic Signal,Pedestrian Visibility,At Fault,Injury Severity,Safety Equipment,Latitude,Longitude,Location
MCP2969004G,180006100,Montgomery County Police,Injury Crash,02/05/2018 07:25:00 AM,County,TUCKER LA,County,STRILEY DR,,N/A,PEDESTRIAN,SAME DIRECTION SIDESWIPE,SLEET,ICE,DAYLIGHT,NO CONTROLS,NONE DETECTED,NONE DETECTED,75666C6A-CDE6-467C-8638-304A4AE3507E,PEDESTRIAN,Getting off/on Vehicle,NO IMPROPER ACTIONS,ON ROADWAY NOT AT CROSSWALK,N/A,MIXED CLOTHING,No,SUSPECTED SERIOUS INJURY,NONE,39.145495,-76.99159167,"(39.145495, -76.99159167)"
MCP0942001M,180005987,Montgomery County Police,Injury Crash,02/04/2018 08:35:00 AM,,,,,"PARKING LOT-BETHESDA ELEMENTARY
7600 ARLINGTON RD.",,PEDESTRIAN,OTHER,CLOUDY,,DAYLIGHT,N/A,NONE DETECTED,NONE DETECTED,E868156F-9C6A-450C-85F5-380287134677,PEDESTRIAN,Other Working,NO IMPROPER ACTIONS,OTHER,N/A,DARK CLOTHING,No,SUSPECTED MINOR INJURY,N/A,38.9860995,-77.09893583,"(38.9860995, -77.09893583)"
MCP20430017,180005960,Montgomery County Police,Injury Crash,02/03/2018 11:34:00 PM,County,SHADY GROVE RD,Maryland (State),FREDERICK RD,,N/A,PEDESTRIAN,OTHER,CLOUDY,DRY,DARK LIGHTS ON,TRAFFIC SIGNAL,UNKNOWN,ALCOHOL CONTRIBUTED,FD84F367-82AD-4B10-9448-F20CE56572FA,PEDESTRIAN,Cross/Enter at Intersection,FAILURE TO OBEY TRAFFIC SIGNS SIGNALS OR OFFICER,ON ROADWAY AT CROSSWALK,DISOBEYED PED. SIGNAL,DARK CLOTHING,Yes,SUSPECTED MINOR INJURY,NONE,39.12214167,-77.17762833,"(39.12214167, -77.17762833)"
MCP3051001B,180005944,Montgomery County Police,Injury Crash,02/03/2018 08:50:00 PM,Maryland (State),OLD GEORGETOWN RD,County,LONE OAK DR,,N/A,PEDESTRIAN,OTHER,CLEAR,DRY,DARK NO LIGHTS,NO CONTROLS,NONE DETECTED,ALCOHOL PRESENT,496907D8-326A-40F6-B1E0-10DFF177CBFE,PEDESTRIAN,Cross/Enter not at Intersection,FAILURE TO YIELD RIGHT OF WAY,ON ROADWAY NOT AT CROSSWALK,NO PED. SIGNAL,DARK CLOTHING,Yes,SUSPECTED SERIOUS INJURY,NONE,39.02009175,-77.1219521,"(39.02009175, -77.1219521)"
DM8439001J,180005913,Takoma Park Police Depart,Injury Crash,02/03/2018 03:04:00 PM,,,,,"PARKING LOT 
7682 NEW HAMPSHIRE AVE",,PEDESTRIAN,OTHER,CLEAR,,DUSK,N/A,N/A,N/A,432B470F-EF21-42C0-B743-619905FDFDC1,PEDESTRIAN,Other,UNKNOWN,OTHER,NO PED. SIGNAL,DARK CLOTHING,No,POSSIBLE INJURY,N/A,38.98829833,-76.988165,"(38.98829833, -76.988165)"
MCP27550018,180005786,Montgomery County Police,Injury Crash,02/02/2018 08:18:00 PM,County,RANDOLPH RD,Other Public Roadway,GLENMONT CIR #1,,N/A,PEDESTRIAN,OTHER,N/A,N/A,DARK -- UNKNOWN LIGHTING,TRAFFIC SIGNAL,NONE DETECTED,NONE DETECTED,1F75E722-ED50-43A0-BE2D-8D209C2F2837,PEDESTRIAN,Standing,IN ROADWAY IMPROPERLY,OTHER,DISOBEYED PED. SIGNAL,DARK CLOTHING,Yes,POSSIBLE INJURY,N/A,39.0590927,-77.04755098,"(39.0590927, -77.04755098)"
MCP1220006C,180005659,Montgomery County Police,Injury Crash,02/02/2018 09:00:00 AM,County,CARROLL LA,County,SILVER SPRING AVE,,N/A,PEDESTRIAN,SINGLE VEHICLE,CLEAR,DRY,DAYLIGHT,N/A,NONE DETECTED,NONE DETECTED,538333A6-FA5D-4374-9AD9-B1EFFC964C1B,PEDESTRIAN,Cross/Enter at Intersection,NO IMPROPER ACTIONS,AT INTERSECTION BUT NO CROSSWALK,NO PED. SIGNAL,LIGHT CLOTHING,No,POSSIBLE INJURY,N/A,38.99186833,-77.01642,"(38.99186833, -77.01642)"
MCP29860029,180005611,Montgomery County Police,Injury Crash,02/01/2018 09:41:00 PM,Maryland (State),NEW HAMPSHIRE AVE,County,ADELPHI RD,,N/A,BICYCLIST,SINGLE VEHICLE,RAINING,WET,DARK LIGHTS ON,TRAFFIC SIGNAL,UNKNOWN,NONE DETECTED,C2497D17-7716-4475-A38E-22A9ACE67013,BICYCLIST,Cross/Enter at Intersection,NO IMPROPER ACTIONS,ON ROADWAY AT CROSSWALK,OBEYED PED. SIGNAL,MIXED CLOTHING,No,SUSPECTED MINOR INJURY,NONE,39.01122333,-76.978115,"(39.01122333, -76.978115)"
MCP16040017,180005461,Montgomery County Police,Injury Crash,02/01/2018 08:50:00 AM,County,FLOWER HILL WAY,County,HONEYLOCUST CIR,,N/A,PEDESTRIAN,STRAIGHT MOVEMENT ANGLE,CLEAR,DRY,DAYLIGHT,PERSON,N/A,N/A,4BA994D9-5BBA-4C36-AD47-EC45E57435BE,PEDESTRIAN,Cross/Enter at Intersection,NO IMPROPER ACTIONS,DRIVEWAY ACCESS MARKED CROSSWALK,NO PED. SIGNAL,REFLECTIVE MATERIAL,No,POSSIBLE INJURY,OTHER,39.15781455,-77.17118204,"(39.15781455, -77.17118204)"
MCP2722002W,180005330,Montgomery County Police,Injury Crash,01/31/2018 02:27:00 PM,,,,,PARKING LOT OF 13517 GEORGIA AVE,,PEDESTRIAN,SINGLE VEHICLE,CLEAR,,DAYLIGHT,NO CONTROLS,N/A,N/A,D9504A53-C6DE-4C49-B4EB-5F63BA41D15A,PEDESTRIAN,Cross/Enter not at Intersection,DART DASH,ON ROADWAY NOT AT CROSSWALK,NO PED. SIGNAL,MIXED CLOTHING,No,POSSIBLE INJURY,NONE,39.07917167,-77.07151333,"(39.07917167, -77.07151333)"
MCP2246001Y,180005145,Montgomery County Police,Injury Crash,01/30/2018 04:20:00 PM,County,FOREST GROVE DR,County,BRISBANE ST,,N/A,PEDESTRIAN,OTHER,CLEAR,DRY,DAYLIGHT,NO CONTROLS,NONE DETECTED,NONE DETECTED,1CEB6FF1-037C-4096-A71D-0CB34E6C3D2C,PEDESTRIAN,Cross/Enter not at Intersection,DART DASH,ON ROADWAY NOT AT CROSSWALK,NO PED. SIGNAL,MIXED CLOTHING,Yes,SUSPECTED MINOR INJURY,NONE,39.02069,-77.03846167,"(39.02069, -77.03846167)"
MCP3078000V,180005122,Montgomery County Police,Injury Crash,01/30/2018 02:13:00 PM,,,,,"GIANT FOOD STORE PARKING LOT 
2900 UNIVERSITY BLVD W",,PEDESTRIAN,OTHER,CLEAR,,DAYLIGHT,NO CONTROLS,N/A,N/A,6C3C5CFD-66A4-4EAF-93B5-E3A8EDEF00FE,PEDESTRIAN,Cross/Enter not at Intersection,NO IMPROPER ACTIONS,OTHER,NO PED. SIGNAL,MIXED CLOTHING,No,SUSPECTED MINOR INJURY,N/A,39.037405,-77.058225,"(39.037405, -77.058225)"
MCP26390030,180005064,Montgomery County Police,Injury Crash,01/30/2018 06:46:00 AM,Maryland (State),ROCKVILLE PIKE,County,MARINELLI RD,,N/A,PEDESTRIAN,STRAIGHT MOVEMENT ANGLE,RAINING,WET,DARK LIGHTS ON,TRAFFIC SIGNAL,NONE DETECTED,NONE DETECTED,47F94309-C4C2-48F7-93E8-4114A9276AFE,PEDESTRIAN,Cross/Enter not at Intersection,DART DASH,ON ROADWAY NOT AT CROSSWALK,DISOBEYED PED. SIGNAL,DARK CLOTHING,Yes,SUSPECTED MINOR INJURY,NONE,39.04686,-77.1127,"(39.04686, -77.1127)"
MCP1323000G,180005089,Montgomery County Police,Property Damage Crash,01/29/2018 06:00:00 PM,County,FENTON ST,County,PHILADELPHIA AVE,,N/A,BICYCLIST,HEAD ON LEFT TURN,CLEAR,DRY,DUSK,TRAFFIC SIGNAL,UNKNOWN,N/A,60D59A0C-473F-42F2-A55A-CFAEB43FE739,BICYCLIST,Cross/Enter at Intersection,N/A,IN BIKEWAY,OBEYED PED. SIGNAL,MIXED CLOTHING,No,NO APPARENT INJURY,MC/BIKE HELMET,38.98800789,-77.02359349,"(38.98800789, -77.02359349)"
MCP14530052,180004871,Montgomery County Police,Injury Crash,01/29/2018 06:57:00 AM,County,AIRCRAFT DR,County,CENTURY BLVD,,N/A,PEDESTRIAN,SINGLE VEHICLE,CLOUDY,DRY,DARK LIGHTS ON,TRAFFIC SIGNAL,NONE DETECTED,NONE DETECTED,A59FDFB3-9543-417D-B43B-DB8CD6AE3ED4,PEDESTRIAN,Cross/Enter at Intersection,FAILURE TO YIELD RIGHT OF WAY,ON ROADWAY AT CROSSWALK,UNKNOWN,MIXED CLOTHING,Unknown,SUSPECTED MINOR INJURY,NONE,39.18380167,-77.26145333,"(39.18380167, -77.26145333)"
MCP2663000J,180004844,Montgomery County Police,Injury Crash,01/28/2018 10:06:00 PM,Maryland (State),EAST WEST HWY,Other Public Roadway,CAREY LA,,N/A,PEDESTRIAN,OTHER,RAINING,WET,DARK LIGHTS ON,NO CONTROLS,NONE DETECTED,NONE DETECTED,915B7DE5-E422-4985-A639-3FCDBEC2AB42,PEDESTRIAN,Cross/Enter at Intersection,NO IMPROPER ACTIONS,ON ROADWAY NOT AT CROSSWALK,NO PED. SIGNAL,MIXED CLOTHING,No,POSSIBLE INJURY,NONE,38.995505,-77.038365,"(38.995505, -77.038365)"
DM8456001G,180004684,Takoma Park Police Depart,Injury Crash,01/27/2018 06:33:00 PM,Maryland (State),ETHAN ALLEN AVE,Municipality,ELM AVE,,TAKOMA PARK,BICYCLIST,SINGLE VEHICLE,CLEAR,DRY,DARK LIGHTS ON,STOP SIGN,NONE DETECTED,NONE DETECTED,C925E3F0-2465-4E5F-A4BE-380A1E821D96,BICYCLIST,Cross/Enter at Intersection,UNKNOWN,ON ROADWAY NOT AT CROSSWALK,OBEYED PED. SIGNAL,MIXED CLOTHING,Yes,SUSPECTED MINOR INJURY,NONE,38.98136,-77.01029333,"(38.98136, -77.01029333)"
MCP20990004,180004560,Montgomery County Police,Injury Crash,01/26/2018 10:37:00 PM,Maryland (State),GEORGIA AVE,County,PRICE AVE,,N/A,PEDESTRIAN,SINGLE VEHICLE,CLEAR,DRY,DARK LIGHTS ON,N/A,ALCOHOL PRESENT,N/A,D6E30DE0-BA38-426F-97C4-1232D7F5A03E,PEDESTRIAN,Cross/Enter at Intersection,NO IMPROPER ACTIONS,ON ROADWAY AT CROSSWALK,N/A,MIXED CLOTHING,No,SUSPECTED SERIOUS INJURY,N/A,39.04011833,-77.05133833,"(39.04011833, -77.05133833)"
MCP2966003R,180004324,Montgomery County Police,Injury Crash,01/25/2018 06:39:00 PM,Maryland (State),VEIRS MILL RD,County,ARBUTUS AVE,,N/A,PEDESTRIAN,OTHER,CLEAR,DRY,DARK NO LIGHTS,NO CONTROLS,N/A,NONE DETECTED,45D1C1A4-5365-40C0-AE6C-C10AB6084446,PEDESTRIAN,Cross/Enter not at Intersection,OTHER,OTHER,NO PED. SIGNAL,DARK CLOTHING,No,POSSIBLE INJURY,NONE,39.06672131,-77.10066877,"(39.06672131, -77.10066877)"
MCP2818003F,180004247,Montgomery County Police,Injury Crash,01/25/2018 12:40:00 PM,County,FENTON ST,County,CAMERON ST,,N/A,BICYCLIST,OTHER,CLEAR,DRY,DAYLIGHT,N/A,NONE DETECTED,NONE DETECTED,25215552-59BB-4434-A407-945FE0EB9473,BICYCLIST,Other,NO IMPROPER ACTIONS,SIDEWALK,OBEYED PED. SIGNAL,MIXED CLOTHING,No,POSSIBLE INJURY,N/A,38.99934333,-77.03268,"(38.99934333, -77.03268)"
MCP3078000S,180004198,Montgomery County Police,Injury Crash,01/25/2018 08:26:00 AM,County,BLUERIDGE AVE,Maryland (State),GEORGIA AVE,,N/A,PEDESTRIAN,N/A,CLEAR,DRY,DAYLIGHT,TRAFFIC SIGNAL,NONE DETECTED,N/A,D241F68D-9157-4759-B4DB-12C4761B93D0,PEDESTRIAN,Cross/Enter at Intersection,IN ROADWAY IMPROPERLY,ON ROADWAY NOT AT CROSSWALK,N/A,DARK CLOTHING,Yes,SUSPECTED MINOR INJURY,N/A,39.04313667,-77.05172167,"(39.04313667, -77.05172167)"
MCP13970012,180004072,Montgomery County Police,Injury Crash,01/24/2018 02:58:00 PM,Maryland (State),FREDERICK RD,County,SHAKESPEARE BLVD,,N/A,PEDESTRIAN,SAME DIRECTION LEFT TURN,CLOUDY,DRY,DAYLIGHT,OTHER,NONE DETECTED,NONE DETECTED,3C7D1894-F0F4-42C2-8EFE-BE72BD8558DD,PEDESTRIAN,Cross/Enter at Intersection,INATTENTIVE,AT INTERSECTION MARKED CROSSWALK,OBEYED PED. SIGNAL,DARK CLOTHING,No,POSSIBLE INJURY,N/A,39.19812948,-77.24464372,"(39.19812948, -77.24464372)"
MCP2799003L,180003872,Montgomery County Police,Injury Crash,01/23/2018 04:00:00 PM,Maryland (State),NEW HAMPSHIRE AVE,County,NORWOOD RD,,N/A,BICYCLIST,SAME DIRECTION RIGHT TURN,CLEAR,DRY,DAYLIGHT,NO CONTROLS,UNKNOWN,NONE DETECTED,64C25598-4B73-4B4D-8224-1AC390D7DDC9,BICYCLIST,Walking/Riding w/Traffic,N/A,IN BIKEWAY,N/A,MIXED CLOTHING,No,SUSPECTED MINOR INJURY,MC/BIKE HELMET,39.10604167,-77.001445,"(39.10604167, -77.001445)"
MCP2016002K,180003811,Montgomery County Police,Injury Crash,01/23/2018 11:12:00 AM,Maryland (State),ROCKVILLE PIKE,Unknown,ENT TO FEDERAL PLAZA S.C.,,N/A,PEDESTRIAN,OTHER,CLEAR,DRY,DAYLIGHT,TRAFFIC SIGNAL,N/A,N/A,DF80F6BE-CBCF-482B-8C4D-5CFF5792D210,PEDESTRIAN,Cross/Enter at Intersection,NO IMPROPER ACTIONS,AT INTERSECTION MARKED CROSSWALK,OBEYED PED. SIGNAL,N/A,No,SUSPECTED MINOR INJURY,N/A,39.057675,-77.12007333,"(39.057675, -77.12007333)"
MCP13660071,180003770,Montgomery County Police,Injury Crash,01/23/2018 06:36:00 AM,County,TWINBROOK PKWY,County,FISHERS LA,,N/A,PEDESTRIAN,SINGLE VEHICLE,RAINING,WET,DARK LIGHTS ON,TRAFFIC SIGNAL,NONE DETECTED,NONE DETECTED,EDDF6A52-2099-4CC5-8003-D0ED74E58B37,PEDESTRIAN,Cross/Enter at Intersection,INATTENTIVE,ON ROADWAY AT CROSSWALK,DISOBEYED PED. SIGNAL,DARK CLOTHING,Yes,SUSPECTED MINOR INJURY,NONE,39.06279361,-77.11637244,"(39.06279361, -77.11637244)"
MCP2348003H,180003730,Montgomery County Police,Injury Crash,01/22/2018 05:36:00 PM,County,RANDOLPH RD,County,LIVINGSTON ST,,N/A,PEDESTRIAN,SINGLE VEHICLE,CLEAR,DRY,DARK LIGHTS ON,NO CONTROLS,NONE DETECTED,UNKNOWN,D491837F-4066-46AC-822C-29DE03673908,PEDESTRIAN,Cross/Enter at Intersection,NO IMPROPER ACTIONS,ON ROADWAY AT CROSSWALK,NO PED. SIGNAL,DARK CLOTHING,No,SUSPECTED SERIOUS INJURY,NONE,39.05841833,-77.05581167,"(39.05841833, -77.05581167)"
DM8451001K,180003504,Takoma Park Police Depart,Injury Crash,01/21/2018 05:35:00 PM,Maryland (State),PINEY BRANCH RD,Maryland (State),PHILADELPHIA AVE,,N/A,BICYCLIST,HEAD ON LEFT TURN,CLEAR,DRY,DUSK,TRAFFIC SIGNAL,ILLEGAL DRUG PRESENT,N/A,4C48BD67-8AB3-415F-ADA8-362EA285A052,BICYCLIST,Walking/Riding w/Traffic,NO IMPROPER ACTIONS,ON ROADWAY NOT AT CROSSWALK,N/A,MIXED CLOTHING,No,SUSPECTED SERIOUS INJURY,UNKNOWN,38.98332433,-77.01475383,"(38.98332433, -77.01475383)"
MCP1121003L,180003360,Montgomery County Police,Injury Crash,01/20/2018 07:25:00 PM,Maryland (State),MUNCASTER MILL RD,County,REDLAND RD,,N/A,PEDESTRIAN,SINGLE VEHICLE,CLEAR,DRY,DARK LIGHTS ON,TRAFFIC SIGNAL,NONE DETECTED,NONE DETECTED,022045FD-765B-488E-B0B8-20ADAE64215B,PEDESTRIAN,Cross/Enter at Intersection,DART DASH,AT INTERSECTION MARKED CROSSWALK,DISOBEYED PED. SIGNAL,MIXED CLOTHING,Yes,POSSIBLE INJURY,NONE,39.14544,-77.14410167,"(39.14544, -77.14410167)"
MCP1342001Y,180003303,Montgomery County Police,Injury Crash,01/20/2018 02:10:00 PM,County,CARRY BACK DR,County,NATIVE DANCER RD,,N/A,BICYCLIST,SAME DIRECTION RIGHT TURN,CLEAR,DRY,DAYLIGHT,NO CONTROLS,MEDICATION PRESENT,NONE DETECTED,E843508C-1B39-4BD8-BE2A-4812D5B7BFC2,BICYCLIST,Walking/Riding w/Traffic,NO IMPROPER ACTIONS,OTHER,N/A,REFLECTIVE MATERIAL,No,SUSPECTED MINOR INJURY,MC/BIKE HELMET,39.10126333,-77.26250333,"(39.10126333, -77.26250333)"
MCP23530051,180003044,Montgomery County Police,Injury Crash,01/19/2018 07:32:00 AM,County,WESTLAKE TERR,County,ROCKLEDGE DR,,N/A,BICYCLIST,STRAIGHT MOVEMENT ANGLE,CLOUDY,DRY,DAYLIGHT,PERSON,NONE DETECTED,NONE DETECTED,183130D5-88F6-4492-9466-7F1E0FFCDFC1,BICYCLIST,Cross/Enter at Intersection,FAILURE TO OBEY TRAFFIC SIGNS SIGNALS OR OFFICER,AT INTERSECTION MARKED CROSSWALK,DISOBEYED PED. SIGNAL,MIXED CLOTHING,Yes,SUSPECTED MINOR INJURY,MC/BIKE HELMET,39.02642071,-77.13919133,"(39.02642071, -77.13919133)"
MCP2612002P,180002973,Montgomery County Police,Property Damage Crash,01/18/2018 08:00:00 PM,Maryland (State),GEORGIA AVE,County,BEL PRE RD,,N/A,OTHER,OTHER,CLEAR,DRY,DARK LIGHTS ON,N/A,N/A,N/A,BE73EBA2-F3C8-4433-AFB4-D3F8AB4D9BF8,OTHER,Other Working,OTHER,OTHER,OTHER,UNKNOWN,Yes,NO APPARENT INJURY,N/A,39.09332333,-77.07959,"(39.09332333, -77.07959)"
MCP2436004L,180002889,Montgomery County Police,Injury Crash,01/18/2018 01:38:00 PM,Maryland (State),UNIVERSITY BLVD W,County,SUTHERLAND RD,,N/A,PEDESTRIAN,HEAD ON,CLEAR,DRY,DAYLIGHT,NO CONTROLS,NONE DETECTED,NONE DETECTED,9F12C361-A22C-44CA-B851-6FCB2DBD629C,PEDESTRIAN,Cross/Enter not at Intersection,IN ROADWAY IMPROPERLY,ON ROADWAY NOT AT CROSSWALK,NO PED. SIGNAL,MIXED CLOTHING,Yes,POSSIBLE INJURY,OTHER,39.020995,-77.01330667,"(39.020995, -77.01330667)"
DM83390013,180002657,Takoma Park Police Depart,Injury Crash,01/17/2018 09:33:00 AM,,,,,PARKING LOT OF 7676 NEW HAMPSHIRE AVE,,PEDESTRIAN,OTHER,CLOUDY,,DAYLIGHT,NO CONTROLS,NONE DETECTED,NONE DETECTED,68376CD2-980B-4267-94CB-DEBCB914D5D2,PEDESTRIAN,Getting off/on Vehicle,ENTERING EXITING PARKED STANDING VEHICLE,N/A,NO PED. SIGNAL,MIXED CLOTHING,Unknown,POSSIBLE INJURY,N/A,38.98684667,-76.98909333,"(38.98684667, -76.98909333)"
DM83390013,180002657,Takoma Park Police Depart,Injury Crash,01/17/2018 09:33:00 AM,,,,,PARKING LOT OF 7676 NEW HAMPSHIRE AVE,,PEDESTRIAN,OTHER,CLOUDY,,DAYLIGHT,NO CONTROLS,NONE DETECTED,N/A,F7B6235F-EE38-46E8-8318-ACE69119CF2F,PEDESTRIAN,Getting off/on Vehicle,ENTERING EXITING PARKED STANDING VEHICLE,N/A,NO PED. SIGNAL,MIXED CLOTHING,Unknown,POSSIBLE INJURY,N/A,38.98684667,-76.98909333,"(38.98684667, -76.98909333)"
MCP1563004J,180002560,Montgomery County Police,Injury Crash,01/16/2018 06:46:00 PM,Municipality,ASPEN ST,Maryland (State),CONNECTICUT AVE,,N/A,PEDESTRIAN,OTHER,CLEAR,DRY,DARK LIGHTS ON,NO CONTROLS,NONE DETECTED,NONE DETECTED,7EC7D670-8885-478D-87B2-2B6A229534F9,PEDESTRIAN,Cross/Enter at Intersection,NO IMPROPER ACTIONS,ON ROADWAY AT CROSSWALK,NO PED. SIGNAL,DARK CLOTHING,No,SUSPECTED SERIOUS INJURY,NONE,38.986285,-77.07734333,"(38.986285, -77.07734333)"
MCP3059001D,180002551,Montgomery County Police,Injury Crash,01/16/2018 06:30:00 PM,County,RANDOLPH RD,County,DALEWOOD DR,,N/A,PEDESTRIAN,OTHER,CLEAR,DRY,DARK LIGHTS ON,TRAFFIC SIGNAL,NONE DETECTED,NONE DETECTED,5611F368-8854-40C2-9F9C-D8467E7C70F8,PEDESTRIAN,Cross/Enter at Intersection,NO IMPROPER ACTIONS,ON ROADWAY AT CROSSWALK,OBEYED PED. SIGNAL,MIXED CLOTHING,No,POSSIBLE INJURY,N/A,39.05900333,-77.069125,"(39.05900333, -77.069125)"
MCP2362002S,180002423,Montgomery County Police,Injury Crash,01/16/2018 07:56:00 AM,US (State),COLESVILLE RD,County,CRESTMOOR DR,,N/A,PEDESTRIAN,STRAIGHT MOVEMENT ANGLE,CLEAR,DRY,DAYLIGHT,NO CONTROLS,N/A,N/A,B98F326E-EE7F-4B9C-9C45-1B6B946C3EBF,PEDESTRIAN,Cross/Enter at Intersection,NO IMPROPER ACTIONS,AT INTERSECTION BUT NO CROSSWALK,NO PED. SIGNAL,MIXED CLOTHING,No,POSSIBLE INJURY,N/A,39.02814967,-77.00925817,"(39.02814967, -77.00925817)"
MCP2991002C,180002185,Montgomery County Police,Injury Crash,01/14/2018 12:15:00 PM,,,,,DRIVEWAY OF 2311 NORBECK ROAD,,PEDESTRIAN,SINGLE VEHICLE,CLEAR,,DAYLIGHT,NO CONTROLS,NONE DETECTED,NONE DETECTED,1E21EBB8-1E87-4616-9B91-D7B2410E6B4B,PEDESTRIAN,Other,NO IMPROPER ACTIONS,N/A,N/A,MIXED CLOTHING,No,SUSPECTED SERIOUS INJURY,N/A,39.11856833,-77.04991167,"(39.11856833, -77.04991167)"
MCP2974001L,180002145,Montgomery County Police,Injury Crash,01/14/2018 02:05:00 AM,Maryland (State),PINEY BRANCH RD,County,ARLISS ST,,N/A,PEDESTRIAN,OTHER,CLEAR,N/A,DARK LIGHTS ON,FLASHING TRAFFIC SIGNAL,ILLEGAL DRUG PRESENT,ALCOHOL PRESENT,ABC4C28D-5D11-4895-9DAE-050142ACFE7D,PEDESTRIAN,Cross/Enter not at Intersection,IN ROADWAY IMPROPERLY,ON ROADWAY NOT AT CROSSWALK,NO PED. SIGNAL,DARK CLOTHING,Yes,SUSPECTED MINOR INJURY,N/A,38.99842602,-77.0010978,"(38.99842602, -77.0010978)"
MCP27890041,180001945,Montgomery County Police,Injury Crash,01/12/2018 08:35:00 PM,Maryland (State),EAST WEST HWY,Maryland (State),COLESVILLE RD,,N/A,PEDESTRIAN,SINGLE VEHICLE,RAINING,WET,DARK LIGHTS ON,NO CONTROLS,N/A,N/A,DCBEF241-EC2A-4A91-83E1-7A7F0B3F0BBC,PEDESTRIAN,Cross/Enter at Intersection,NO IMPROPER ACTIONS,AT INTERSECTION MARKED CROSSWALK,NO PED. SIGNAL,DARK CLOTHING,No,POSSIBLE INJURY,NONE,38.99199,-77.03059,"(38.99199, -77.03059)"
DM83520001,180001817,Takoma Park Police Depart,Property Damage Crash,01/12/2018 09:45:00 AM,Municipality,HOLLY AVE,Municipality,DARWIN AVE,,TAKOMA PARK,PEDESTRIAN,SINGLE VEHICLE,RAINING,WET,DAYLIGHT,NO CONTROLS,NONE DETECTED,NONE DETECTED,7E4F8011-9690-4305-B9D5-341724F2990F,PEDESTRIAN,Standing,NOT VISIBLE,SHOULDER,N/A,OTHER,No,NO APPARENT INJURY,N/A,38.981464,-77.014067,"(38.981464, -77.014067)"
MCP3057000T,180001790,Montgomery County Police,Injury Crash,01/12/2018 07:30:00 AM,County,MIDDLEBROOK RD,Other Public Roadway,CRYSTAL ROCK DR,,N/A,PEDESTRIAN,OTHER,RAINING,WET,DARK LIGHTS ON,TRAFFIC SIGNAL,UNKNOWN,NONE DETECTED,0B7B4A82-CF36-4B67-9D2F-FF98BB6CCEC3,PEDESTRIAN,Cross/Enter at Intersection,NO IMPROPER ACTIONS,AT INTERSECTION MARKED CROSSWALK,OBEYED PED. SIGNAL,N/A,No,POSSIBLE INJURY,NONE,39.17682167,-77.26458333,"(39.17682167, -77.26458333)"
MCP11480023,180006406,Montgomery County Police,Injury Crash,01/12/2018 07:00:00 AM,County,WAVERLY ST,Maryland (State),EAST WEST HWY (W/B COUPLET),,N/A,PEDESTRIAN,SINGLE VEHICLE,RAINING,WET,DARK LIGHTS ON,TRAFFIC SIGNAL,NONE DETECTED,NONE DETECTED,261C4681-5B7D-4DEA-B513-075167C53861,PEDESTRIAN,Cross/Enter at Intersection,NO IMPROPER ACTIONS,ON ROADWAY AT CROSSWALK,OBEYED PED. SIGNAL,MIXED CLOTHING,No,SUSPECTED MINOR INJURY,N/A,38.98368833,-77.09304667,"(38.98368833, -77.09304667)"
DM84530018,180001530,Takoma Park Police Depart,Injury Crash,01/10/2018 05:28:00 PM,Maryland (State),PHILADELPHIA AVE,Municipality,CEDAR AVE,,TAKOMA PARK,PEDESTRIAN,OTHER,CLEAR,DRY,DARK LIGHTS ON,N/A,NONE DETECTED,NONE DETECTED,5DE3B58E-2342-40F5-B28E-41E8607699DB,PEDESTRIAN,Cross/Enter at Intersection,UNKNOWN,ON ROADWAY AT CROSSWALK,NO PED. SIGNAL,DARK CLOTHING,Unknown,SUSPECTED MINOR INJURY,N/A,38.9811485,-77.01110378,"(38.9811485, -77.01110378)"
MCP27190024,180001211,Montgomery County Police,Injury Crash,01/08/2018 11:00:00 PM,Maryland (State),VEIRS MILL RD,County,ENNALLS AVE,,N/A,PEDESTRIAN,OTHER,WINTRY MIX,ICE,DARK LIGHTS ON,NO CONTROLS,N/A,ALCOHOL PRESENT,0166E0A8-0C15-498D-A5D5-8842AECE151F,PEDESTRIAN,Cross/Enter not at Intersection,FAILURE TO YIELD RIGHT OF WAY,ON ROADWAY NOT AT CROSSWALK,NO PED. SIGNAL,DARK CLOTHING,Yes,SUSPECTED SERIOUS INJURY,NONE,39.03912167,-77.05435167,"(39.03912167, -77.05435167)"
MCP26800027,180001167,Montgomery County Police,Injury Crash,01/08/2018 06:13:00 PM,Maryland (State),GEORGIA AVE,County,FENWICK LA,,N/A,PEDESTRIAN,STRAIGHT MOVEMENT ANGLE,SLEET,WET,DARK LIGHTS ON,OTHER,NONE DETECTED,NONE DETECTED,2DC8E4D5-B083-4D0C-B0B0-8E6CDB993541,PEDESTRIAN,Cross/Enter at Intersection,NO IMPROPER ACTIONS,AT INTERSECTION MARKED CROSSWALK,NO PED. SIGNAL,LIGHT CLOTHING,No,SUSPECTED MINOR INJURY,NONE,38.99821548,-77.03073889,"(38.99821548, -77.03073889)"