Report Number,Local Case Number,Agency Name,ACRS Report Type,Crash Date/Time,Route Type,Road Name,Cross-Street Type,Cross-Street Name,Off-Road Description,Municipality,Related Non-Motorist,Collision Type,Weather,Surface Condition,Light,Traffic Control,Driver Substance Abuse,Non-Motorist Substance Abuse,Person ID,Pedestrian Type,Pedestrian Movement,Pedestrian Actions,Pedestrian Location,Pedestrian Obeyed Traffic Signal,Pedestrian Visibility,At Fault,Injury Severity,Safety Equipment,Latitude,Longitude,Location
DM8445001H,17515696,Takoma Park Police Depart,Injury Crash,06/25/2017 02:55:00 PM,,,,,"COLLISION OCCURRED WITHIN THE LOT OF 7551 NEW HAMPSHIRE AVE. TAKOMA PARK, MD - CAR WASH",,"OTHER, PEDESTRIAN",SINGLE VEHICLE,CLEAR,,DAYLIGHT,N/A,,N/A,489625C1-9A77-44F5-AF9B-A7D3DA981E3F,OTHER,Other,N/A,N/A,N/A,N/A,Unknown,NO APPARENT INJURY,N/A,38.98556444,-76.98794156,"(38.98556444, -76.98794156)"
DM8445001H,17515696,Takoma Park Police Depart,Injury Crash,06/25/2017 02:55:00 PM,,,,,"COLLISION OCCURRED WITHIN THE LOT OF 7551 NEW HAMPSHIRE AVE. TAKOMA PARK, MD - CAR WASH",,"OTHER, PEDESTRIAN",SINGLE VEHICLE,CLEAR,,DAYLIGHT,N/A,,N/A,52BCD66E-6F8F-4A72-A29E-F20BF7C956D3,PEDESTRIAN,Other,OTHER,OTHER,N/A,N/A,No,SUSPECTED MINOR INJURY,N/A,38.98556444,-76.98794156,"(38.98556444, -76.98794156)"
DM8445001H,17515696,Takoma Park Police Depart,Injury Crash,06/25/2017 02:55:00 PM,,,,,"COLLISION OCCURRED WITHIN THE LOT OF 7551 NEW HAMPSHIRE AVE. TAKOMA PARK, MD - CAR WASH",,"OTHER, PEDESTRIAN",SINGLE VEHICLE,CLEAR,,DAYLIGHT,N/A,,N/A,856065A4-3FBA-4C8A-B73E-B5216814FAC0,OTHER,N/A,OTHER,N/A,N/A,N/A,Yes,NO APPARENT INJURY,N/A,38.98556444,-76.98794156,"(38.98556444, -76.98794156)"
MCP3045000J,170515506,Montgomery County Police,Injury Crash,06/24/2017 06:46:00 AM,Maryland (State),BRADLEY BLVD,County,EWING DR,,N/A,BICYCLIST,HEAD ON LEFT TURN,CLEAR,WET,DAYLIGHT,NO CONTROLS,NONE DETECTED,NONE DETECTED,232C0DF9-EDC2-46B4-B6AD-09746ADBB467,BICYCLIST,Cross/Enter at Intersection,N/A,SHARED USE PATH OR TRAILS,N/A,LIGHT CLOTHING,No,SUSPECTED SERIOUS INJURY,MC/BIKE HELMET,38.99439758,-77.12325096,"(38.99439758, -77.12325096)"
MCP3045000J,170515506,Montgomery County Police,Injury Crash,06/24/2017 06:46:00 AM,Maryland (State),BRADLEY BLVD,County,EWING DR,,N/A,BICYCLIST,HEAD ON LEFT TURN,CLEAR,WET,DAYLIGHT,NO CONTROLS,NONE DETECTED,NONE DETECTED,A98C05F9-6D3E-4AF1-A1A0-65728F8551E3,BICYCLIST,Cross/Enter at Intersection,N/A,SHARED USE PATH OR TRAILS,N/A,LIGHT CLOTHING,No,SUSPECTED SERIOUS INJURY,MC/BIKE HELMET,38.99439758,-77.12325096,"(38.99439758, -77.12325096)"
MCP3039000N,170515413,Montgomery County Police,Injury Crash,06/23/2017 07:50:00 PM,Maryland (State),OLD GEORGETOWN RD,Ramp,RAMP 4 FR MD 187 NB TO IS 495 EB,,N/A,BICYCLIST,SAME DIR REAR END,CLEAR,DRY,DAYLIGHT,TRAFFIC SIGNAL,NONE DETECTED,NONE DETECTED,1D97FA12-9737-4990-823B-AC984C47B1BB,BICYCLIST,Walking/Riding w/Traffic,NO IMPROPER ACTIONS,ON ROADWAY NOT AT CROSSWALK,NO PED. SIGNAL,REFLECTIVE MATERIAL,No,SUSPECTED MINOR INJURY,MC/BIKE HELMET,39.01477089,-77.11841695,"(39.01477089, -77.11841695)"
MCP20480019,170515411,Montgomery County Police,Injury Crash,06/23/2017 06:27:00 PM,Maryland (State),SANDY SPRING RD,Ramp,RAMP 4 FR US 29 NB TO MD 198 EB,,N/A,PEDESTRIAN,OTHER,CLEAR,DRY,DAYLIGHT,NO CONTROLS,UNKNOWN,NONE DETECTED,887F88DD-FA4D-4D2F-B2AF-408DC929E0B3,PEDESTRIAN,Walking/Cycling on Sidewalk,NO IMPROPER ACTIONS,SIDEWALK,NO PED. SIGNAL,DARK CLOTHING,No,SUSPECTED MINOR INJURY,N/A,39.111815,-76.929065,"(39.111815, -76.929065)"
MCP1151006M,170515105,Montgomery County Police,Injury Crash,06/22/2017 07:45:00 AM,Maryland (State),FREDERICK RD,Unknown,ENT TO FOX CHAPEL CENTER,,N/A,PEDESTRIAN,OTHER,CLEAR,DRY,DAYLIGHT,TRAFFIC SIGNAL,NONE DETECTED,NONE DETECTED,E2142C6E-D41F-478D-9A66-8A6DFF28DCBC,PEDESTRIAN,Cross/Enter not at Intersection,IN ROADWAY IMPROPERLY,ON ROADWAY NOT AT CROSSWALK,DISOBEYED PED. SIGNAL,MIXED CLOTHING,Yes,SUSPECTED SERIOUS INJURY,N/A,39.17847703,-77.23839954,"(39.17847703, -77.23839954)"
MCP1151006L,170515099,Montgomery County Police,Injury Crash,06/22/2017 07:41:00 AM,,,,,"PARKING LOT OF CHIC FIL A RESTAURANT  19945 CENTURY BLVD GERMANTOWN, MD",,PEDESTRIAN,OTHER,CLEAR,,DAYLIGHT,N/A,NONE DETECTED,NONE DETECTED,BC497ADC-3FF3-498C-9254-602F97B58E77,PEDESTRIAN,Other,NO IMPROPER ACTIONS,OTHER,N/A,MIXED CLOTHING,No,POSSIBLE INJURY,N/A,39.182173,-77.261231,"(39.182173, -77.261231)"
MCP20460072,170515096,Montgomery County Police,Injury Crash,06/22/2017 06:06:00 AM,US (State),COLESVILLE RD,Unknown,CROSSOVER,,N/A,PEDESTRIAN,STRAIGHT MOVEMENT ANGLE,CLEAR,DRY,DAYLIGHT,NO CONTROLS,NONE DETECTED,NONE DETECTED,4E050450-B70B-4F8B-8B9E-84693B7D1970,PEDESTRIAN,Unknown,DART DASH,UNKNOWN,NO PED. SIGNAL,UNKNOWN,Unknown,SUSPECTED SERIOUS INJURY,N/A,39.02155333,-77.012305,"(39.02155333, -77.012305)"
MCP29410021,170515017,Montgomery County Police,Injury Crash,06/21/2017 07:40:00 PM,County,FENTON ST,County,WAYNE AVE,,N/A,PEDESTRIAN,SINGLE VEHICLE,CLEAR,DRY,DAYLIGHT,NO CONTROLS,NONE DETECTED,N/A,8727DA2A-4FC5-4077-BBB6-34062F2AED9A,PEDESTRIAN,Cross/Enter at Intersection,DART DASH,AT INTERSECTION MARKED CROSSWALK,N/A,LIGHT CLOTHING,Unknown,POSSIBLE INJURY,NONE,38.99609445,-77.02474952,"(38.99609445, -77.02474952)"
MCP27080023,170514827,Montgomery County Police,Injury Crash,06/20/2017 08:57:00 PM,County,11TH AVE,County,RUATAN ST,,N/A,PEDESTRIAN,STRAIGHT MOVEMENT ANGLE,CLEAR,N/A,DARK LIGHTS ON,N/A,,NONE DETECTED,616959EE-1DCC-4EC3-B1BE-19995D8310B7,PEDESTRIAN,Standing,UNKNOWN,CURB,NO PED. SIGNAL,MIXED CLOTHING,No,SUSPECTED MINOR INJURY,NONE,38.99696997,-76.99050307,"(38.99696997, -76.99050307)"
MCP1301000T,170514720,Montgomery County Police,Fatal Crash,06/20/2017 10:44:00 AM,County,MIDDLEBROOK RD,Maryland (State),GREAT SENECA HWY,,N/A,PEDESTRIAN,STRAIGHT MOVEMENT ANGLE,CLEAR,DRY,DAYLIGHT,TRAFFIC SIGNAL,"NONE DETECTED, UNKNOWN",UNKNOWN,DEE50186-51C2-489F-B613-5AA3966B8C5B,PEDESTRIAN,Other,NO IMPROPER ACTIONS,MEDIAN,N/A,MIXED CLOTHING,No,FATAL INJURY,NONE,39.17493347,-77.26046741,"(39.17493347, -77.26046741)"
MCP271700CB,170514564,Montgomery County Police,Injury Crash,06/19/2017 03:20:00 PM,County,WILLARD AVE,Municipality,FRIENDSHIP BLVD,,FRIENDSHIP HEIGHTS,PEDESTRIAN,SINGLE VEHICLE,RAINING,WET,DAYLIGHT,TRAFFIC SIGNAL,NONE DETECTED,NONE DETECTED,70BC6326-D619-43AC-BA52-5115C234FB2D,PEDESTRIAN,Cross/Enter at Intersection,NO IMPROPER ACTIONS,ON ROADWAY NOT AT CROSSWALK,OBEYED PED. SIGNAL,MIXED CLOTHING,No,SUSPECTED MINOR INJURY,NONE,38.96221333,-77.08931583,"(38.96221333, -77.08931583)"
MCP29650023,170514547,Montgomery County Police,Injury Crash,06/19/2017 02:24:00 PM,County,MORNINGWOOD DR,County,MORNINGWOOD CT,,N/A,OTHER,SAME DIRECTION SIDESWIPE,CLEAR,DRY,DAYLIGHT,NO CONTROLS,NONE DETECTED,NONE DETECTED,A4A4D679-60F4-4CBF-8AFF-426C6C31CF4B,OTHER,Other,NO IMPROPER ACTIONS,CURB,N/A,LIGHT CLOTHING,No,POSSIBLE INJURY,NONE,39.15071167,-77.08828333,"(39.15071167, -77.08828333)"
MCP11740026,170514526,Montgomery County Police,Injury Crash,06/19/2017 12:54:00 PM,,,,,7730 WOODMONT AVE.PARKING GARAGE ENTRANCE TO GARAGE 11.,,PEDESTRIAN,SINGLE VEHICLE,CLEAR,,DAYLIGHT,STOP SIGN,NONE DETECTED,NONE DETECTED,2D76BFAA-131B-4F04-B9A8-E4D6038BF93D,PEDESTRIAN,Walking/Cycling on Sidewalk,NO IMPROPER ACTIONS,SIDEWALK,NO PED. SIGNAL,LIGHT CLOTHING,No,POSSIBLE INJURY,NONE,38.98762637,-77.09616065,"(38.98762637, -77.09616065)"
DM8456000V,170514397,Takoma Park Police Depart,Injury Crash,06/18/2017 01:00:00 PM,Maryland (State),NEW HAMPSHIRE AVE,Maryland (State),UNIVERSITY BLVD,,N/A,PEDESTRIAN,N/A,CLEAR,DRY,DAYLIGHT,TRAFFIC SIGNAL,N/A,NONE DETECTED,FA0BCDC3-971A-4350-90F0-C687F2A519DE,PEDESTRIAN,Cross/Enter not at Intersection,DART DASH,ON ROADWAY NOT AT CROSSWALK,NO PED. SIGNAL,MIXED CLOTHING,Yes,POSSIBLE INJURY,NONE,38.98634,-76.98856167,"(38.98634, -76.98856167)"
MCP22550002,170514349,Montgomery County Police,Injury Crash,06/18/2017 02:09:00 AM,Maryland (State),FREDERICK RD,Municipality,DALAMAR ST,,GAITHERSBURG,PEDESTRIAN,N/A,CLEAR,DRY,DARK LIGHTS ON,N/A,N/A,UNKNOWN,0D9771EA-7FD7-4587-8C57-15A886ADB8B9,PEDESTRIAN,Cross/Enter not at Intersection,IN ROADWAY IMPROPERLY,ON ROADWAY NOT AT CROSSWALK,OTHER,DARK CLOTHING,Yes,SUSPECTED SERIOUS INJURY,N/A,39.146945,-77.20524667,"(39.146945, -77.20524667)"
DD56030040,170514300,Rockville Police Departme,Injury Crash,06/17/2017 05:15:00 PM,,,,,"PARKING LOT OF 1471 ROCKVILLE PIKE, ROCKVILLE, MD",,PEDESTRIAN,OTHER,CLEAR,,DAYLIGHT,STOP SIGN,UNKNOWN,NONE DETECTED,EB7B3336-B87D-4585-AD7E-E954976913F4,PEDESTRIAN,Other,OTHER,OTHER,NO PED. SIGNAL,MIXED CLOTHING,No,SUSPECTED MINOR INJURY,N/A,39.06536,-77.12735167,"(39.06536, -77.12735167)"
DD56030040,170514300,Rockville Police Departme,Injury Crash,06/17/2017 05:15:00 PM,,,,,"PARKING LOT OF 1471 ROCKVILLE PIKE, ROCKVILLE, MD",,PEDESTRIAN,OTHER,CLEAR,,DAYLIGHT,STOP SIGN,UNKNOWN,NONE DETECTED,9D5EA762-73C3-4B7A-9621-A0107377AAF6,PEDESTRIAN,Other,OTHER,OTHER,NO PED. SIGNAL,LIGHT CLOTHING,No,SUSPECTED MINOR INJURY,N/A,39.06536,-77.12735167,"(39.06536, -77.12735167)"
MCP93110013,170514222,Montgomery County Police,Injury Crash,06/17/2017 12:20:00 PM,Maryland (State),BRADLEY BLVD,County,DURBIN RD,,N/A,BICYCLIST,SAME DIRECTION SIDESWIPE,CLEAR,DRY,DAYLIGHT,NO CONTROLS,NONE DETECTED,NONE DETECTED,5582CD7C-D9A5-4866-A341-0DA5FAD19D9D,BICYCLIST,Walking/Riding w/Traffic,NO IMPROPER ACTIONS,SHOULDER,N/A,DARK CLOTHING,No,SUSPECTED MINOR INJURY,MC/BIKE HELMET,38.98351808,-77.11447477,"(38.98351808, -77.11447477)"
MCP11700020,170514217,Montgomery County Police,Injury Crash,06/17/2017 11:21:00 AM,,,,,13716 BRIGEWATER DRIVE,,PEDESTRIAN,SINGLE VEHICLE,CLEAR,,DAYLIGHT,N/A,UNKNOWN,NONE DETECTED,B435C8A3-45E1-4A3A-85E0-3F0AE5009D7F,PEDESTRIAN,Standing,OTHER,OTHER,OTHER,OTHER,No,SUSPECTED MINOR INJURY,N/A,39.08086528,-76.96707129,"(39.08086528, -76.96707129)"
MCP2962001C,170514059,Montgomery County Police,Injury Crash,06/16/2017 02:21:00 PM,County,OBSERVATION DR,County,RIDGE RD,,N/A,OTHER,OTHER,CLEAR,DRY,DAYLIGHT,PERSON,UNKNOWN,N/A,85E92FA0-FFE6-4902-A9F4-DE2A6AD1B875,OTHER,Other Working,N/A,OTHER,N/A,REFLECTIVE MATERIAL,No,NO APPARENT INJURY,N/A,39.20205068,-77.25325495,"(39.20205068, -77.25325495)"
DD5614002X,170514040,Rockville Police Departme,Injury Crash,06/16/2017 01:15:00 PM,Maryland (State),VEIRS MILL RD,Municipality,ATLANTIC AVE,,ROCKVILLE,PEDESTRIAN,STRAIGHT MOVEMENT ANGLE,CLOUDY,DRY,DAYLIGHT,TRAFFIC SIGNAL,NONE DETECTED,NONE DETECTED,2C7E3393-B078-4EB5-BFD4-913D3DAD35BF,PEDESTRIAN,Cross/Enter at Intersection,NO IMPROPER ACTIONS,AT INTERSECTION MARKED CROSSWALK,OBEYED PED. SIGNAL,MIXED CLOTHING,No,SUSPECTED MINOR INJURY,NONE,39.07507685,-77.11564355,"(39.07507685, -77.11564355)"
MCP28300032,170513777,Montgomery County Police,Injury Crash,06/15/2017 07:01:00 AM,Maryland (State),NEW HAMPSHIRE AVE,County,SPOTSWOOD DR,,N/A,BICYCLIST,STRAIGHT MOVEMENT ANGLE,N/A,DRY,DAYLIGHT,STOP SIGN,NONE DETECTED,NONE DETECTED,59072437-095F-4F8D-9F09-3F206A4FAAA6,BICYCLIST,Cross/Enter at Intersection,FAILURE TO YIELD RIGHT OF WAY,SHOULDER,N/A,LIGHT CLOTHING,Yes,SUSPECTED MINOR INJURY,LIGHTING,39.11898,-76.98926167,"(39.11898, -76.98926167)"
MCP23300011,170513717,Montgomery County Police,Injury Crash,06/14/2017 07:22:00 PM,Maryland (State),GEORGIA AVE,County,ARCOLA AVE,,N/A,BICYCLIST,OTHER,CLEAR,DRY,DAYLIGHT,TRAFFIC SIGNAL,NONE DETECTED,NONE DETECTED,6103949E-024E-4911-8552-3849DFE81757,BICYCLIST,Cross/Enter at Intersection,N/A,AT INTERSECTION MARKED CROSSWALK,OBEYED PED. SIGNAL,LIGHT CLOTHING,No,POSSIBLE INJURY,MC/BIKE HELMET,39.0470806,-77.05194443,"(39.0470806, -77.05194443)"
DD5601002Y,170513709,Rockville Police Departme,Injury Crash,06/14/2017 07:16:00 PM,Municipality,PASTURE BROOK WAY,Municipality,WOOTTON PKWY,,ROCKVILLE,BICYCLIST,OTHER,CLEAR,DRY,DAYLIGHT,STOP SIGN,N/A,N/A,D2762516-ADF6-4E7F-80AF-50E582B10DC2,BICYCLIST,Cross/Enter at Intersection,UNKNOWN,ON ROADWAY AT CROSSWALK,N/A,MIXED CLOTHING,Unknown,SUSPECTED MINOR INJURY,MC/BIKE HELMET,39.06825333,-77.16766,"(39.06825333, -77.16766)"
MCP137800H6,170513692,Montgomery County Police,Injury Crash,06/14/2017 06:02:00 PM,Maryland (State),GREAT SENECA HWY,County,SAM EIG HWY,,N/A,BICYCLIST,STRAIGHT MOVEMENT ANGLE,CLEAR,DRY,DAYLIGHT,TRAFFIC SIGNAL,NONE DETECTED,NONE DETECTED,68C640B1-4C11-494F-B762-0D0073A94B4E,BICYCLIST,Cross/Enter at Intersection,NO IMPROPER ACTIONS,ON ROADWAY AT CROSSWALK,OBEYED PED. SIGNAL,DARK CLOTHING,No,SUSPECTED MINOR INJURY,MC/BIKE HELMET,39.10989667,-77.211555,"(39.10989667, -77.211555)"
MCP21340011,170513638,Montgomery County Police,Injury Crash,06/14/2017 01:07:00 PM,,,,,PARKING LOT OF 15200 SHADY GROVE ROAD,,PEDESTRIAN,OTHER,CLEAR,,DAYLIGHT,N/A,NONE DETECTED,NONE DETECTED,C46604D0-FF98-4E80-BF25-34DB41307F32,PEDESTRIAN,Other,OTHER,OTHER,N/A,DARK CLOTHING,No,SUSPECTED MINOR INJURY,N/A,39.10499667,-77.19169333,"(39.10499667, -77.19169333)"
MCP2437002Q,170513484,Montgomery County Police,Injury Crash,06/13/2017 06:21:00 PM,Maryland (State),GEORGIA AVE,County,HEWITT AVE,,N/A,PEDESTRIAN,SINGLE VEHICLE,CLEAR,DRY,DAYLIGHT,TRAFFIC SIGNAL,NONE DETECTED,NONE DETECTED,D0FF4FC1-A35B-43EA-AB3D-3845578848AD,PEDESTRIAN,Cross/Enter at Intersection,NO IMPROPER ACTIONS,ON ROADWAY AT CROSSWALK,OBEYED PED. SIGNAL,MIXED CLOTHING,No,SUSPECTED MINOR INJURY,NONE,39.0777,-77.070905,"(39.0777, -77.070905)"
DD5508003N,170513397,Rockville Police Departme,Injury Crash,06/13/2017 12:24:00 PM,Municipality,N WASHINGTON ST,Municipality,WOOD LA,,ROCKVILLE,PEDESTRIAN,OTHER,CLEAR,DRY,DAYLIGHT,STOP SIGN,NONE DETECTED,NONE DETECTED,8E1CEC93-70C6-4D63-9660-9427A50558B6,PEDESTRIAN,Cross/Enter at Intersection,NO IMPROPER ACTIONS,ON ROADWAY AT CROSSWALK,OBEYED PED. SIGNAL,MIXED CLOTHING,No,SUSPECTED MINOR INJURY,N/A,39.08606,-77.15289833,"(39.08606, -77.15289833)"
MCP2549005X,170513369,Montgomery County Police,Injury Crash,06/13/2017 09:48:00 AM,County,ELM ST,County,WOODMONT AVE,,N/A,PEDESTRIAN,OTHER,CLEAR,DRY,DAYLIGHT,TRAFFIC SIGNAL,NONE DETECTED,NONE DETECTED,57D0026D-EA8C-4A7C-B086-42A6B8DC0813,PEDESTRIAN,Cross/Enter at Intersection,NO IMPROPER ACTIONS,ON ROADWAY AT CROSSWALK,OBEYED PED. SIGNAL,MIXED CLOTHING,No,SUSPECTED MINOR INJURY,NONE,38.98218833,-77.09575833,"(38.98218833, -77.09575833)"
MCP2970002V,170513352,Montgomery County Police,Injury Crash,06/13/2017 08:31:00 AM,Maryland (State),UNIVERSITY BLVD W,Unknown,CROSSOVER,,N/A,PEDESTRIAN,SINGLE VEHICLE,CLEAR,DRY,DAYLIGHT,STOP SIGN,N/A,N/A,953F056A-E4D2-4EAB-BBD7-180DBD00EC37,PEDESTRIAN,Cross/Enter at Intersection,DART DASH,AT INTERSECTION BUT NO CROSSWALK,NO PED. SIGNAL,DARK CLOTHING,Yes,SUSPECTED MINOR INJURY,NONE,39.03638333,-77.027125,"(39.03638333, -77.027125)"
MCP9386004T,170513166,Montgomery County Police,Injury Crash,06/12/2017 08:23:00 AM,County,MARYKNOLL AVE,Maryland (State),WILSON LA,,N/A,BICYCLIST,STRAIGHT MOVEMENT ANGLE,CLEAR,DRY,DAYLIGHT,STOP SIGN,NONE DETECTED,NONE DETECTED,73BFF3CF-0223-46FC-A8F2-34DD14E56FC2,BICYCLIST,Walking/Cycling on Sidewalk,FAILURE TO YIELD RIGHT OF WAY,SIDEWALK,NO PED. SIGNAL,MIXED CLOTHING,Yes,SUSPECTED MINOR INJURY,UNKNOWN,38.98655267,-77.13406831,"(38.98655267, -77.13406831)"
MCP23530041,170513155,Montgomery County Police,Injury Crash,06/12/2017 06:18:00 AM,Maryland (State),EAST WEST HWY,Unknown,SPUR FR JONES MILL RD,,N/A,BICYCLIST,STRAIGHT MOVEMENT ANGLE,CLOUDY,DRY,DAYLIGHT,NO CONTROLS,NONE DETECTED,NONE DETECTED,A1114331-0C38-40AF-8935-0257D6D6B277,BICYCLIST,Cross/Enter not at Intersection,INATTENTIVE,OUTSIDE RIGHT OF WAY,N/A,HEAD LIGHT,Yes,SUSPECTED MINOR INJURY,MC/BIKE HELMET,38.99326333,-77.06411,"(38.99326333, -77.06411)"
MCP2082000Z,170513136,Montgomery County Police,Injury Crash,06/11/2017 11:59:00 PM,Maryland (State),GEORGIA AVE,County,ENNALLS AVE,,N/A,PEDESTRIAN,SINGLE VEHICLE,CLEAR,DRY,DARK LIGHTS ON,NO CONTROLS,NONE DETECTED,ALCOHOL CONTRIBUTED,2139C4CD-C7A0-46EE-AF1B-8CEDC1432845,PEDESTRIAN,Cross/Enter not at Intersection,UNKNOWN,ON ROADWAY NOT AT CROSSWALK,OTHER,LIGHT CLOTHING,Yes,SUSPECTED SERIOUS INJURY,NONE,39.07991333,-77.080315,"(39.07991333, -77.080315)"
MCP2905002R,170513078,Montgomery County Police,Injury Crash,06/11/2017 03:48:00 PM,Maryland (State),WILSON LA,County,MOORLAND LA,,N/A,PEDESTRIAN,STRAIGHT MOVEMENT ANGLE,CLEAR,DRY,DAYLIGHT,STOP SIGN,N/A,N/A,547D6A58-4FD3-4F93-B3A1-DE6CAD2CC26C,PEDESTRIAN,Standing,NO IMPROPER ACTIONS,SIDEWALK,N/A,MIXED CLOTHING,No,SUSPECTED MINOR INJURY,N/A,38.98711,-77.10970333,"(38.98711, -77.10970333)"
MCP2512002R,170513077,Montgomery County Police,Injury Crash,06/11/2017 03:30:00 PM,Maryland (State),KEY WEST AVE,County,DARNESTOWN RD,,N/A,BICYCLIST,STRAIGHT MOVEMENT ANGLE,CLEAR,DRY,DAYLIGHT,STOP SIGN,NONE DETECTED,NONE DETECTED,31087CFA-0D13-4C56-9F1C-3A05700C9DF2,BICYCLIST,Walking/Riding w/Traffic,NO IMPROPER ACTIONS,IN BIKEWAY,N/A,LIGHT CLOTHING,No,SUSPECTED MINOR INJURY,MC/BIKE HELMET,39.10100032,-77.21216083,"(39.10100032, -77.21216083)"
MCP2398001N,170512886,Montgomery County Police,Injury Crash,06/10/2017 12:46:00 PM,Maryland (State),CLOPPER RD,County,PARKRIDGE DR,,N/A,PEDESTRIAN,STRAIGHT MOVEMENT ANGLE,CLEAR,DRY,DAYLIGHT,NO CONTROLS,NONE DETECTED,NONE DETECTED,55BCE39B-EE0A-4E9A-820F-A587F71498B0,PEDESTRIAN,Cross/Enter at Intersection,IN ROADWAY IMPROPERLY,ON ROADWAY NOT AT CROSSWALK,NO PED. SIGNAL,MIXED CLOTHING,Yes,SUSPECTED MINOR INJURY,NONE,39.1485,-77.239515,"(39.1485, -77.239515)"
MCP2177001W,170512885,Montgomery County Police,Injury Crash,06/10/2017 12:30:00 PM,Maryland (State),DARNESTOWN RD,County,MUDDY BRANCH RD,,N/A,BICYCLIST,SAME DIRECTION RIGHT TURN,CLEAR,DRY,DAYLIGHT,TRAFFIC SIGNAL,UNKNOWN,NONE DETECTED,D611F962-0D1E-4FB0-A7D2-BCE994617E97,BICYCLIST,N/A,NO IMPROPER ACTIONS,IN BIKEWAY,N/A,MIXED CLOTHING,No,SUSPECTED MINOR INJURY,MC/BIKE HELMET,39.102735,-77.22112333,"(39.102735, -77.22112333)"
MCP2818002V,170512776,Montgomery County Police,Injury Crash,06/09/2017 07:44:00 PM,County,SLIGO AVE,County,FENTON ST,,N/A,PEDESTRIAN,N/A,N/A,DRY,DAYLIGHT,TRAFFIC SIGNAL,NONE DETECTED,N/A,D4048872-45EC-4C03-986B-F828D2FC1DA2,PEDESTRIAN,Cross/Enter at Intersection,NO IMPROPER ACTIONS,ON ROADWAY AT CROSSWALK,OBEYED PED. SIGNAL,LIGHT CLOTHING,No,POSSIBLE INJURY,N/A,38.990385,-77.02352,"(38.990385, -77.02352)"
MCP1563003R,170512738,Montgomery County Police,Injury Crash,06/09/2017 04:30:00 PM,Maryland (State),CONNECTICUT AVE,Maryland (State),EAST WEST HWY,,N/A,BICYCLIST,STRAIGHT MOVEMENT ANGLE,CLEAR,DRY,DAYLIGHT,NO CONTROLS,UNKNOWN,NONE DETECTED,5393D388-92B9-440D-ADAC-B837D22F3980,BICYCLIST,Walking/Riding w/Traffic,NO IMPROPER ACTIONS,ON ROADWAY NOT AT CROSSWALK,N/A,MIXED CLOTHING,No,SUSPECTED MINOR INJURY,MC/BIKE HELMET,38.98762115,-77.07727253,"(38.98762115, -77.07727253)"
DD5617000V,170512462,Rockville Police Departme,Injury Crash,06/08/2017 10:45:00 AM,Municipality,RESEARCH CT,Municipality,RESEARCH BLVD,,ROCKVILLE,PEDESTRIAN,N/A,CLEAR,N/A,DAYLIGHT,N/A,UNKNOWN,UNKNOWN,FE8E7145-9E4F-43A0-BE3E-61ECCEBE8427,PEDESTRIAN,Cross/Enter not at Intersection,UNKNOWN,ON ROADWAY NOT AT CROSSWALK,N/A,N/A,Unknown,SUSPECTED MINOR INJURY,NONE,39.10516667,-77.19007833,"(39.10516667, -77.19007833)"
MCP2339002G,170512551,Montgomery County Police,Injury Crash,06/08/2017 07:32:00 AM,County,BRIGGS CHANEY RD,County,GOOD HOPE RD,,N/A,BICYCLIST,HEAD ON LEFT TURN,N/A,DRY,DAYLIGHT,NO CONTROLS,NONE DETECTED,NONE DETECTED,BBA9D4FB-1414-4CA9-9C38-58CEC03FB028,BICYCLIST,Cross/Enter at Intersection,N/A,AT INTERSECTION BUT NO CROSSWALK,N/A,MIXED CLOTHING,No,SUSPECTED MINOR INJURY,MC/BIKE HELMET,39.101519,-76.980297,"(39.101519, -76.980297)"
MCP23570029,170512262,Montgomery County Police,Injury Crash,06/07/2017 10:12:00 AM,US (State),GEORGIA AVE,County,BONIFANT ST,,N/A,PEDESTRIAN,HEAD ON LEFT TURN,CLEAR,DRY,DAYLIGHT,TRAFFIC SIGNAL,NONE DETECTED,NONE DETECTED,375929CB-1480-433C-AF55-99F607C77CD1,PEDESTRIAN,Cross/Enter at Intersection,N/A,ON ROADWAY AT CROSSWALK,OBEYED PED. SIGNAL,N/A,No,SUSPECTED MINOR INJURY,NONE,38.99361833,-77.02660833,"(38.99361833, -77.02660833)"
MCP23850019,170512209,Montgomery County Police,Injury Crash,06/06/2017 11:24:00 AM,,,,,PARKING LOT OF 18701 LIBERTY MILL RD (SUNOCO GAS STATION),,PEDESTRIAN,SINGLE VEHICLE,CLEAR,,DARK LIGHTS ON,NO CONTROLS,NONE DETECTED,NONE DETECTED,CB76D08F-0917-4641-BF73-F7C234F0CEC5,PEDESTRIAN,Other,NO IMPROPER ACTIONS,OTHER,N/A,DARK CLOTHING,No,POSSIBLE INJURY,NONE,39.16229,-77.28059,"(39.16229, -77.28059)"
MCP2801001Z,170511679,Montgomery County Police,Injury Crash,06/04/2017 02:51:00 AM,County,SILVER SPRING AVE,County,MAYOR LA,,N/A,PEDESTRIAN,OTHER,CLEAR,DRY,DARK LIGHTS ON,NO CONTROLS,ALCOHOL PRESENT,N/A,E7AB3D13-89C9-4034-8AB3-2D89B3C4D4C6,PEDESTRIAN,N/A,NO IMPROPER ACTIONS,N/A,N/A,OTHER,No,POSSIBLE INJURY,NONE,38.99164581,-77.02596992,"(38.99164581, -77.02596992)"