Report Number,Local Case Number,Agency Name,ACRS Report Type,Crash Date/Time,Route Type,Road Name,Cross-Street Type,Cross-Street Name,Off-Road Description,Municipality,Related Non-Motorist,Collision Type,Weather,Surface Condition,Light,Traffic Control,Driver Substance Abuse,Non-Motorist Substance Abuse,Person ID,Pedestrian Type,Pedestrian Movement,Pedestrian Actions,Pedestrian Location,Pedestrian Obeyed Traffic Signal,Pedestrian Visibility,At Fault,Injury Severity,Safety Equipment,Latitude,Longitude,Location
MCP2801001Z,170511679,Montgomery County Police,Injury Crash,06/04/2017 02:51:00 AM,County,SILVER SPRING AVE,County,MAYOR LA,,N/A,PEDESTRIAN,OTHER,CLEAR,DRY,DARK LIGHTS ON,NO CONTROLS,ALCOHOL PRESENT,N/A,41F52208-DF23-4744-84DF-6855779B62E9,PEDESTRIAN,N/A,OTHER,N/A,N/A,DARK CLOTHING,No,SUSPECTED MINOR INJURY,NONE,38.99164581,-77.02596992,"(38.99164581, -77.02596992)"
MCP2348002M,170511431,Montgomery County Police,Injury Crash,06/02/2017 08:22:00 PM,County,AMHERST AVE,County,BLUERIDGE AVE,,N/A,PEDESTRIAN,SINGLE VEHICLE,CLEAR,DRY,DAYLIGHT,N/A,NONE DETECTED,NONE DETECTED,EA8A3B91-14E3-4C48-B9B9-ED068A02844E,PEDESTRIAN,Cross/Enter at Intersection,NO IMPROPER ACTIONS,ON ROADWAY AT CROSSWALK,NO PED. SIGNAL,MIXED CLOTHING,No,SUSPECTED MINOR INJURY,N/A,39.04333616,-77.0478715,"(39.04333616, -77.0478715)"
MCP2348002M,170511431,Montgomery County Police,Injury Crash,06/02/2017 08:22:00 PM,County,AMHERST AVE,County,BLUERIDGE AVE,,N/A,PEDESTRIAN,SINGLE VEHICLE,CLEAR,DRY,DAYLIGHT,N/A,NONE DETECTED,NONE DETECTED,3B8E2A1B-7404-4227-9B1E-7790834F48F9,PEDESTRIAN,Cross/Enter at Intersection,NO IMPROPER ACTIONS,ON ROADWAY AT CROSSWALK,NO PED. SIGNAL,MIXED CLOTHING,No,SUSPECTED MINOR INJURY,N/A,39.04333616,-77.0478715,"(39.04333616, -77.0478715)"
MCP2348002M,170511431,Montgomery County Police,Injury Crash,06/02/2017 08:22:00 PM,County,AMHERST AVE,County,BLUERIDGE AVE,,N/A,PEDESTRIAN,SINGLE VEHICLE,CLEAR,DRY,DAYLIGHT,N/A,NONE DETECTED,NONE DETECTED,82F8860B-BBDF-4F28-8136-63B84C08B567,PEDESTRIAN,Cross/Enter at Intersection,NO IMPROPER ACTIONS,ON ROADWAY AT CROSSWALK,NO PED. SIGNAL,MIXED CLOTHING,No,SUSPECTED MINOR INJURY,N/A,39.04333616,-77.0478715,"(39.04333616, -77.0478715)"
MCP2676002N,170511356,Montgomery County Police,Injury Crash,06/02/2017 03:24:00 PM,County,GOSHEN RD,County,EMORY GROVE RD,,N/A,PEDESTRIAN,OTHER,CLEAR,DRY,DAYLIGHT,TRAFFIC SIGNAL,N/A,N/A,3C0085F8-EEE3-4071-A39A-2DB9CBB745C8,PEDESTRIAN,Cross/Enter at Intersection,IN ROADWAY IMPROPERLY,ON ROADWAY NOT AT CROSSWALK,N/A,MIXED CLOTHING,Yes,SUSPECTED MINOR INJURY,N/A,39.16034667,-77.19259333,"(39.16034667, -77.19259333)"
MCP2201000Y,170511222,Montgomery County Police,Injury Crash,06/01/2017 08:14:00 PM,Maryland (State),COLESVILLE RD,County,SECOND AVE,,N/A,PEDESTRIAN,STRAIGHT MOVEMENT ANGLE,CLEAR,DRY,DARK LIGHTS ON,TRAFFIC SIGNAL,NONE DETECTED,NONE DETECTED,72DE848E-5281-4623-827C-ACA573FED069,PEDESTRIAN,Cross/Enter at Intersection,DART DASH,ON ROADWAY AT CROSSWALK,DISOBEYED PED. SIGNAL,DARK CLOTHING,Yes,POSSIBLE INJURY,NONE,38.99394417,-77.03144968,"(38.99394417, -77.03144968)"
MCP9442000X,170510900,Montgomery County Police,Injury Crash,05/31/2017 02:06:00 PM,County,REDLAND RD,Maryland (State),MUNCASTER MILL RD,,N/A,PEDESTRIAN,OTHER,CLEAR,DRY,DAYLIGHT,NO CONTROLS,NONE DETECTED,NONE DETECTED,A9C17BD1-E070-418D-A149-7358DC3AEF0F,PEDESTRIAN,Other,IN ROADWAY IMPROPERLY,ON ROADWAY NOT AT CROSSWALK,NO PED. SIGNAL,DARK CLOTHING,Yes,POSSIBLE INJURY,N/A,39.167925,-77.20516333,"(39.167925, -77.20516333)"
MCP2046006W,170510819,Montgomery County Police,Injury Crash,05/31/2017 07:20:00 AM,County,DENNIS AVE,County,ROYALTON RD,,N/A,PEDESTRIAN,STRAIGHT MOVEMENT ANGLE,CLOUDY,WET,DAYLIGHT,NO CONTROLS,NONE DETECTED,NONE DETECTED,00585223-14D1-4513-AEDD-56F688689028,PEDESTRIAN,Cross/Enter not at Intersection,IN ROADWAY IMPROPERLY,ON ROADWAY NOT AT CROSSWALK,NO PED. SIGNAL,UNKNOWN,Yes,POSSIBLE INJURY,N/A,39.02742088,-77.01719239,"(39.02742088, -77.01719239)"
EJ7836000M,170510539,Gaithersburg Police Depar,Injury Crash,05/29/2017 04:40:00 PM,,,,,PARKING LOT IN FRONT OF 394 N SUMMIT AVENUE,,PEDESTRIAN,SINGLE VEHICLE,CLEAR,,DAYLIGHT,NO CONTROLS,N/A,N/A,DF54EEB3-ACEE-4FF0-A5CF-F7BC270065A5,PEDESTRIAN,Playing,DART DASH,N/A,N/A,MIXED CLOTHING,Yes,SUSPECTED MINOR INJURY,N/A,39.09755833,-77.206595,"(39.09755833, -77.206595)"
EJ7836000M,170510539,Gaithersburg Police Depar,Injury Crash,05/29/2017 04:40:00 PM,,,,,PARKING LOT IN FRONT OF 394 N SUMMIT AVENUE,,PEDESTRIAN,SINGLE VEHICLE,CLEAR,,DAYLIGHT,NO CONTROLS,N/A,N/A,787F78F0-2CC0-4567-8DCF-ED1A95C6AFE7,PEDESTRIAN,Playing,DART DASH,N/A,N/A,MIXED CLOTHING,Yes,SUSPECTED MINOR INJURY,N/A,39.09755833,-77.206595,"(39.09755833, -77.206595)"
MCP2335000Y,17510298,Montgomery County Police,Injury Crash,05/27/2017 09:45:00 PM,Maryland (State),GREAT SENECA HWY,County,DAIRYMAID DR,,N/A,PEDESTRIAN,SINGLE VEHICLE,CLEAR,DRY,DARK LIGHTS ON,NO CONTROLS,NONE DETECTED,NONE DETECTED,DE7151F9-7CAD-4519-9DE0-FE8885C93A65,PEDESTRIAN,Cross/Enter at Intersection,FAILURE TO YIELD RIGHT OF WAY,ON ROADWAY AT CROSSWALK,NO PED. SIGNAL,DARK CLOTHING,No,SUSPECTED MINOR INJURY,N/A,39.157865,-77.27576167,"(39.157865, -77.27576167)"
MCP3022000R,17510254,Montgomery County Police,Property Damage Crash,05/27/2017 04:45:00 PM,,,,,PARKING LOT OF 19900 BLOCK OF CENTURY BLVD,,PEDESTRIAN,OTHER,CLEAR,,DAYLIGHT,STOP SIGN,N/A,N/A,DE111010-87A4-402B-AD00-5AF6F7A5E5BF,PEDESTRIAN,Unknown,UNKNOWN,AT INTERSECTION BUT NO CROSSWALK,N/A,N/A,Unknown,NO APPARENT INJURY,N/A,39.18317167,-77.26259167,"(39.18317167, -77.26259167)"
EJ78650013,170510092,Gaithersburg Police Depar,Injury Crash,05/26/2017 07:59:00 PM,Municipality,BUTTRY RD,Municipality,BRIARSTONE LA,,GAITHERSBURG,PEDESTRIAN,SINGLE VEHICLE,CLEAR,DRY,DAYLIGHT,NO CONTROLS,N/A,N/A,08A1AA00-4D91-4620-B2D1-680E2AAC0BC4,PEDESTRIAN,Playing,DART DASH,SHOULDER,NO PED. SIGNAL,MIXED CLOTHING,Yes,POSSIBLE INJURY,N/A,39.13337773,-77.20451921,"(39.13337773, -77.20451921)"
MCP2290000M,170509799,Montgomery County Police,Injury Crash,05/25/2017 12:05:00 PM,,,,,PARKING LOT OF 12089 ROCKVILLE PIKE,,PEDESTRIAN,SINGLE VEHICLE,CLOUDY,,DAYLIGHT,NO CONTROLS,NONE DETECTED,NONE DETECTED,EE4F8BE4-3A3C-454D-8017-CCB72BAF907A,PEDESTRIAN,Other,NO IMPROPER ACTIONS,N/A,N/A,MIXED CLOTHING,No,SUSPECTED SERIOUS INJURY,N/A,39.05568424,-77.11784363,"(39.05568424, -77.11784363)"
MCP2008003R,170509660,Montgomery County Police,Injury Crash,05/24/2017 05:18:00 PM,County,LONE OAK DR,Maryland (State),OLD GEORGETOWN RD,,N/A,BICYCLIST,STRAIGHT MOVEMENT ANGLE,CLOUDY,DRY,DAYLIGHT,TRAFFIC SIGNAL,NONE DETECTED,NONE DETECTED,A6849E6F-4821-41AD-912A-2820802F5CBC,BICYCLIST,Cross/Enter at Intersection,FAILURE TO OBEY TRAFFIC SIGNS SIGNALS OR OFFICER,AT INTERSECTION MARKED CROSSWALK,DISOBEYED PED. SIGNAL,LIGHT CLOTHING,Yes,SUSPECTED MINOR INJURY,NONE,39.020575,-77.12265667,"(39.020575, -77.12265667)"
MCP23570028,170509616,Montgomery County Police,Injury Crash,05/24/2017 02:20:00 PM,Maryland (State),PINEY BRANCH RD,County,WESSEX RD,,N/A,PEDESTRIAN,N/A,CLOUDY,DRY,DAYLIGHT,N/A,NONE DETECTED,NONE DETECTED,848DDCAE-C5B8-4444-8983-89275CC1FF3C,PEDESTRIAN,Cross/Enter not at Intersection,DART DASH,ON ROADWAY NOT AT CROSSWALK,NO PED. SIGNAL,N/A,Yes,POSSIBLE INJURY,OTHER,38.99185,-77.00989833,"(38.99185, -77.00989833)"
MCP2094008J,170509552,Montgomery County Police,Injury Crash,05/24/2017 07:44:00 AM,County,WESTBARD AVE,Other Public Roadway,WESTBARD CIR,,N/A,PEDESTRIAN,OTHER,CLOUDY,WET,DAYLIGHT,NO CONTROLS,NONE DETECTED,NONE DETECTED,48D59A83-9A90-40BF-894A-2B602162B679,PEDESTRIAN,Approach/Leaving Schoolbus,NO IMPROPER ACTIONS,ON ROADWAY AT CROSSWALK,NO PED. SIGNAL,MIXED CLOTHING,No,SUSPECTED SERIOUS INJURY,N/A,38.96474476,-77.10705176,"(38.96474476, -77.10705176)"
MCP30330012,170509475,Montgomery County Police,Injury Crash,05/23/2017 07:23:00 PM,,,,,PARKING LOT OF 8860 PINEY BRANCH ROAD,,PEDESTRIAN,OTHER,RAINING,,DARK LIGHTS ON,NO CONTROLS,UNKNOWN,NONE DETECTED,0BDF779E-55BF-4F80-AE57-5F44B010272D,PEDESTRIAN,Other,NO IMPROPER ACTIONS,OTHER,N/A,MIXED CLOTHING,No,SUSPECTED MINOR INJURY,NONE,39.00080545,-76.99174225,"(39.00080545, -76.99174225)"
MCP11210028,170508938,Montgomery County Police,Injury Crash,05/20/2017 09:09:00 PM,County,SNOUFFERS SCHOOL RD,County,CHERRY LAUREL LA,,N/A,PEDESTRIAN,SINGLE VEHICLE,CLOUDY,DRY,DARK NO LIGHTS,NO CONTROLS,NONE DETECTED,ALCOHOL PRESENT,F98A0CD8-05B5-43E8-A88D-9C3CC0E5953D,PEDESTRIAN,Cross/Enter not at Intersection,DART DASH,DRIVEWAY ACCESS MARKED CROSSWALK,N/A,DARK CLOTHING,Yes,SUSPECTED MINOR INJURY,NONE,39.16332,-77.16625,"(39.16332, -77.16625)"
MCP2475001V,170508891,Montgomery County Police,Injury Crash,05/20/2017 03:31:00 PM,,,,,IN PARKING LOT OF 8750 ARLISS ST.,,PEDESTRIAN,OTHER,N/A,,DAYLIGHT,N/A,UNKNOWN,N/A,387137AE-57B1-4718-819A-E951D91A3F9F,PEDESTRIAN,Other Working,OTHER,OTHER,NO PED. SIGNAL,MIXED CLOTHING,No,POSSIBLE INJURY,NONE,38.99927545,-77.00235844,"(38.99927545, -77.00235844)"
MCP2738002B,170508751,Montgomery County Police,Injury Crash,05/19/2017 06:55:00 PM,,,,,PARKING LOT OF 12028 CHERRY HILL RD,,PEDESTRIAN,N/A,N/A,,DAYLIGHT,NO CONTROLS,N/A,N/A,01950E4E-4B10-4FE0-A117-85B90DA219EC,PEDESTRIAN,Cross/Enter not at Intersection,INATTENTIVE,ON ROADWAY NOT AT CROSSWALK,NO PED. SIGNAL,N/A,Unknown,SUSPECTED MINOR INJURY,N/A,39.05500003,-76.95592538,"(39.05500003, -76.95592538)"
DD5605003M,170508663,Rockville Police Departme,Injury Crash,05/19/2017 12:35:00 PM,Municipality,N WASHINGTON ST,Municipality,MARTINS LA,,ROCKVILLE,PEDESTRIAN,OTHER,CLEAR,DRY,DAYLIGHT,TRAFFIC SIGNAL,NONE DETECTED,NONE DETECTED,C6E84E59-1114-49DE-9C65-4823196E1D1B,PEDESTRIAN,Cross/Enter at Intersection,NO IMPROPER ACTIONS,ON ROADWAY AT CROSSWALK,OBEYED PED. SIGNAL,MIXED CLOTHING,No,POSSIBLE INJURY,N/A,39.09087417,-77.15379283,"(39.09087417, -77.15379283)"
MCP21340010,170508547,Montgomery County Police,Fatal Crash,05/18/2017 06:27:00 PM,Maryland (State),WOODFIELD RD,County,EMORY GROVE RD,,N/A,PEDESTRIAN,SINGLE VEHICLE,N/A,N/A,DAYLIGHT,TRAFFIC SIGNAL,NONE DETECTED,UNKNOWN,5F39F32D-3725-4A9F-971A-137D950FC4D6,PEDESTRIAN,Cross/Enter at Intersection,FAILURE TO OBEY TRAFFIC SIGNS SIGNALS OR OFFICER,ON ROADWAY AT CROSSWALK,DISOBEYED PED. SIGNAL,LIGHT CLOTHING,Unknown,FATAL INJURY,NONE,39.15204492,-77.17238903,"(39.15204492, -77.17238903)"
MCP2914004H,170508525,Montgomery County Police,Injury Crash,05/18/2017 04:40:00 PM,,,,,APARTMENT COMPLEX PARKING LOT- INTERSECTION OF HAMPSHIRE GREEN LANE AND MT. PISGAH LANE,,PEDESTRIAN,OTHER,CLEAR,,DAYLIGHT,NO CONTROLS,N/A,N/A,CF4889F1-2623-4BA9-9642-FCB122646663,PEDESTRIAN,Cross/Enter not at Intersection,DART DASH,ON ROADWAY NOT AT CROSSWALK,NO PED. SIGNAL,MIXED CLOTHING,Yes,SUSPECTED MINOR INJURY,NONE,39.015295,-76.976085,"(39.015295, -76.976085)"
MCP30480011,170510990,Montgomery County Police,Injury Crash,05/18/2017 01:28:00 PM,County,E STANHOPE RD,Government,BEACH DR,,N/A,PEDESTRIAN,OTHER,CLEAR,DRY,DAYLIGHT,STOP SIGN,NONE DETECTED,NONE DETECTED,C1489B7B-1035-4421-9374-D48644197A2C,PEDESTRIAN,Cross/Enter at Intersection,NO IMPROPER ACTIONS,AT INTERSECTION MARKED CROSSWALK,NO PED. SIGNAL,MIXED CLOTHING,No,SUSPECTED MINOR INJURY,N/A,39.00940534,-77.07781434,"(39.00940534, -77.07781434)"
MCP02510016,170508348,Montgomery County Police,Injury Crash,05/17/2017 06:09:00 PM,County,RIFFLE FORD RD,Maryland (State),GERMANTOWN RD,,N/A,BICYCLIST,ANGLE MEETS LEFT HEAD ON,CLEAR,DRY,DAYLIGHT,NO CONTROLS,NONE DETECTED,NONE DETECTED,9E31895B-0E3F-4E3D-8BB9-94548F229AE4,BICYCLIST,Walking/Riding w/Traffic,FAILURE TO YIELD RIGHT OF WAY,ON ROADWAY NOT AT CROSSWALK,N/A,MIXED CLOTHING,Yes,SUSPECTED SERIOUS INJURY,MC/BIKE HELMET,39.14782333,-77.29008167,"(39.14782333, -77.29008167)"
MCP30330010,170508328,Montgomery County Police,Injury Crash,05/17/2017 04:00:00 PM,Maryland (State),UNIVERSITY BLVD E,US (State),COLESVILLE RD,,N/A,PEDESTRIAN,OTHER,CLEAR,DRY,DAYLIGHT,TRAFFIC SIGNAL,NONE DETECTED,NONE DETECTED,4C7617A1-8F9A-4B18-B41A-DBF232ACBE29,PEDESTRIAN,Cross/Enter not at Intersection,FAILURE TO OBEY TRAFFIC SIGNS SIGNALS OR OFFICER,ON ROADWAY AT CROSSWALK,DISOBEYED PED. SIGNAL,MIXED CLOTHING,Yes,POSSIBLE INJURY,NONE,39.01971092,-77.01315299,"(39.01971092, -77.01315299)"
DD56210011,170508352,Rockville Police Departme,Injury Crash,05/17/2017 02:30:00 PM,Municipality,CHURCH ST,Maryland (State),ROCKVILLE PIKE,,N/A,PEDESTRIAN,SINGLE VEHICLE,CLEAR,DRY,DAYLIGHT,TRAFFIC SIGNAL,UNKNOWN,NONE DETECTED,849B78CA-57BF-4B0A-A915-3780EF224F57,PEDESTRIAN,Cross/Enter at Intersection,UNKNOWN,AT INTERSECTION MARKED CROSSWALK,UNKNOWN,MIXED CLOTHING,Unknown,SUSPECTED MINOR INJURY,NONE,39.08354633,-77.14731067,"(39.08354633, -77.14731067)"
DD56210011,170508352,Rockville Police Departme,Injury Crash,05/17/2017 02:30:00 PM,Municipality,CHURCH ST,Maryland (State),ROCKVILLE PIKE,,N/A,PEDESTRIAN,SINGLE VEHICLE,CLEAR,DRY,DAYLIGHT,TRAFFIC SIGNAL,UNKNOWN,NONE DETECTED,C9F2E02D-E815-4EA6-9F8F-478705A8F486,PEDESTRIAN,Cross/Enter at Intersection,UNKNOWN,AT INTERSECTION MARKED CROSSWALK,UNKNOWN,MIXED CLOTHING,Unknown,SUSPECTED MINOR INJURY,NONE,39.08354633,-77.14731067,"(39.08354633, -77.14731067)"
MCP0672000J,170508227,Montgomery County Police,Injury Crash,05/17/2017 04:26:00 AM,Maryland (State),W MONTGOMERY AVE,County,SHADY GROVE RD,,N/A,PEDESTRIAN,N/A,CLEAR,DRY,DARK LIGHTS ON,TRAFFIC SIGNAL,NONE DETECTED,UNKNOWN,0688A3A7-1D6C-4982-891D-A16AA86F95A7,PEDESTRIAN,Cross/Enter at Intersection,FAILURE TO YIELD RIGHT OF WAY,AT INTERSECTION MARKED CROSSWALK,DISOBEYED PED. SIGNAL,N/A,Yes,SUSPECTED SERIOUS INJURY,N/A,39.10350847,-77.19058245,"(39.10350847, -77.19058245)"
MCP2695001F,170508116,Montgomery County Police,Injury Crash,05/16/2017 02:56:00 PM,Maryland (State),SANDY SPRING RD,County,DINO DR,,N/A,PEDESTRIAN,SINGLE VEHICLE,CLEAR,DRY,DAYLIGHT,NO CONTROLS,N/A,N/A,46FCBE15-A586-4438-A914-14FB6512A9CC,PEDESTRIAN,Other,NO IMPROPER ACTIONS,SHOULDER,N/A,N/A,No,SUSPECTED SERIOUS INJURY,N/A,39.10860151,-76.92221403,"(39.10860151, -76.92221403)"
DD5611002T,170508075,Rockville Police Departme,Property Damage Crash,05/16/2017 11:16:00 AM,Maryland (State),FIRST ST,Maryland (State),ROCKVILLE PIKE,,N/A,BICYCLIST,OTHER,CLEAR,DRY,DAYLIGHT,NO CONTROLS,NONE DETECTED,NONE DETECTED,86A5F832-D924-47E1-AF37-C4F0C82018C4,BICYCLIST,Cross/Enter not at Intersection,NO IMPROPER ACTIONS,DRIVEWAY ACCESS MARKED CROSSWALK,NO PED. SIGNAL,LIGHT CLOTHING,No,NO APPARENT INJURY,NONE,39.078675,-77.13873167,"(39.078675, -77.13873167)"
DD5615003D,170508051,Rockville Police Departme,Injury Crash,05/16/2017 09:44:00 AM,Maryland (State),HUNGERFORD DR,Municipality,FREDERICK AVE #2,,ROCKVILLE,PEDESTRIAN,OTHER,CLEAR,DRY,DAYLIGHT,NO CONTROLS,NONE DETECTED,NONE DETECTED,C13115A6-3D85-4FFD-ADB1-FA97086F90C0,PEDESTRIAN,Cross/Enter not at Intersection,FAILURE TO YIELD RIGHT OF WAY,OUTSIDE RIGHT OF WAY,NO PED. SIGNAL,LIGHT CLOTHING,Yes,POSSIBLE INJURY,NONE,39.09451,-77.15309667,"(39.09451, -77.15309667)"
MCP137800GZ,170507982,Montgomery County Police,Injury Crash,05/15/2017 08:51:00 PM,Maryland (State),FREDERICK RD,Municipality,MARYLAND AVE,,GAITHERSBURG,BICYCLIST,SINGLE VEHICLE,CLEAR,DRY,DARK LIGHTS ON,NO CONTROLS,NONE DETECTED,NONE DETECTED,38A18412-C2FF-42A7-861B-495EA098428E,BICYCLIST,Cross/Enter not at Intersection,IN ROADWAY IMPROPERLY,ON ROADWAY NOT AT CROSSWALK,NO PED. SIGNAL,DARK CLOTHING,Yes,SUSPECTED SERIOUS INJURY,NONE,39.14518272,-77.20309764,"(39.14518272, -77.20309764)"
MCP29670022,170507915,Montgomery County Police,Injury Crash,05/15/2017 04:52:00 PM,County,FALLS RD,Maryland (State),RIVER RD,,N/A,PEDESTRIAN,OTHER,CLEAR,DRY,DAYLIGHT,TRAFFIC SIGNAL,N/A,N/A,90E909D4-3E0C-4CEB-B18F-CE99C62BA612,PEDESTRIAN,Cross/Enter at Intersection,NO IMPROPER ACTIONS,ON ROADWAY AT CROSSWALK,OBEYED PED. SIGNAL,MIXED CLOTHING,No,SUSPECTED MINOR INJURY,NONE,39.01734833,-77.21019167,"(39.01734833, -77.21019167)"
MCP29670022,170507915,Montgomery County Police,Injury Crash,05/15/2017 04:52:00 PM,County,FALLS RD,Maryland (State),RIVER RD,,N/A,PEDESTRIAN,OTHER,CLEAR,DRY,DAYLIGHT,TRAFFIC SIGNAL,N/A,N/A,5946CC77-76F1-444A-97B7-D87F824058D2,PEDESTRIAN,Cross/Enter at Intersection,NO IMPROPER ACTIONS,AT INTERSECTION MARKED CROSSWALK,OBEYED PED. SIGNAL,MIXED CLOTHING,No,SUSPECTED MINOR INJURY,NONE,39.01734833,-77.21019167,"(39.01734833, -77.21019167)"
MCP2977002F,170507852,Montgomery County Police,Injury Crash,05/15/2017 10:22:00 AM,County,MANCHESTER RD,County,BRADFORD RD,,N/A,PEDESTRIAN,OTHER,CLEAR,DRY,DAYLIGHT,NO CONTROLS,N/A,N/A,179229BD-A698-4490-B31C-15DEFBD314FE,PEDESTRIAN,Cross/Enter at Intersection,OTHER,ON ROADWAY NOT AT CROSSWALK,NO PED. SIGNAL,MIXED CLOTHING,Yes,POSSIBLE INJURY,NONE,38.99829833,-77.00686,"(38.99829833, -77.00686)"
MCP29730031,170507704,Montgomery County Police,Injury Crash,05/14/2017 12:12:00 PM,,,,,ASPEN HILL SHOPPING CENTER - CAPITAL ONE BANK - 13601 CONNECTICUT AVE SILVER SPRING MD 20906,,PEDESTRIAN,OTHER,CLEAR,,DAYLIGHT,NO CONTROLS,NONE DETECTED,NONE DETECTED,5356F370-20A6-4E57-A59A-8D67183D57D3,PEDESTRIAN,Other,NO IMPROPER ACTIONS,OTHER,N/A,MIXED CLOTHING,No,POSSIBLE INJURY,N/A,39.07822411,-77.07972005,"(39.07822411, -77.07972005)"
MCP3034000N,170507489,Montgomery County Police,Injury Crash,05/12/2017 10:36:00 PM,Maryland (State),PINEY BRANCH RD,County,GREENWOOD AVE,,N/A,PEDESTRIAN,N/A,RAINING,WET,DARK LIGHTS ON,TRAFFIC SIGNAL,,NONE DETECTED,036D96BF-B47B-427B-B15A-D10428932C05,PEDESTRIAN,Cross/Enter at Intersection,NO IMPROPER ACTIONS,AT INTERSECTION MARKED CROSSWALK,OBEYED PED. SIGNAL,MIXED CLOTHING,No,SUSPECTED MINOR INJURY,NONE,38.99821,-77.00249833,"(38.99821, -77.00249833)"
MCP137800GW,170507434,Montgomery County Police,Injury Crash,05/12/2017 04:56:00 PM,County,SNOUFFERS SCHOOL RD,County,WELBECK WAY,,N/A,PEDESTRIAN,SINGLE VEHICLE,RAINING,WET,DAYLIGHT,NO CONTROLS,NONE DETECTED,NONE DETECTED,4EB65E5A-E3FF-49FC-BD9E-F6104FB70A19,PEDESTRIAN,Cross/Enter not at Intersection,DART DASH,ON ROADWAY NOT AT CROSSWALK,NO PED. SIGNAL,DARK CLOTHING,Yes,SUSPECTED MINOR INJURY,NONE,39.18528667,-77.183645,"(39.18528667, -77.183645)"
MCP2798002Y,170507244,Montgomery County Police,Property Damage Crash,05/11/2017 03:39:00 PM,County,CHERRY HILL RD,County,PLUM ORCHARD DR,,N/A,PEDESTRIAN,SINGLE VEHICLE,RAINING,WET,DAYLIGHT,TRAFFIC SIGNAL,NONE DETECTED,NONE DETECTED,48F63274-57BE-4CC8-BA52-B1A2B340CCC5,PEDESTRIAN,Cross/Enter at Intersection,FAILURE TO OBEY TRAFFIC SIGNS SIGNALS OR OFFICER,AT INTERSECTION MARKED CROSSWALK,DISOBEYED PED. SIGNAL,MIXED CLOTHING,Yes,NO APPARENT INJURY,NONE,39.05293167,-76.95316333,"(39.05293167, -76.95316333)"
MCP28290034,170507166,Montgomery County Police,Injury Crash,05/11/2017 05:08:00 AM,Maryland (State),PINEY BRANCH RD,Maryland (State),UNIVERSITY BLVD E,,N/A,BICYCLIST,OTHER,CLOUDY,DRY,DARK LIGHTS ON,N/A,UNKNOWN,NONE DETECTED,FFA78389-F251-43A3-8891-A0DE8EC2B311,BICYCLIST,Walking/Riding w/Traffic,NO IMPROPER ACTIONS,ON ROADWAY NOT AT CROSSWALK,N/A,UNKNOWN,No,SUSPECTED SERIOUS INJURY,MC/BIKE HELMET,38.99609,-77.11640667,"(38.99609, -77.11640667)"
MCP2847001W,170507160,Montgomery County Police,Injury Crash,05/11/2017 02:20:00 AM,County,CONNECTICUT AVE,Unknown,ROAD END - GATE,,N/A,OTHER,SINGLE VEHICLE,CLEAR,DRY,DARK LIGHTS ON,NO CONTROLS,,N/A,683EABA1-22F7-446A-9986-9AF970829AF4,OTHER,Other,OTHER,OTHER,N/A,N/A,Yes,SUSPECTED MINOR INJURY,N/A,39.093625,-77.06889,"(39.093625, -77.06889)"
EJ78510027,170507003,Gaithersburg Police Depar,Injury Crash,05/10/2017 10:29:00 AM,County,SHADY GROVE RD,Maryland (State),FREDERICK RD,,N/A,PEDESTRIAN,OTHER,CLEAR,DRY,DAYLIGHT,TRAFFIC SIGNAL,UNKNOWN,NONE DETECTED,B30D8B19-B4C8-4912-8758-F7B4A9F22514,PEDESTRIAN,Cross/Enter at Intersection,N/A,ON ROADWAY AT CROSSWALK,OBEYED PED. SIGNAL,LIGHT CLOTHING,No,SUSPECTED MINOR INJURY,NONE,39.12408442,-77.17586517,"(39.12408442, -77.17586517)"
MCP2260001P,170506649,Montgomery County Police,Injury Crash,05/08/2017 04:53:00 PM,County,HUNTERS LA,County,RANDOLPH RD,,N/A,BICYCLIST,OTHER,N/A,DRY,DUSK,N/A,NONE DETECTED,N/A,1BEF9CB9-4725-4200-A202-90D27387981B,BICYCLIST,Other,UNKNOWN,ON ROADWAY AT CROSSWALK,NO PED. SIGNAL,MIXED CLOTHING,No,POSSIBLE INJURY,NONE,39.05365167,-77.099125,"(39.05365167, -77.099125)"
MCP29730030,170506596,Montgomery County Police,Injury Crash,05/08/2017 12:00:00 PM,Maryland (State),GEORGIA AVE,Maryland (State),CONNECTICUT AVE,,N/A,PEDESTRIAN,OTHER,CLEAR,DRY,DAYLIGHT,NO CONTROLS,NONE DETECTED,NONE DETECTED,E66DFBCD-B20A-480E-9212-CFC0A4D73FF2,PEDESTRIAN,Walking/Cycling on Sidewalk,NO IMPROPER ACTIONS,SIDEWALK,NO PED. SIGNAL,MIXED CLOTHING,No,POSSIBLE INJURY,N/A,39.08232689,-77.07722157,"(39.08232689, -77.07722157)"
MCP2752001P,170506457,Montgomery County Police,Injury Crash,05/07/2017 04:10:00 PM,County,MARYLAND AVE,County,MACARTHUR BLVD,,N/A,BICYCLIST,STRAIGHT MOVEMENT ANGLE,CLEAR,DRY,DAYLIGHT,STOP SIGN,N/A,N/A,7A8BC406-D329-4BD4-9AF0-60906DA5E386,BICYCLIST,Cross/Enter at Intersection,NO IMPROPER ACTIONS,ON ROADWAY AT CROSSWALK,UNKNOWN,MIXED CLOTHING,No,SUSPECTED MINOR INJURY,MC/BIKE HELMET,38.96556133,-77.13695267,"(38.96556133, -77.13695267)"