Report Number,Local Case Number,Agency Name,ACRS Report Type,Crash Date/Time,Route Type,Road Name,Cross-Street Type,Cross-Street Name,Off-Road Description,Municipality,Related Non-Motorist,Collision Type,Weather,Surface Condition,Light,Traffic Control,Driver Substance Abuse,Non-Motorist Substance Abuse,Person ID,Pedestrian Type,Pedestrian Movement,Pedestrian Actions,Pedestrian Location,Pedestrian Obeyed Traffic Signal,Pedestrian Visibility,At Fault,Injury Severity,Safety Equipment,Latitude,Longitude,Location
MCP27530029,170506434,Montgomery County Police,Injury Crash,05/07/2017 12:09:00 PM,County,CONNECTICUT AVE,County,BEL PRE RD,,N/A,PEDESTRIAN,OTHER,CLOUDY,DRY,DAYLIGHT,NO CONTROLS,NONE DETECTED,NONE DETECTED,E8FA8B23-6455-44B3-A6C7-AD5F52A04BA2,PEDESTRIAN,Cross/Enter at Intersection,FAILURE TO YIELD RIGHT OF WAY,ON ROADWAY NOT AT CROSSWALK,NO PED. SIGNAL,DARK CLOTHING,Yes,SUSPECTED MINOR INJURY,N/A,39.09151833,-77.070715,"(39.09151833, -77.070715)"
DD5617000T,170506125,Rockville Police Departme,Injury Crash,05/05/2017 06:01:00 PM,Municipality,BAYLOR AVE,Municipality,PRINCETON PL,,ROCKVILLE,BICYCLIST,OTHER,CLOUDY,DRY,DAYLIGHT,NO CONTROLS,NONE DETECTED,N/A,09754351-FBE4-4CC3-81BE-542870901319,BICYCLIST,Cross/Enter not at Intersection,DART DASH,ON ROADWAY NOT AT CROSSWALK,N/A,LIGHT CLOTHING,Yes,SUSPECTED MINOR INJURY,NONE,39.10110833,-77.166145,"(39.10110833, -77.166145)"
MCP28740024,170506089,Montgomery County Police,Injury Crash,05/05/2017 03:51:00 PM,County,AMHERST AVE,County,EVANS PKWY,,N/A,PEDESTRIAN,SINGLE VEHICLE,CLOUDY,DRY,DAYLIGHT,OTHER,NONE DETECTED,NONE DETECTED,E9853992-2AB6-4C93-9E34-3C094F53C594,PEDESTRIAN,Cross/Enter at Intersection,NO IMPROPER ACTIONS,ON ROADWAY AT CROSSWALK,OTHER,LIGHT CLOTHING,No,POSSIBLE INJURY,NONE,39.04309667,-77.047665,"(39.04309667, -77.047665)"
MCP2928001Q,170505971,Montgomery County Police,Injury Crash,05/04/2017 10:07:00 PM,US (State),GEORGIA AVE,County,BLAIR RD,,N/A,PEDESTRIAN,SINGLE VEHICLE,RAINING,WET,DARK LIGHTS ON,NO CONTROLS,NONE DETECTED,ALCOHOL CONTRIBUTED,0939C8A3-8FA4-4108-9340-A243C6401B53,PEDESTRIAN,Cross/Enter not at Intersection,IN ROADWAY IMPROPERLY,OTHER,NO PED. SIGNAL,DARK CLOTHING,Yes,SUSPECTED MINOR INJURY,NONE,38.98448341,-77.0261094,"(38.98448341, -77.0261094)"
MCP26890033,170505880,Montgomery County Police,Injury Crash,05/04/2017 01:24:00 PM,County,E JEFFERSON ST,Unknown,ENT TO FEDERAL PLAZA SC,,N/A,OTHER CONVEYANCE,STRAIGHT MOVEMENT ANGLE,CLEAR,DRY,DAYLIGHT,NO CONTROLS,NONE DETECTED,NONE DETECTED,11CF6C28-F81E-4FA7-A012-C07343FB7F16,OTHER CONVEYANCE,Cross/Enter at Intersection,NO IMPROPER ACTIONS,OTHER,NO PED. SIGNAL,LIGHT CLOTHING,No,POSSIBLE INJURY,NONE,39.05785451,-77.12624967,"(39.05785451, -77.12624967)"
MCP14170079,170505844,Montgomery County Police,Injury Crash,05/04/2017 10:54:00 AM,,,,,PARKING LOT OF 417 N. FREDERICK ROAD,,PEDESTRIAN,SINGLE VEHICLE,N/A,,DAYLIGHT,NO CONTROLS,NONE DETECTED,NONE DETECTED,F3528174-F13B-46F2-8497-784D338894D4,PEDESTRIAN,Walking/Cycling on Sidewalk,NO IMPROPER ACTIONS,SIDEWALK,NO PED. SIGNAL,MIXED CLOTHING,No,SUSPECTED MINOR INJURY,NONE,39.1466118,-77.20472306,"(39.1466118, -77.20472306)"
MCP2650000H,170505778,Montgomery County Police,Injury Crash,05/03/2017 07:48:00 PM,Maryland (State),WISCONSIN AVE,County,CHELTENHAM DR,,N/A,BICYCLIST,STRAIGHT MOVEMENT ANGLE,N/A,DRY,DUSK,TRAFFIC SIGNAL,NONE DETECTED,NONE DETECTED,7380CF9D-ECF0-483F-9A59-BB447A35D72A,BICYCLIST,Cross/Enter at Intersection,NO IMPROPER ACTIONS,ON ROADWAY AT CROSSWALK,OBEYED PED. SIGNAL,N/A,No,SUSPECTED MINOR INJURY,N/A,38.98834667,-77.09484833,"(38.98834667, -77.09484833)"
MCP2617003J,170503941,Montgomery County Police,Injury Crash,05/03/2017 05:30:00 PM,County,WOODMONT AVE,County,ELM ST,,N/A,PEDESTRIAN,OTHER,CLEAR,DRY,DAYLIGHT,TRAFFIC SIGNAL,NONE DETECTED,NONE DETECTED,01A29EA0-EB12-48C7-8330-2722F6AE8F2A,PEDESTRIAN,Cross/Enter at Intersection,NO IMPROPER ACTIONS,AT INTERSECTION MARKED CROSSWALK,OBEYED PED. SIGNAL,LIGHT CLOTHING,No,SUSPECTED MINOR INJURY,NONE,38.98214721,-77.09608555,"(38.98214721, -77.09608555)"
MCP271700BX,170505676,Montgomery County Police,Injury Crash,05/03/2017 01:20:00 PM,County,ELM ST,Maryland (State),WISCONSIN AVE,,N/A,PEDESTRIAN,OTHER,CLEAR,DRY,DAYLIGHT,TRAFFIC SIGNAL,NONE DETECTED,NONE DETECTED,1AB604B0-C6AB-4BCE-9C7B-2BE431077056,PEDESTRIAN,Cross/Enter at Intersection,FAILURE TO YIELD RIGHT OF WAY,ON ROADWAY AT CROSSWALK,OTHER,MIXED CLOTHING,Yes,SUSPECTED MINOR INJURY,NONE,38.98229883,-77.09302983,"(38.98229883, -77.09302983)"
MCP1550002K,170505627,Montgomery County Police,Injury Crash,05/03/2017 07:25:00 AM,County,LANDON LA,County,LEESBURG DR,,N/A,BICYCLIST,SAME DIRECTION SIDESWIPE,CLEAR,DRY,DAYLIGHT,N/A,NONE DETECTED,NONE DETECTED,F60FD10E-0776-44A4-A958-F72ED998825D,BICYCLIST,Walking/Riding against Traffic,IMPROPER TURN MERGE,ON ROADWAY NOT AT CROSSWALK,UNKNOWN,MIXED CLOTHING,Yes,SUSPECTED MINOR INJURY,UNKNOWN,38.98502,-77.12902667,"(38.98502, -77.12902667)"
MCP2534001T,170505599,Montgomery County Police,Injury Crash,05/03/2017 12:27:00 AM,County,HOLDRIDGE RD,County,VALLEYWOOD DR,,N/A,PEDESTRIAN,SINGLE VEHICLE,CLEAR,DRY,DARK LIGHTS ON,N/A,ALCOHOL PRESENT,ALCOHOL PRESENT,9692FFC9-9D5F-44ED-B180-6C72934A7AD7,PEDESTRIAN,Other,NO IMPROPER ACTIONS,OTHER,N/A,MIXED CLOTHING,No,SUSPECTED MINOR INJURY,N/A,39.0717,-77.06804,"(39.0717, -77.06804)"
MCP27540018,170505519,Montgomery County Police,Injury Crash,05/02/2017 06:21:00 PM,Maryland (State),PINEY BRANCH RD,Unknown,ENT TO APTS,,N/A,PEDESTRIAN,OTHER,OTHER,DRY,DAYLIGHT,N/A,NONE DETECTED,NONE DETECTED,7D6453BD-3DE3-45A9-A6FB-9C9E46617A1C,PEDESTRIAN,Walking/Cycling on Sidewalk,N/A,SIDEWALK,NO PED. SIGNAL,MIXED CLOTHING,No,POSSIBLE INJURY,N/A,38.99862667,-77.00000667,"(38.99862667, -77.00000667)"
MCP27540018,170505519,Montgomery County Police,Injury Crash,05/02/2017 06:21:00 PM,Maryland (State),PINEY BRANCH RD,Unknown,ENT TO APTS,,N/A,PEDESTRIAN,OTHER,OTHER,DRY,DAYLIGHT,N/A,NONE DETECTED,N/A,775922F7-4D73-41D3-900C-8B9A6E082A50,PEDESTRIAN,Walking/Cycling on Sidewalk,NO IMPROPER ACTIONS,SIDEWALK,N/A,LIGHT CLOTHING,No,POSSIBLE INJURY,N/A,38.99862667,-77.00000667,"(38.99862667, -77.00000667)"
MCP2846002T,170505454,Montgomery County Police,Injury Crash,05/02/2017 02:02:00 PM,Maryland (State),UNIVERSITY BLVD W,County,EAST AVE,,N/A,PEDESTRIAN,HEAD ON LEFT TURN,CLEAR,DRY,DAYLIGHT,OTHER,NONE DETECTED,NONE DETECTED,BA9F621C-C69E-416F-9D44-4B9DA4D7C3FA,PEDESTRIAN,Standing,NO IMPROPER ACTIONS,SIDEWALK,NO PED. SIGNAL,N/A,No,SUSPECTED SERIOUS INJURY,NONE,39.058355,-77.04861667,"(39.058355, -77.04861667)"
MCP14170076,170505369,Montgomery County Police,Injury Crash,05/02/2017 07:36:00 AM,County,STEDWICK RD,County,MONTGOMERY VILLAGE AVE,,N/A,BICYCLIST,SINGLE VEHICLE,N/A,DRY,DAYLIGHT,TRAFFIC SIGNAL,NONE DETECTED,NONE DETECTED,38AB2F4E-D93D-4B3E-A6D3-D1B8F7123954,BICYCLIST,Cross/Enter at Intersection,OTHER,ON ROADWAY AT CROSSWALK,OBEYED PED. SIGNAL,MIXED CLOTHING,No,SUSPECTED MINOR INJURY,NONE,39.1697111,-77.20451251,"(39.1697111, -77.20451251)"
MCP2823002R,170505270,Montgomery County Police,Property Damage Crash,05/01/2017 04:13:00 PM,County,VEIRS MILL RD,County,GAYNOR RD,,N/A,BICYCLIST,OTHER,CLOUDY,DRY,DAYLIGHT,NO CONTROLS,UNKNOWN,NONE DETECTED,8BA7A91A-FA78-4A3A-AD0A-1B9125BD52BE,BICYCLIST,Walking/Riding w/Traffic,N/A,OTHER,N/A,REFLECTIVE MATERIAL,No,NO APPARENT INJURY,MC/BIKE HELMET,39.06103273,-77.09166527,"(39.06103273, -77.09166527)"
MCP271700BS,170505237,Montgomery County Police,Injury Crash,05/01/2017 01:05:00 PM,County,ALTA VISTA RD,Maryland (State),OLD GEORGETOWN RD,,N/A,BICYCLIST,OTHER,CLEAR,DRY,DAYLIGHT,STOP SIGN,NONE DETECTED,NONE DETECTED,FF365E85-24CF-4BEE-AEC2-77F9AFE964DB,BICYCLIST,Cross/Enter at Intersection,FAILURE TO YIELD RIGHT OF WAY,ON ROADWAY AT CROSSWALK,NO PED. SIGNAL,MIXED CLOTHING,Yes,SUSPECTED MINOR INJURY,MC/BIKE HELMET,39.00650933,-77.11167067,"(39.00650933, -77.11167067)"
MCP11740024,170505199,Montgomery County Police,Injury Crash,05/01/2017 05:58:00 AM,County,LAUDERDALE DR,County,RANDOLPH RD,,N/A,PEDESTRIAN,SINGLE VEHICLE,CLEAR,DRY,DAWN,TRAFFIC SIGNAL,UNKNOWN,NONE DETECTED,A19FE517-58A6-42C7-B3E3-493888B2B743,PEDESTRIAN,Walking/Riding against Traffic,NO IMPROPER ACTIONS,ON ROADWAY AT CROSSWALK,OBEYED PED. SIGNAL,DARK CLOTHING,No,SUSPECTED MINOR INJURY,NONE,39.05363471,-77.10421801,"(39.05363471, -77.10421801)"
MCP2386001D,170505158,Montgomery County Police,Injury Crash,04/30/2017 03:30:00 PM,Maryland (State),UNIVERSITY BLVD E,Municipality,MERRIMAC DR,,TAKOMA PARK,BICYCLIST,STRAIGHT MOVEMENT ANGLE,CLEAR,DRY,DAYLIGHT,STOP SIGN,UNKNOWN,OTHER,2DD37BAF-282B-4EBA-A612-59116939DDE7,BICYCLIST,Cross/Enter at Intersection,NO IMPROPER ACTIONS,ON ROADWAY AT CROSSWALK,NO PED. SIGNAL,DARK CLOTHING,No,SUSPECTED MINOR INJURY,NONE,38.99255474,-76.99164033,"(38.99255474, -76.99164033)"
MCP27530027,170504937,Montgomery County Police,Injury Crash,04/29/2017 01:42:00 PM,,,,,IN FRONT OF 3834 INTERNATIONAL DRIVE,,PEDESTRIAN,OTHER,CLEAR,,DAYLIGHT,NO CONTROLS,NONE DETECTED,NONE DETECTED,53376429-D91A-4848-B6C8-E9B2E4D8047B,PEDESTRIAN,Cross/Enter not at Intersection,UNKNOWN,ON ROADWAY NOT AT CROSSWALK,NO PED. SIGNAL,DARK CLOTHING,No,SUSPECTED MINOR INJURY,N/A,39.10255333,-77.07530833,"(39.10255333, -77.07530833)"
MCP137800GP,170504827,Montgomery County Police,Injury Crash,04/28/2017 08:46:00 PM,County,GOSHEN RD,County,CENTERWAY RD,,N/A,BICYCLIST,SINGLE VEHICLE,CLEAR,DRY,DARK LIGHTS ON,TRAFFIC SIGNAL,NONE DETECTED,NONE DETECTED,56D1AABC-B81D-41A9-B98B-6A15B4CEA98E,BICYCLIST,Cross/Enter at Intersection,NO IMPROPER ACTIONS,ON ROADWAY AT CROSSWALK,OBEYED PED. SIGNAL,MIXED CLOTHING,No,POSSIBLE INJURY,NONE,39.16960297,-77.19067499,"(39.16960297, -77.19067499)"
MCP2837001F,170504783,Montgomery County Police,Injury Crash,04/28/2017 05:57:00 PM,County,TRAVILLE  GATEWAY DR,County,SHADY GROVE RD,,N/A,BICYCLIST,ANGLE MEETS RIGHT TURN,N/A,DRY,DAYLIGHT,TRAFFIC SIGNAL,NONE DETECTED,N/A,ED73E468-2AAD-4384-A998-47B03B9EEACB,BICYCLIST,Cross/Enter at Intersection,NO IMPROPER ACTIONS,AT INTERSECTION MARKED CROSSWALK,N/A,N/A,No,POSSIBLE INJURY,MC/BIKE HELMET,39.09124667,-77.204485,"(39.09124667, -77.204485)"
EJ78540019,170504652,Gaithersburg Police Depar,Property Damage Crash,04/28/2017 05:47:00 AM,Maryland (State),W DIAMOND AVE,Ramp,RAMP 6 FR MD 117 EB TO IS 270 SB,,N/A,BICYCLIST,SINGLE VEHICLE,N/A,DRY,N/A,NO CONTROLS,NONE DETECTED,NONE DETECTED,F90EC444-B74C-4061-9FF1-650AE692748D,BICYCLIST,Cross/Enter at Intersection,NO IMPROPER ACTIONS,ON ROADWAY AT CROSSWALK,N/A,REFLECTIVE MATERIAL,No,NO APPARENT INJURY,MC/BIKE HELMET,39.14066,-77.21434333,"(39.14066, -77.21434333)"
MCP1595000Q,170504644,Montgomery County Police,Injury Crash,04/28/2017 02:16:00 AM,County,ELKIN ST,County,PRICE AVE,,N/A,PEDESTRIAN,SAME DIRECTION SIDESWIPE,CLEAR,DRY,DARK LIGHTS ON,NO CONTROLS,UNKNOWN,ALCOHOL PRESENT,100C0D18-7757-4824-8790-D4EDB434833D,PEDESTRIAN,Standing,NO IMPROPER ACTIONS,CURB,NO PED. SIGNAL,LIGHT CLOTHING,No,SUSPECTED MINOR INJURY,NONE,39.04091233,-77.05039009,"(39.04091233, -77.05039009)"
MCP2339002C,170504595,Montgomery County Police,Injury Crash,04/27/2017 08:07:00 PM,Maryland (State),DR BIRD RD,County,BATCHELLORS FOREST RD,,N/A,BICYCLIST,OTHER,N/A,DRY,DUSK,NO CONTROLS,UNKNOWN,NONE DETECTED,FB2A0579-364E-4779-AAC0-0B109C8AA8CF,BICYCLIST,Walking/Riding w/Traffic,UNKNOWN,SHOULDER,NO PED. SIGNAL,DARK CLOTHING,No,SUSPECTED SERIOUS INJURY,UNKNOWN,39.142901,-77.040811,"(39.142901, -77.040811)"
MCP28400013,170504579,Montgomery County Police,Injury Crash,04/27/2017 06:30:00 PM,Maryland (State),NEW HAMPSHIRE AVE,County,SHAW AVE E,,N/A,PEDESTRIAN,SAME DIR REAR END,N/A,DRY,DAYLIGHT,NO CONTROLS,"N/A, NONE DETECTED",N/A,B4D5073C-DEF5-4D4D-982A-4A1B0D41DC6C,PEDESTRIAN,Standing,NO IMPROPER ACTIONS,SHOULDER,N/A,MIXED CLOTHING,No,SUSPECTED MINOR INJURY,N/A,39.06878816,-77.00289488,"(39.06878816, -77.00289488)"
MCP2722002F,170504449,Montgomery County Police,Injury Crash,04/27/2017 05:47:00 AM,County,ASPEN HILL RD,County,PARKLAND DR,,N/A,PEDESTRIAN,STRAIGHT MOVEMENT ANGLE,FOGGY,DRY,DARK LIGHTS ON,TRAFFIC SIGNAL,N/A,N/A,39BB0265-5932-4DCB-B7A8-A2628564940A,PEDESTRIAN,Cross/Enter at Intersection,NO IMPROPER ACTIONS,ON ROADWAY AT CROSSWALK,OBEYED PED. SIGNAL,DARK CLOTHING,No,SUSPECTED MINOR INJURY,NONE,39.079225,-77.0874,"(39.079225, -77.0874)"
MCP3041000D,170504434,Montgomery County Police,Injury Crash,04/26/2017 11:18:00 PM,Municipality,ROLLINS AVE,Unknown,ROAD END,,N/A,PEDESTRIAN,SINGLE VEHICLE,CLEAR,DRY,DARK -- UNKNOWN LIGHTING,N/A,N/A,ALCOHOL PRESENT,027D9AB4-A0F2-4BCA-9368-CAA4DA3F9561,PEDESTRIAN,Standing,UNKNOWN,OTHER,N/A,UNKNOWN,Unknown,POSSIBLE INJURY,N/A,39.05758375,-77.13183403,"(39.05758375, -77.13183403)"
MCP2893002Y,170504362,Montgomery County Police,Injury Crash,04/26/2017 04:56:00 PM,County,SCENERY DR,Unknown,ENT TO PLUM GAR COMMUNITY CENTER,,N/A,BICYCLIST,SINGLE VEHICLE,CLEAR,DRY,DAYLIGHT,NO CONTROLS,NONE DETECTED,NONE DETECTED,2E978FC3-F34B-4129-951A-8BBBA590BBED,BICYCLIST,Playing,FAILURE TO YIELD RIGHT OF WAY,ON ROADWAY NOT AT CROSSWALK,N/A,DARK CLOTHING,Yes,SUSPECTED MINOR INJURY,NONE,39.17705667,-77.23413,"(39.17705667, -77.23413)"
EJ7833002Z,170504343,Gaithersburg Police Depar,Injury Crash,04/26/2017 02:45:00 PM,County,N WESTLAND DR,Maryland (State),S FREDERICK RD,,N/A,PEDESTRIAN,OTHER,CLEAR,DRY,DAYLIGHT,STOP SIGN,NONE DETECTED,NONE DETECTED,45530A02-DA22-417B-B963-5FC2EA343932,PEDESTRIAN,Cross/Enter at Intersection,NO IMPROPER ACTIONS,AT INTERSECTION MARKED CROSSWALK,N/A,DARK CLOTHING,No,POSSIBLE INJURY,N/A,39.12802119,-77.18507051,"(39.12802119, -77.18507051)"
MCP09420015,170504129,Montgomery County Police,Injury Crash,04/25/2017 02:54:00 PM,,,,,6930 ARLINGTON RD-BRADLEY SHOPPING CENTER,,PEDESTRIAN,OTHER,RAINING,,DAYLIGHT,TRAFFIC SIGNAL,NONE DETECTED,NONE DETECTED,58C7F0A1-6799-4FC4-80E3-AFDB4300F3AA,PEDESTRIAN,Cross/Enter at Intersection,NO IMPROPER ACTIONS,AT INTERSECTION MARKED CROSSWALK,OBEYED PED. SIGNAL,MIXED CLOTHING,No,SUSPECTED MINOR INJURY,NONE,38.9795885,-77.09880167,"(38.9795885, -77.09880167)"
MCP2939001P,170504228,Montgomery County Police,Property Damage Crash,04/25/2017 10:32:00 AM,Maryland (State),GERMANTOWN RD,County,MIDDLEBROOK RD,,N/A,PEDESTRIAN,STRAIGHT MOVEMENT ANGLE,RAINING,WET,DARK LIGHTS ON,NO CONTROLS,NONE DETECTED,N/A,A9D66F17-F637-4089-9548-0AA9C4567CBC,PEDESTRIAN,Walking/Riding against Traffic,IN ROADWAY IMPROPERLY,ON ROADWAY NOT AT CROSSWALK,DISOBEYED PED. SIGNAL,DARK CLOTHING,Yes,NO APPARENT INJURY,NONE,39.17996167,-77.26466167,"(39.17996167, -77.26466167)"
MCP1522001F,170504061,Montgomery County Police,Injury Crash,04/25/2017 09:17:00 AM,,,,,PARKING LOT OF 24001 RIDGE RD,,PEDESTRIAN,OTHER,CLOUDY,,DAYLIGHT,NO CONTROLS,N/A,N/A,FACF7CEB-B599-4B59-97ED-DC06D9E7A26D,PEDESTRIAN,Standing,IN ROADWAY IMPROPERLY,ON ROADWAY NOT AT CROSSWALK,N/A,MIXED CLOTHING,No,SUSPECTED MINOR INJURY,N/A,39.24937055,-77.23324299,"(39.24937055, -77.23324299)"
MCP2727001D,170504059,Montgomery County Police,Injury Crash,04/25/2017 08:44:00 AM,Maryland (State),FREDERICK RD,County,LITTLE SENECA PKWY,,N/A,PEDESTRIAN,OTHER,N/A,DRY,DAYLIGHT,TRAFFIC SIGNAL,NONE DETECTED,NONE DETECTED,3780A9FD-FFF2-4108-8C4A-FEC2B24A59DE,PEDESTRIAN,Cross/Enter at Intersection,FAILURE TO OBEY TRAFFIC SIGNS SIGNALS OR OFFICER,AT INTERSECTION MARKED CROSSWALK,DISOBEYED PED. SIGNAL,MIXED CLOTHING,Yes,SUSPECTED MINOR INJURY,NONE,39.22321833,-77.26053333,"(39.22321833, -77.26053333)"
MCP25040026,170503962,Montgomery County Police,Injury Crash,04/24/2017 06:35:00 PM,,PARK POTOMAC AVENUE,,CADBURY AVENUE,,N/A,PEDESTRIAN,STRAIGHT MOVEMENT ANGLE,RAINING,WET,DAYLIGHT,STOP SIGN,NONE DETECTED,NONE DETECTED,938F15C5-AEF4-4766-8C71-934613559B48,PEDESTRIAN,Cross/Enter at Intersection,NO IMPROPER ACTIONS,ON ROADWAY AT CROSSWALK,NO PED. SIGNAL,MIXED CLOTHING,No,SUSPECTED MINOR INJURY,N/A,39.06017167,-77.15780833,"(39.06017167, -77.15780833)"
MCP3031000S,170503973,Montgomery County Police,Injury Crash,04/24/2017 06:17:00 PM,County,RANDOLPH RD,Other Public Roadway,GLENMONT CIR #1,,N/A,PEDESTRIAN,SINGLE VEHICLE,CLOUDY,WET,DAYLIGHT,TRAFFIC SIGNAL,NONE DETECTED,NONE DETECTED,219E28DD-7D9E-4AD2-AE7C-CEC7778E5864,PEDESTRIAN,Cross/Enter at Intersection,DART DASH,AT INTERSECTION BUT NO CROSSWALK,DISOBEYED PED. SIGNAL,UNKNOWN,Yes,POSSIBLE INJURY,NONE,39.05928333,-77.04705833,"(39.05928333, -77.04705833)"
DD5614002K,170503761,Rockville Police Departme,Injury Crash,04/23/2017 07:06:00 PM,Municipality,MARTINS LA,Municipality,N WASHINGTON ST,,ROCKVILLE,PEDESTRIAN,STRAIGHT MOVEMENT ANGLE,CLOUDY,DRY,DAYLIGHT,NO CONTROLS,UNKNOWN,UNKNOWN,10D6F775-63C0-41C2-8C5E-534F6DFE7D39,PEDESTRIAN,Cross/Enter at Intersection,DART DASH,ON ROADWAY NOT AT CROSSWALK,NO PED. SIGNAL,MIXED CLOTHING,Yes,SUSPECTED MINOR INJURY,N/A,39.09118333,-77.15502977,"(39.09118333, -77.15502977)"
DM8270000C,170503423,Takoma Park Police Depart,Injury Crash,04/23/2017 06:01:00 PM,Maryland (State),ETHAN ALLEN AVE,Municipality,PRINCE GEORGES AVE,,TAKOMA PARK,PEDESTRIAN,OTHER,CLOUDY,WET,DAYLIGHT,N/A,NONE DETECTED,NONE DETECTED,62F981C6-1B80-41FE-A578-BBF867DDC83A,PEDESTRIAN,Cross/Enter not at Intersection,IN ROADWAY IMPROPERLY,ON ROADWAY NOT AT CROSSWALK,NO PED. SIGNAL,LIGHT CLOTHING,Unknown,SUSPECTED SERIOUS INJURY,N/A,38.97713471,-76.99922562,"(38.97713471, -76.99922562)"
MCP2780002T,170503594,Montgomery County Police,Injury Crash,04/22/2017 05:21:00 PM,,,,,"20910 FREDERICK ROAD GERMANTOWN, MD 20876",,PEDESTRIAN,SINGLE VEHICLE,RAINING,,DAYLIGHT,NO CONTROLS,NONE DETECTED,NONE DETECTED,205C58DF-BF7F-4D60-AC16-63C7B7F5301A,PEDESTRIAN,Standing,N/A,OTHER,N/A,UNKNOWN,No,POSSIBLE INJURY,N/A,39.19901833,-77.25101167,"(39.19901833, -77.25101167)"
MCP2867003X,170503568,Montgomery County Police,Injury Crash,04/22/2017 02:13:00 PM,,,,,"PARKING LOT IN FRONT OF 10107 COLESVILLE ROAD, SILVER SPRING, MARYLAND 20901",,PEDESTRIAN,SINGLE VEHICLE,CLOUDY,,DAYLIGHT,N/A,NONE DETECTED,NONE DETECTED,AD697FF1-F461-4C79-9F95-5238047D3334,PEDESTRIAN,Other,INATTENTIVE,OTHER,N/A,LIGHT CLOTHING,Yes,POSSIBLE INJURY,NONE,39.02032045,-77.01206267,"(39.02032045, -77.01206267)"
MCP2859003K,170503514,Montgomery County Police,Injury Crash,04/22/2017 06:27:00 AM,County,SAM EIG HWY,County,FIELDS RD,,N/A,PEDESTRIAN,OTHER,RAINING,WET,DARK LIGHTS ON,TRAFFIC SIGNAL,NONE DETECTED,NONE DETECTED,8901FE23-F56B-43A4-902B-4680303727B0,PEDESTRIAN,Cross/Enter at Intersection,FAILURE TO YIELD RIGHT OF WAY,ON ROADWAY AT CROSSWALK,DISOBEYED PED. SIGNAL,DARK CLOTHING,Yes,SUSPECTED MINOR INJURY,N/A,39.11646825,-77.20794439,"(39.11646825, -77.20794439)"
MCP3007001L,170503359,Montgomery County Police,Injury Crash,04/21/2017 02:20:00 PM,Maryland (State),NEW HAMPSHIRE AVE,County,BONIFANT RD,,N/A,PEDESTRIAN,SINGLE VEHICLE,N/A,WET,DAYLIGHT,TRAFFIC SIGNAL,N/A,NONE DETECTED,0288B69A-4BC5-4447-9F0C-5CE2F33D1ACD,PEDESTRIAN,Cross/Enter at Intersection,NO IMPROPER ACTIONS,AT INTERSECTION MARKED CROSSWALK,OBEYED PED. SIGNAL,LIGHT CLOTHING,No,POSSIBLE INJURY,NONE,39.09600561,-77.00209558,"(39.09600561, -77.00209558)"
MCP1170001R,170503352,Montgomery County Police,Injury Crash,04/21/2017 01:13:00 PM,,,,,PARKING LOT OF 13827 OUTLET DRIVE,,PEDESTRIAN,OTHER,CLEAR,,DAYLIGHT,NO CONTROLS,UNKNOWN,NONE DETECTED,24BA7FE5-B5C5-495C-A47C-555A0FE7D7B0,PEDESTRIAN,Other,NO IMPROPER ACTIONS,OTHER,N/A,MIXED CLOTHING,No,SUSPECTED MINOR INJURY,N/A,39.08218948,-76.94643974,"(39.08218948, -76.94643974)"
MCP3018000Q,170503285,Montgomery County Police,Injury Crash,04/21/2017 07:30:00 AM,County,DALEWOOD DR,County,RANDOLPH RD,,N/A,BICYCLIST,OTHER,CLEAR,DRY,DAYLIGHT,TRAFFIC SIGNAL,UNKNOWN,NONE DETECTED,9696EFA5-CA8E-4E78-941C-5A356FB95516,BICYCLIST,Cross/Enter at Intersection,NO IMPROPER ACTIONS,AT INTERSECTION MARKED CROSSWALK,OBEYED PED. SIGNAL,MIXED CLOTHING,No,SUSPECTED MINOR INJURY,NONE,39.05918226,-77.06915081,"(39.05918226, -77.06915081)"
MCP25260013,170503188,Montgomery County Police,Injury Crash,04/20/2017 05:25:00 PM,Maryland (State),FISHER AVE,Unknown,ENT TO POOLESVILLE PLAZA,,N/A,BICYCLIST,HEAD ON LEFT TURN,CLEAR,DRY,DAYLIGHT,NO CONTROLS,NONE DETECTED,N/A,2D0C3F77-9FBE-4900-8C5E-181E957D01EE,BICYCLIST,Cross/Enter at Intersection,NO IMPROPER ACTIONS,AT INTERSECTION BUT NO CROSSWALK,N/A,LIGHT CLOTHING,No,POSSIBLE INJURY,MC/BIKE HELMET,39.1440719,-77.40945339,"(39.1440719, -77.40945339)"
MCP2982001X,170503149,Montgomery County Police,Injury Crash,04/20/2017 02:22:00 PM,Maryland (State),GEORGIA AVE,County,CAMERON ST,,N/A,PEDESTRIAN,OTHER,CLEAR,DRY,DAYLIGHT,TRAFFIC SIGNAL,UNKNOWN,NONE DETECTED,4FBEB9F2-7BE0-4412-B482-041D66EF8658,PEDESTRIAN,Cross/Enter at Intersection,NO IMPROPER ACTIONS,ON ROADWAY AT CROSSWALK,NO PED. SIGNAL,DARK CLOTHING,No,SUSPECTED MINOR INJURY,NONE,38.99761097,-77.02974513,"(38.99761097, -77.02974513)"
MCP3050000N,170502919,Montgomery County Police,Injury Crash,04/19/2017 08:41:00 AM,,,,,DUNKIN DONUTS 13810 CONNECTICUT AVE SILVER SPRING 20906,,OTHER,SINGLE VEHICLE,CLEAR,,DAYLIGHT,N/A,NONE DETECTED,NONE DETECTED,17C4F97E-A440-4304-8218-21F7D6276ED3,OTHER,Other,N/A,INSIDE BUILDING,N/A,MIXED CLOTHING,No,SUSPECTED MINOR INJURY,N/A,39.08526833,-77.07725333,"(39.08526833, -77.07725333)"