Report Number,Local Case Number,Agency Name,ACRS Report Type,Crash Date/Time,Route Type,Road Name,Cross-Street Type,Cross-Street Name,Off-Road Description,Municipality,Related Non-Motorist,Collision Type,Weather,Surface Condition,Light,Traffic Control,Driver Substance Abuse,Non-Motorist Substance Abuse,Person ID,Pedestrian Type,Pedestrian Movement,Pedestrian Actions,Pedestrian Location,Pedestrian Obeyed Traffic Signal,Pedestrian Visibility,At Fault,Injury Severity,Safety Equipment,Latitude,Longitude,Location
MCP3050000N,170502919,Montgomery County Police,Injury Crash,04/19/2017 08:41:00 AM,,,,,DUNKIN DONUTS 13810 CONNECTICUT AVE SILVER SPRING 20906,,OTHER,SINGLE VEHICLE,CLEAR,,DAYLIGHT,N/A,NONE DETECTED,NONE DETECTED,4024C966-4958-407F-AF20-E9D67DE126F9,OTHER,Other,N/A,INSIDE BUILDING,N/A,MIXED CLOTHING,No,SUSPECTED MINOR INJURY,N/A,39.08526833,-77.07725333,"(39.08526833, -77.07725333)"
MCP271700BM,170502817,Montgomery County Police,Property Damage Crash,04/18/2017 04:45:00 PM,,,,,4707 HIGHLAND AVENUE (MONTGOMERY COUNTY PUBLIC PARKING LOT),,PEDESTRIAN,SINGLE VEHICLE,CLEAR,,DAYLIGHT,NO CONTROLS,NONE DETECTED,NONE DETECTED,1331B814-8EB3-4CDE-AED8-C3D8FE5E744F,PEDESTRIAN,Other,OTHER,OTHER,N/A,MIXED CLOTHING,No,NO APPARENT INJURY,NONE,38.991755,-77.09430183,"(38.991755, -77.09430183)"
MCP271700BM,170502817,Montgomery County Police,Property Damage Crash,04/18/2017 04:45:00 PM,,,,,4707 HIGHLAND AVENUE (MONTGOMERY COUNTY PUBLIC PARKING LOT),,PEDESTRIAN,SINGLE VEHICLE,CLEAR,,DAYLIGHT,NO CONTROLS,NONE DETECTED,NONE DETECTED,BED5F0AE-C8C9-404A-A7FE-90691CA3E33C,PEDESTRIAN,Standing,OTHER,OTHER,N/A,MIXED CLOTHING,No,NO APPARENT INJURY,NONE,38.991755,-77.09430183,"(38.991755, -77.09430183)"
MCP2952003C,170502566,Montgomery County Police,Injury Crash,04/17/2017 10:41:00 AM,,,,,"ON SECOND FLOOR OF COUNTY PARKING GARAGE LOCATED AT 7726 FENTON STREET, SILVER SPRING MARYLAND 20910",,PEDESTRIAN,OTHER,N/A,,DAYLIGHT,N/A,NONE DETECTED,NONE DETECTED,A03DC75A-6485-4879-9E08-15D1F3258473,PEDESTRIAN,Other,UNKNOWN,OTHER,N/A,DARK CLOTHING,No,SUSPECTED MINOR INJURY,N/A,38.98648333,-77.02318333,"(38.98648333, -77.02318333)"
MCP13660064,170502538,Montgomery County Police,Injury Crash,04/17/2017 07:25:00 AM,County,CRABBS BRANCH WAY,County,REDLAND RD,,N/A,PEDESTRIAN,SINGLE VEHICLE,CLOUDY,DRY,DAYLIGHT,TRAFFIC SIGNAL,NONE DETECTED,NONE DETECTED,4D153426-C241-422C-93D9-121652736A22,PEDESTRIAN,Cross/Enter at Intersection,NO IMPROPER ACTIONS,ON ROADWAY AT CROSSWALK,OBEYED PED. SIGNAL,MIXED CLOTHING,No,SUSPECTED MINOR INJURY,N/A,39.12081,-77.158815,"(39.12081, -77.158815)"
MCP23580033,170502313,Montgomery County Police,Property Damage Crash,04/15/2017 12:03:00 PM,County,MACARTHUR BLVD,County,SEVEN LOCKS RD,,N/A,BICYCLIST,STRAIGHT MOVEMENT ANGLE,CLEAR,DRY,DAYLIGHT,STOP SIGN,NONE DETECTED,NONE DETECTED,9A003A84-A4AA-4974-BBF4-5C4FEE78AA79,BICYCLIST,Cross/Enter at Intersection,UNKNOWN,ON ROADWAY NOT AT CROSSWALK,OTHER,MIXED CLOTHING,Unknown,NO APPARENT INJURY,MC/BIKE HELMET,38.974444,-77.1611859,"(38.974444, -77.1611859)"
MCP2864002P,170502137,Montgomery County Police,Injury Crash,04/14/2017 03:32:00 PM,Municipality,CHAPMAN AVE,Municipality,BOUIC AVE,,ROCKVILLE,PEDESTRIAN,OTHER,CLEAR,DRY,DAYLIGHT,STOP SIGN,NONE DETECTED,NONE DETECTED,1E45FE19-F143-405D-808A-D2914300AA31,PEDESTRIAN,Cross/Enter at Intersection,NO IMPROPER ACTIONS,AT INTERSECTION MARKED CROSSWALK,NO PED. SIGNAL,MIXED CLOTHING,No,POSSIBLE INJURY,NONE,39.061135,-77.12101833,"(39.061135, -77.12101833)"
DD5614002B,170502068,Rockville Police Departme,Property Damage Crash,04/14/2017 08:00:00 AM,Maryland (State),FREDERICK RD,Unknown,ENT TO SHADY GROVE METRO STATION,,N/A,PEDESTRIAN,STRAIGHT MOVEMENT ANGLE,CLOUDY,DRY,N/A,NO CONTROLS,UNKNOWN,NONE DETECTED,713AABB8-9697-47B9-AE86-7EFA39BC61B1,PEDESTRIAN,Walking/Riding against Traffic,NO IMPROPER ACTIONS,SIDEWALK,NO PED. SIGNAL,UNKNOWN,No,NO APPARENT INJURY,NONE,39.11785837,-77.16986775,"(39.11785837, -77.16986775)"
MCP2902001W,170501904,Montgomery County Police,Injury Crash,04/13/2017 11:57:00 AM,Maryland (State),HUNGERFORD DR,Municipality,N WASHINGTON ST,,ROCKVILLE,OTHER,OTHER,CLEAR,DRY,DAYLIGHT,TRAFFIC SIGNAL,UNKNOWN,NONE DETECTED,05B2333E-4B97-45DF-9769-65E21168E348,OTHER,Standing,NO IMPROPER ACTIONS,ON ROADWAY NOT AT CROSSWALK,UNKNOWN,MIXED CLOTHING,No,SUSPECTED MINOR INJURY,UNKNOWN,39.09092519,-77.15305567,"(39.09092519, -77.15305567)"
MCP28130031,170501672,Montgomery County Police,Property Damage Crash,04/11/2017 08:30:00 PM,County,PRICE AVE,Maryland (State),GEORGIA AVE,,N/A,PEDESTRIAN,SINGLE VEHICLE,CLOUDY,DRY,DARK LIGHTS ON,STOP SIGN,N/A,N/A,12561E84-13FE-4BCD-BFBE-F870C9AF2C21,PEDESTRIAN,Cross/Enter at Intersection,NO IMPROPER ACTIONS,ON ROADWAY AT CROSSWALK,NO PED. SIGNAL,LIGHT CLOTHING,No,NO APPARENT INJURY,N/A,39.04013006,-77.05117196,"(39.04013006, -77.05117196)"
MCP137800GG,170501662,Montgomery County Police,Injury Crash,04/11/2017 07:53:00 PM,Municipality,BROOKS AVE,Municipality,N SUMMIT AVE,,GAITHERSBURG,BICYCLIST,STRAIGHT MOVEMENT ANGLE,CLEAR,DRY,DUSK,NO CONTROLS,NONE DETECTED,NONE DETECTED,F59087E6-5B17-4A93-B19F-4274C2147008,BICYCLIST,Walking/Cycling on Sidewalk,OTHER,SIDEWALK,N/A,DARK CLOTHING,Yes,SUSPECTED SERIOUS INJURY,NONE,39.14425704,-77.19369248,"(39.14425704, -77.19369248)"
MCP1433000Z,170501466,Montgomery County Police,Injury Crash,04/10/2017 03:15:00 PM,Municipality,RIO BLVD,County,FIELDS RD,,N/A,PEDESTRIAN,OTHER,CLEAR,DRY,DAYLIGHT,NO CONTROLS,UNKNOWN,N/A,83450DE6-C217-474B-B2B4-777351D0629E,PEDESTRIAN,Standing,OTHER,OTHER,N/A,MIXED CLOTHING,Yes,POSSIBLE INJURY,N/A,39.115397,-77.204342,"(39.115397, -77.204342)"
MCP1433000Z,170501466,Montgomery County Police,Injury Crash,04/10/2017 03:15:00 PM,Municipality,RIO BLVD,County,FIELDS RD,,N/A,PEDESTRIAN,OTHER,CLEAR,DRY,DAYLIGHT,NO CONTROLS,UNKNOWN,NONE DETECTED,9CCA831D-1C3A-4A13-BDEA-22027F6F1CD4,PEDESTRIAN,Standing,OTHER,OTHER,N/A,MIXED CLOTHING,Yes,POSSIBLE INJURY,N/A,39.115397,-77.204342,"(39.115397, -77.204342)"
MCP2799002N,170501295,Montgomery County Police,Injury Crash,04/09/2017 08:44:00 PM,County,MORNINGWOOD DR,County,MORNINGWOOD CT,,N/A,BICYCLIST,HEAD ON,CLEAR,DRY,DARK NO LIGHTS,N/A,,ALCOHOL PRESENT,AAF5730E-F6CE-4E77-9BB7-6769523E5005,BICYCLIST,Walking/Riding w/Traffic,INATTENTIVE,ON ROADWAY NOT AT CROSSWALK,NO PED. SIGNAL,MIXED CLOTHING,Yes,SUSPECTED MINOR INJURY,NONE,39.15077333,-77.08787167,"(39.15077333, -77.08787167)"
MCP2559001R,170501242,Montgomery County Police,Injury Crash,04/09/2017 12:19:00 PM,Maryland (State),WOODFIELD RD,Unknown,SPUR TO AIRPARK RD,,N/A,BICYCLIST,SAME DIRECTION RIGHT TURN,CLEAR,DRY,DAYLIGHT,TRAFFIC SIGNAL,NONE DETECTED,NONE DETECTED,347F04C6-86DB-48BC-9928-D8264CCD0479,BICYCLIST,Cross/Enter at Intersection,NO IMPROPER ACTIONS,ON ROADWAY AT CROSSWALK,OBEYED PED. SIGNAL,MIXED CLOTHING,No,SUSPECTED MINOR INJURY,MC/BIKE HELMET,39.16897185,-77.15427339,"(39.16897185, -77.15427339)"
MCP23570024,170501222,Montgomery County Police,Injury Crash,04/09/2017 10:09:00 AM,US (State),GEORGIA AVE,County,SILVER SPRING AVE,,N/A,PEDESTRIAN,SAME DIR REAR END,CLEAR,N/A,DAYLIGHT,TRAFFIC SIGNAL,NONE DETECTED,N/A,374CE382-C6E1-471D-9343-2C19A17A408B,PEDESTRIAN,N/A,N/A,SIDEWALK,N/A,N/A,No,NO APPARENT INJURY,N/A,38.99150667,-77.02683833,"(38.99150667, -77.02683833)"
MCP2687001X,170501117,Montgomery County Police,Injury Crash,04/08/2017 05:44:00 PM,,,,,"7400 ARLINGTON RD 
BETHESDA MD 20814
BETHESDA LIBRARY PARKING LOT",,PEDESTRIAN,OTHER,CLEAR,,DAYLIGHT,NO CONTROLS,NONE DETECTED,NONE DETECTED,457EFAFE-B14B-49AE-8272-868999A42290,PEDESTRIAN,Other,NO IMPROPER ACTIONS,OTHER,NO PED. SIGNAL,LIGHT CLOTHING,No,POSSIBLE INJURY,NONE,38.98384125,-77.09859878,"(38.98384125, -77.09859878)"
DM8437001N,170501100,Takoma Park Police Depart,Injury Crash,04/08/2017 03:05:00 PM,Municipality,MAPLE AVE,Government,SLIGO CREEK PKWY,,N/A,BICYCLIST,OTHER,CLEAR,DRY,DAYLIGHT,TRAFFIC SIGNAL,NONE DETECTED,NONE DETECTED,A154A944-6CB5-4663-9577-95C7F7BBF746,BICYCLIST,Cross/Enter at Intersection,NO IMPROPER ACTIONS,ON ROADWAY AT CROSSWALK,OBEYED PED. SIGNAL,MIXED CLOTHING,No,POSSIBLE INJURY,MC/BIKE HELMET,38.98613361,-77.00365663,"(38.98613361, -77.00365663)"
MCP20940086,17050085,Montgomery County Police,Injury Crash,04/07/2017 10:05:00 AM,Maryland (State),MASSACHUSETTS AVE,Maryland (State),WESTMORELAND CIR,,N/A,BICYCLIST,OTHER,CLEAR,DRY,DAYLIGHT,YIELD SIGN,NONE DETECTED,NONE DETECTED,75D5D128-074A-4674-B1DD-13F1E85AE617,BICYCLIST,Cross/Enter at Intersection,NO IMPROPER ACTIONS,ON ROADWAY AT CROSSWALK,NO PED. SIGNAL,MIXED CLOTHING,No,SUSPECTED MINOR INJURY,MC/BIKE HELMET,38.94939833,-77.10125667,"(38.94939833, -77.10125667)"
MCP3034000H,170500805,Montgomery County Police,Property Damage Crash,04/06/2017 11:30:00 PM,,,,,PARKING LOT OF TGI FRIDAYS OF TECH RD,,PEDESTRIAN,OTHER,CLEAR,,DARK LIGHTS ON,N/A,UNKNOWN,NONE DETECTED,CE64B78F-85FC-4231-B942-E1126DC776B9,PEDESTRIAN,Standing,NO IMPROPER ACTIONS,OTHER,N/A,MIXED CLOTHING,No,NO APPARENT INJURY,N/A,39.0570339,-76.96662068,"(39.0570339, -76.96662068)"
DD56060047,170500798,Rockville Police Departme,Injury Crash,04/06/2017 10:19:00 AM,County,SHADY GROVE RD,Municipality,GAITHER RD,,ROCKVILLE,PEDESTRIAN,SINGLE VEHICLE,CLOUDY,DRY,DARK LIGHTS ON,TRAFFIC SIGNAL,NONE DETECTED,NONE DETECTED,685758F6-FB79-4740-A4B3-E87F288FCC8A,PEDESTRIAN,Cross/Enter at Intersection,FAILURE TO OBEY TRAFFIC SIGNS SIGNALS OR OFFICER,ON ROADWAY AT CROSSWALK,DISOBEYED PED. SIGNAL,DARK CLOTHING,Yes,POSSIBLE INJURY,NONE,39.11744113,-77.18345717,"(39.11744113, -77.18345717)"
MCP2679001Z,170500609,Montgomery County Police,Injury Crash,04/05/2017 06:15:00 PM,County,REDLAND RD,Other Public Roadway,SOMERVILLE DR,,N/A,PEDESTRIAN,OTHER,CLEAR,DRY,DAYLIGHT,NO CONTROLS,N/A,NONE DETECTED,B3280ADF-D445-4077-A35B-4386164BF6B0,PEDESTRIAN,Cross/Enter not at Intersection,FAILURE TO YIELD RIGHT OF WAY,ON ROADWAY NOT AT CROSSWALK,NO PED. SIGNAL,MIXED CLOTHING,Yes,POSSIBLE INJURY,NONE,39.11714094,-77.16470249,"(39.11714094, -77.16470249)"
MCP00360063,170500518,Montgomery County Police,Injury Crash,04/05/2017 02:00:00 PM,,,,,PARKING LOT OF WALMART 20910 FREDERICK RD,,PEDESTRIAN,SINGLE VEHICLE,CLEAR,,DAYLIGHT,N/A,NONE DETECTED,UNKNOWN,0F33D870-5BEC-41C9-A752-CF346BE7B655,PEDESTRIAN,Other,OTHER,OTHER,NO PED. SIGNAL,MIXED CLOTHING,Yes,POSSIBLE INJURY,N/A,39.19848077,-77.25158662,"(39.19848077, -77.25158662)"
MCP3029000N,170500472,Montgomery County Police,Injury Crash,04/05/2017 08:15:00 AM,County,HEWITT AVE,Maryland (State),GEORGIA AVE,,N/A,PEDESTRIAN,OTHER,CLEAR,DRY,DAYLIGHT,NO CONTROLS,UNKNOWN,N/A,45EBF403-7E71-49BC-AE53-9DB968368749,PEDESTRIAN,Standing,NO IMPROPER ACTIONS,OTHER,NO PED. SIGNAL,N/A,No,SUSPECTED MINOR INJURY,N/A,39.07924957,-77.06777215,"(39.07924957, -77.06777215)"
DD5595003T,170500400,Rockville Police Departme,Injury Crash,04/04/2017 06:17:00 PM,Municipality,E MIDDLE LA,Municipality,MONROE ST,,ROCKVILLE,PEDESTRIAN,OTHER,CLEAR,DRY,DAYLIGHT,OTHER,NONE DETECTED,NONE DETECTED,3B0DA91C-E5AB-449D-B6C4-7083ECD25DEC,PEDESTRIAN,Cross/Enter at Intersection,NO IMPROPER ACTIONS,ON ROADWAY AT CROSSWALK,NO PED. SIGNAL,MIXED CLOTHING,No,POSSIBLE INJURY,NONE,39.08516617,-77.14921633,"(39.08516617, -77.14921633)"
DD5612000H,170500025,Rockville Police Departme,Injury Crash,04/02/2017 11:15:00 AM,,,,,PARKING LOT OF LIFETIME FITNESS CLUB,,PEDESTRIAN,SINGLE VEHICLE,CLEAR,,DAYLIGHT,NO CONTROLS,UNKNOWN,NONE DETECTED,9978EC53-857F-4AF1-AB59-371715075E36,PEDESTRIAN,Standing,NO IMPROPER ACTIONS,OTHER,N/A,MIXED CLOTHING,No,SUSPECTED MINOR INJURY,NONE,39.06422747,-77.1587795,"(39.06422747, -77.1587795)"
MCP1305001D,17505422,Montgomery County Police,Injury Crash,04/01/2017 08:15:00 PM,,,,,PARKING LOT OF 18250 FLOWER HILL WAY (GIANT),,PEDESTRIAN,SINGLE VEHICLE,UNKNOWN,,DARK LIGHTS ON,N/A,N/A,N/A,7ED882B2-5095-4C1F-B532-4B3F5049D171,PEDESTRIAN,Getting off/on Vehicle,NO IMPROPER ACTIONS,OTHER,N/A,UNKNOWN,No,POSSIBLE INJURY,N/A,39.15526153,-77.1655789,"(39.15526153, -77.1655789)"
MCP2456001P,17016557,Montgomery County Police,Property Damage Crash,04/01/2017 10:49:00 AM,,,,,PARKING LOT OF 8703 PINEY BRANCH RD,,OTHER,UNKNOWN,CLEAR,,DAYLIGHT,NO CONTROLS,UNKNOWN,N/A,C753ECF5-3590-4E99-9183-2C9CD230F607,OTHER,Unknown,UNKNOWN,UNKNOWN,N/A,UNKNOWN,No,NO APPARENT INJURY,N/A,38.99861167,-77.00399667,"(38.99861167, -77.00399667)"
MCP3007001K,17016536,Montgomery County Police,Injury Crash,04/01/2017 08:25:00 AM,County,BEL PRE RD,Other Public Roadway,PARKER FARM WAY,,N/A,PEDESTRIAN,SINGLE VEHICLE,RAINING,WET,DAYLIGHT,TRAFFIC SIGNAL,N/A,N/A,60AC6D3B-F345-4776-A597-9F1B29A6BC8D,PEDESTRIAN,Cross/Enter at Intersection,NO IMPROPER ACTIONS,ON ROADWAY AT CROSSWALK,OBEYED PED. SIGNAL,MIXED CLOTHING,No,POSSIBLE INJURY,NONE,39.09052549,-77.04792112,"(39.09052549, -77.04792112)"
MCP2398001D,17016355,Montgomery County Police,Injury Crash,03/31/2017 01:13:00 PM,,,,,PARKING LOT 9136 GAITHER RD,,PEDESTRIAN,OTHER,RAINING,,DAYLIGHT,NO CONTROLS,NONE DETECTED,NONE DETECTED,FCDDF913-5814-4DF4-B36E-BC4DE3689CE7,PEDESTRIAN,Other Working,OTHER,OTHER,NO PED. SIGNAL,MIXED CLOTHING,Unknown,POSSIBLE INJURY,NONE,39.11607178,-77.18831862,"(39.11607178, -77.18831862)"
MCP3036000H,17016191,Montgomery County Police,Injury Crash,03/30/2017 03:19:00 PM,County,SHADY GROVE RD,Municipality,CHOKE CHERRY RD,,ROCKVILLE,PEDESTRIAN,SINGLE VEHICLE,CLOUDY,DRY,DAYLIGHT,NO CONTROLS,NONE DETECTED,NONE DETECTED,67868A2C-F988-435B-AC7D-CC3375DDBB39,PEDESTRIAN,Cross/Enter at Intersection,INATTENTIVE,AT INTERSECTION BUT NO CROSSWALK,NO PED. SIGNAL,MIXED CLOTHING,No,SUSPECTED MINOR INJURY,N/A,39.11519881,-77.18542323,"(39.11519881, -77.18542323)"
MCP2348002J,17016091,Montgomery County Police,Injury Crash,03/30/2017 01:20:00 AM,Interstate (State),EISENHOWER MEMORIAL HWY,Ramp,RAMP 7 FR MD 121 WB TO IS 270 SB,,N/A,PEDESTRIAN,SINGLE VEHICLE,CLEAR,DRY,DARK NO LIGHTS,NO CONTROLS,NONE DETECTED,NONE DETECTED,4356AFCA-3494-45C8-9588-4B7EECF6B8FC,PEDESTRIAN,Other,NO IMPROPER ACTIONS,ON ROADWAY NOT AT CROSSWALK,N/A,DARK CLOTHING,No,SUSPECTED SERIOUS INJURY,N/A,39.22098667,-77.27935667,"(39.22098667, -77.27935667)"
MCP2761001N,17015808,Montgomery County Police,Property Damage Crash,03/28/2017 03:36:00 PM,County,LIBERTY MILL RD,Maryland (State),CLOPPER RD,,N/A,PEDESTRIAN,OTHER,CLEAR,DRY,DAYLIGHT,NO CONTROLS,NONE DETECTED,NONE DETECTED,6E139837-1842-456C-9781-A8E8FF0FE2A5,PEDESTRIAN,Standing,NO IMPROPER ACTIONS,OTHER,N/A,LIGHT CLOTHING,No,NO APPARENT INJURY,NONE,39.16219969,-77.28107482,"(39.16219969, -77.28107482)"
MCP2832002M,17015784,Montgomery County Police,Injury Crash,03/28/2017 01:38:00 PM,Maryland (State),EAST WEST HWY,County,GRUBB RD,,N/A,PEDESTRIAN,SINGLE VEHICLE,CLOUDY,DRY,DAYLIGHT,TRAFFIC SIGNAL,NONE DETECTED,N/A,DAA88CAB-D3DE-43DE-B361-7871B70327A7,PEDESTRIAN,Cross/Enter at Intersection,NO IMPROPER ACTIONS,ON ROADWAY AT CROSSWALK,OBEYED PED. SIGNAL,MIXED CLOTHING,No,POSSIBLE INJURY,N/A,38.99381333,-77.05224833,"(38.99381333, -77.05224833)"
MCP2832002M,17015784,Montgomery County Police,Injury Crash,03/28/2017 01:38:00 PM,Maryland (State),EAST WEST HWY,County,GRUBB RD,,N/A,PEDESTRIAN,SINGLE VEHICLE,CLOUDY,DRY,DAYLIGHT,TRAFFIC SIGNAL,NONE DETECTED,NONE DETECTED,C453E4F1-F934-48E4-AF1F-8F114534F46E,PEDESTRIAN,Cross/Enter at Intersection,NO IMPROPER ACTIONS,ON ROADWAY AT CROSSWALK,OBEYED PED. SIGNAL,MIXED CLOTHING,No,SUSPECTED MINOR INJURY,N/A,38.99381333,-77.05224833,"(38.99381333, -77.05224833)"
DM8430000Q,17015804,Takoma Park Police Depart,Injury Crash,03/28/2017 01:17:00 PM,Municipality,SHERIDAN ST,Maryland (State),NEW HAMPSHIRE AVE,,N/A,PEDESTRIAN,OTHER,CLEAR,N/A,DAYLIGHT,NO CONTROLS,UNKNOWN,NONE DETECTED,F20CE920-27D7-43F3-B497-A9B5DDE31ABF,PEDESTRIAN,Other,OTHER,N/A,NO PED. SIGNAL,MIXED CLOTHING,No,POSSIBLE INJURY,N/A,38.96673667,-77.00201833,"(38.96673667, -77.00201833)"
MCP28810023,17015769,Montgomery County Police,Injury Crash,03/28/2017 12:05:00 PM,Maryland (State),GERMANTOWN RD,County,AIRCRAFT DR,,N/A,OTHER CONVEYANCE,STRAIGHT MOVEMENT ANGLE,N/A,N/A,DAYLIGHT,TRAFFIC SIGNAL,N/A,N/A,88565610-D3CF-4B30-97D5-BE0B77B2B33C,OTHER CONVEYANCE,Cross/Enter at Intersection,FAILURE TO OBEY TRAFFIC SIGNS SIGNALS OR OFFICER,ON ROADWAY AT CROSSWALK,DISOBEYED PED. SIGNAL,LIGHT CLOTHING,Yes,POSSIBLE INJURY,N/A,39.00864833,-77.113435,"(39.00864833, -77.113435)"
MCP2767002L,17015632,Montgomery County Police,Injury Crash,03/27/2017 04:54:00 PM,,,,,"ON SIDEWALK NEXT TO 11302 GRANDVIEW AVE., WHEATON MD",,BICYCLIST,STRAIGHT MOVEMENT ANGLE,CLEAR,,DAYLIGHT,NO CONTROLS,NONE DETECTED,NONE DETECTED,D564E588-93E3-476A-AC80-C5D831912787,BICYCLIST,Walking/Cycling on Sidewalk,NO IMPROPER ACTIONS,SIDEWALK,N/A,MIXED CLOTHING,No,POSSIBLE INJURY,NONE,39.04020402,-77.05283895,"(39.04020402, -77.05283895)"
MCP2973002W,170501570,Montgomery County Police,Injury Crash,03/27/2017 04:00:00 PM,,,,,"HOME DEPOT PARKING LOT - 14000 GEORGIA AVE SILVER SPRING, MD 20906",,PEDESTRIAN,OTHER,CLEAR,,DAYLIGHT,NO CONTROLS,NONE DETECTED,NONE DETECTED,03E95798-F810-4970-9971-7BDF0A6FD7A4,PEDESTRIAN,Standing,NO IMPROPER ACTIONS,OTHER,NO PED. SIGNAL,DARK CLOTHING,No,POSSIBLE INJURY,N/A,39.0836115,-77.08112955,"(39.0836115, -77.08112955)"
DM8456000F,17015267,Takoma Park Police Depart,Injury Crash,03/25/2017 03:30:00 PM,Municipality,BOYD AVE,Municipality,JACKSON AVE,,TAKOMA PARK,BICYCLIST,N/A,CLEAR,DRY,DAYLIGHT,NO CONTROLS,NONE DETECTED,NONE DETECTED,1A4A86B8-8FDE-4AC3-98FC-6B87D0B9CB5A,BICYCLIST,Walking/Riding w/Traffic,NO IMPROPER ACTIONS,ON ROADWAY NOT AT CROSSWALK,NO PED. SIGNAL,LIGHT CLOTHING,Unknown,SUSPECTED MINOR INJURY,MC/BIKE HELMET,38.97849167,-77.001665,"(38.97849167, -77.001665)"
MCP3019000M,17015274,Montgomery County Police,Injury Crash,03/25/2017 12:47:00 PM,County,MACARTHUR BLVD,Interstate (State),CABIN JOHN PKWY,,N/A,BICYCLIST,SAME DIRECTION RIGHT TURN,CLEAR,DRY,DAYLIGHT,TRAFFIC SIGNAL,NONE DETECTED,NONE DETECTED,F2FDD694-2FDB-459A-BDF2-167A11335DCA,BICYCLIST,Walking/Riding w/Traffic,UNKNOWN,ON ROADWAY NOT AT CROSSWALK,UNKNOWN,N/A,No,SUSPECTED MINOR INJURY,MC/BIKE HELMET,38.972765,-77.147305,"(38.972765, -77.147305)"
MCP2456001L,17015273,Montgomery County Police,Property Damage Crash,03/25/2017 12:44:00 PM,,,,,PARKING LOT OF 8805 FLOWER AVENUE,,OTHER,OTHER,CLEAR,,DAYLIGHT,NO CONTROLS,NONE DETECTED,N/A,AF540C38-D32B-449A-9FF6-A0CDA070321F,OTHER,N/A,N/A,OTHER,N/A,N/A,No,NO APPARENT INJURY,N/A,38.99980667,-77.00371833,"(38.99980667, -77.00371833)"
MCP3035000Y,17015128,Montgomery County Police,Injury Crash,03/24/2017 06:10:00 PM,County,SHADY SPRING DR,County,COTTONWOOD TERR,,N/A,PEDESTRIAN,SINGLE VEHICLE,CLEAR,DRY,DAYLIGHT,NO CONTROLS,NONE DETECTED,NONE DETECTED,7D5E30ED-314B-4B84-B2EB-E917A16E261B,PEDESTRIAN,Playing,DART DASH,SHOULDER,NO PED. SIGNAL,MIXED CLOTHING,Yes,SUSPECTED MINOR INJURY,N/A,39.14840167,-77.16655833,"(39.14840167, -77.16655833)"
DD55020032,17015029,Rockville Police Departme,Injury Crash,03/24/2017 10:23:00 AM,Municipality,BEALL AVE #2,Maryland (State),HUNGERFORD DR,,N/A,PEDESTRIAN,OTHER,RAINING,WET,DAYLIGHT,TRAFFIC SIGNAL,NONE DETECTED,NONE DETECTED,31707E75-5632-4C54-88D5-A970910B089E,PEDESTRIAN,Cross/Enter at Intersection,NO IMPROPER ACTIONS,ON ROADWAY AT CROSSWALK,OBEYED PED. SIGNAL,MIXED CLOTHING,No,SUSPECTED MINOR INJURY,N/A,39.08728167,-77.150345,"(39.08728167, -77.150345)"
MCP9386004G,17015027,Montgomery County Police,Injury Crash,03/24/2017 10:04:00 AM,Maryland (State),OLD GEORGETOWN RD,County,EDGEMOOR LA,,N/A,PEDESTRIAN,OTHER,RAINING,WET,DAYLIGHT,TRAFFIC SIGNAL,NONE DETECTED,NONE DETECTED,58BF0ACA-7199-4B71-A6E3-3EFE2BA7C062,PEDESTRIAN,Cross/Enter at Intersection,NO IMPROPER ACTIONS,AT INTERSECTION MARKED CROSSWALK,OBEYED PED. SIGNAL,DARK CLOTHING,No,POSSIBLE INJURY,NONE,38.98573833,-77.09561667,"(38.98573833, -77.09561667)"
MCP2872001P,17014794,Montgomery County Police,Injury Crash,03/23/2017 09:24:00 AM,County,CHRISTOPHER AVE,Unknown,HELLINGLY PL,,N/A,PEDESTRIAN,STRAIGHT MOVEMENT ANGLE,CLEAR,DRY,DAYLIGHT,NO CONTROLS,NONE DETECTED,NONE DETECTED,694C619E-0E9F-4E2A-8E26-4CF467961AEC,PEDESTRIAN,Other Working,NO IMPROPER ACTIONS,OTHER,N/A,DARK CLOTHING,No,POSSIBLE INJURY,N/A,39.15944,-77.20575833,"(39.15944, -77.20575833)"
MCP06860003,17014791,Montgomery County Police,Injury Crash,03/23/2017 08:32:00 AM,Maryland (State),GERMANTOWN RD,County,BOWMAN MILL RD,,N/A,PEDESTRIAN,SINGLE VEHICLE,CLEAR,DRY,DAYLIGHT,N/A,NONE DETECTED,NONE DETECTED,A30F0A1A-2679-43FD-9ED0-2046A7598A65,PEDESTRIAN,Other Working,NO IMPROPER ACTIONS,ON ROADWAY NOT AT CROSSWALK,N/A,REFLECTIVE MATERIAL,No,SUSPECTED MINOR INJURY,REFLECTIVE CLOTHING,39.1751913,-77.27224499,"(39.1751913, -77.27224499)"