Report Number,Local Case Number,Agency Name,ACRS Report Type,Crash Date/Time,Route Type,Road Name,Cross-Street Type,Cross-Street Name,Off-Road Description,Municipality,Related Non-Motorist,Collision Type,Weather,Surface Condition,Light,Traffic Control,Driver Substance Abuse,Non-Motorist Substance Abuse,Person ID,Pedestrian Type,Pedestrian Movement,Pedestrian Actions,Pedestrian Location,Pedestrian Obeyed Traffic Signal,Pedestrian Visibility,At Fault,Injury Severity,Safety Equipment,Latitude,Longitude,Location
MCP2845002F,17014783,Montgomery County Police,Injury Crash,03/23/2017 07:25:00 AM,,,,,PARKING LOT OF BLAIR HIGH SCHOOL NEXT TO UNIVERSITY BLVD EAST,,PEDESTRIAN,SINGLE VEHICLE,CLEAR,,DAYLIGHT,NO CONTROLS,NONE DETECTED,NONE DETECTED,877905B3-489E-428F-83D4-474C2CFEF6B9,PEDESTRIAN,Cross/Enter not at Intersection,INATTENTIVE,OUTSIDE RIGHT OF WAY,NO PED. SIGNAL,MIXED CLOTHING,Yes,SUSPECTED MINOR INJURY,N/A,39.01861,-77.008985,"(39.01861, -77.008985)"
MCP2046006N,17014779,Montgomery County Police,Injury Crash,03/23/2017 06:32:00 AM,County,MT PISGAH RD,County,OAKVIEW DR,,N/A,PEDESTRIAN,OTHER,CLEAR,DRY,DARK LIGHTS ON,NO CONTROLS,NONE DETECTED,NONE DETECTED,3001CF27-168F-4ED9-9AF7-705C232E9CD0,PEDESTRIAN,Cross/Enter at Intersection,NO IMPROPER ACTIONS,ON ROADWAY AT CROSSWALK,NO PED. SIGNAL,DARK CLOTHING,No,SUSPECTED MINOR INJURY,NONE,39.01524833,-76.97705,"(39.01524833, -76.97705)"
MCP2425008Y,17014637,Montgomery County Police,Injury Crash,03/22/2017 12:41:00 PM,,,,,PARKING LOT OF 25 E WAYNE AVE,,PEDESTRIAN,SINGLE VEHICLE,CLEAR,,DAYLIGHT,NO CONTROLS,NONE DETECTED,NONE DETECTED,3201A54E-8723-4229-A6F5-7E428B8FC881,PEDESTRIAN,Other,OTHER,OTHER,N/A,MIXED CLOTHING,Unknown,SUSPECTED MINOR INJURY,N/A,38.99928667,-77.00916333,"(38.99928667, -77.00916333)"
MCP2780002M,17014453,Montgomery County Police,Property Damage Crash,03/21/2017 02:54:00 PM,Maryland (State),FREDERICK RD,County,SHAKESPEARE BLVD,,N/A,PEDESTRIAN,OTHER,CLOUDY,DRY,DAYLIGHT,TRAFFIC SIGNAL,NONE DETECTED,NONE DETECTED,CBD39D23-F8A4-4FD7-B72C-BF33ED5E1882,PEDESTRIAN,Cross/Enter at Intersection,NO IMPROPER ACTIONS,ON ROADWAY AT CROSSWALK,OBEYED PED. SIGNAL,MIXED CLOTHING,No,NO APPARENT INJURY,NONE,39.19849667,-77.24467333,"(39.19849667, -77.24467333)"
DD5523000D,17014350,Rockville Police Departme,Injury Crash,03/20/2017 09:45:00 PM,,,,,PARKING LOT OF 1750 ROCKVILLE PIKE,,PEDESTRIAN,SINGLE VEHICLE,CLEAR,,DARK NO LIGHTS,N/A,NONE DETECTED,NONE DETECTED,10DD9551-8A28-4C0A-80F2-957F1AE0CC91,PEDESTRIAN,N/A,NOT VISIBLE,OTHER,N/A,MIXED CLOTHING,Unknown,SUSPECTED MINOR INJURY,N/A,39.06103167,-77.122645,"(39.06103167, -77.122645)"
MCP2975001J,17013978,Montgomery County Police,Injury Crash,03/18/2017 07:55:00 PM,County,RALPH RD,Maryland (State),GEORGIA AVE,,N/A,PEDESTRIAN,SINGLE VEHICLE,RAINING,WET,DARK LIGHTS ON,STOP SIGN,NONE DETECTED,NONE DETECTED,FE184124-1D21-4112-B948-F7D52ECC9C9E,PEDESTRIAN,Cross/Enter at Intersection,FAILURE TO YIELD RIGHT OF WAY,ON ROADWAY NOT AT CROSSWALK,NO PED. SIGNAL,MIXED CLOTHING,Yes,SUSPECTED MINOR INJURY,N/A,39.078225,-77.07207167,"(39.078225, -77.07207167)"
MCP11740020,17013679,Montgomery County Police,Injury Crash,03/17/2017 09:25:00 AM,Maryland (State),WISCONSIN AVE,County,BETHESDA AVE,,N/A,PEDESTRIAN,OTHER,CLEAR,DRY,DAYLIGHT,TRAFFIC SIGNAL,UNKNOWN,N/A,95F6080D-29A3-4E2F-BAEA-94C0415E9F73,PEDESTRIAN,Cross/Enter at Intersection,NO IMPROPER ACTIONS,AT INTERSECTION MARKED CROSSWALK,OBEYED PED. SIGNAL,DARK CLOTHING,No,SUSPECTED MINOR INJURY,NONE,38.98103486,-77.09271938,"(38.98103486, -77.09271938)"
MCP0899001Z,17013122,Montgomery County Police,Injury Crash,03/13/2017 03:22:00 PM,County,ARLINGTON RD,County,EDGEMOOR LA,,N/A,PEDESTRIAN,OTHER,CLOUDY,DRY,DAYLIGHT,TRAFFIC SIGNAL,NONE DETECTED,NONE DETECTED,D3947630-E932-4C6D-84A7-A9A0A1265387,PEDESTRIAN,Cross/Enter at Intersection,NO IMPROPER ACTIONS,AT INTERSECTION MARKED CROSSWALK,OBEYED PED. SIGNAL,LIGHT CLOTHING,No,SUSPECTED MINOR INJURY,NONE,38.9846992,-77.09866047,"(38.9846992, -77.09866047)"
MCP0899001Z,17013122,Montgomery County Police,Injury Crash,03/13/2017 03:22:00 PM,County,ARLINGTON RD,County,EDGEMOOR LA,,N/A,PEDESTRIAN,OTHER,CLOUDY,DRY,DAYLIGHT,TRAFFIC SIGNAL,NONE DETECTED,NONE DETECTED,4C29D291-89FE-4F89-A368-67E99690C806,PEDESTRIAN,Cross/Enter at Intersection,NO IMPROPER ACTIONS,AT INTERSECTION MARKED CROSSWALK,OBEYED PED. SIGNAL,LIGHT CLOTHING,No,SUSPECTED SERIOUS INJURY,NONE,38.9846992,-77.09866047,"(38.9846992, -77.09866047)"
MCP2687001T,17013092,Montgomery County Police,Injury Crash,03/13/2017 01:25:00 PM,County,ARLINGTON RD,County,ELM ST,,N/A,PEDESTRIAN,OTHER,CLEAR,DRY,DAYLIGHT,PERSON,NONE DETECTED,N/A,FD67E159-D78C-4915-9A81-CB72479A0F53,PEDESTRIAN,Cross/Enter at Intersection,NO IMPROPER ACTIONS,AT INTERSECTION MARKED CROSSWALK,OBEYED PED. SIGNAL,LIGHT CLOTHING,No,POSSIBLE INJURY,NONE,38.98206798,-77.09851563,"(38.98206798, -77.09851563)"
MCP2687001T,17013092,Montgomery County Police,Injury Crash,03/13/2017 01:25:00 PM,County,ARLINGTON RD,County,ELM ST,,N/A,PEDESTRIAN,OTHER,CLEAR,DRY,DAYLIGHT,PERSON,NONE DETECTED,N/A,052A8017-3943-4F04-8FAB-F9E150923173,PEDESTRIAN,Cross/Enter at Intersection,NO IMPROPER ACTIONS,AT INTERSECTION MARKED CROSSWALK,OBEYED PED. SIGNAL,LIGHT CLOTHING,No,POSSIBLE INJURY,NONE,38.98206798,-77.09851563,"(38.98206798, -77.09851563)"
MCP2687001T,17013092,Montgomery County Police,Injury Crash,03/13/2017 01:25:00 PM,County,ARLINGTON RD,County,ELM ST,,N/A,PEDESTRIAN,OTHER,CLEAR,DRY,DAYLIGHT,PERSON,NONE DETECTED,NONE DETECTED,D9491654-04AD-4BA7-877C-FA80CC4D038A,PEDESTRIAN,Cross/Enter at Intersection,NO IMPROPER ACTIONS,ON ROADWAY AT CROSSWALK,OBEYED PED. SIGNAL,LIGHT CLOTHING,No,NO APPARENT INJURY,NONE,38.98206798,-77.09851563,"(38.98206798, -77.09851563)"
MCP2959002C,17013049,Montgomery County Police,Injury Crash,03/13/2017 06:44:00 AM,Maryland (State),VEIRS MILL RD,County,GAIL ST,,N/A,PEDESTRIAN,STRAIGHT MOVEMENT ANGLE,CLEAR,DRY,DARK LIGHTS ON,NO CONTROLS,NONE DETECTED,NONE DETECTED,A358E38D-D9BD-4995-A9FE-63601C52D138,PEDESTRIAN,Cross/Enter at Intersection,NO IMPROPER ACTIONS,AT INTERSECTION MARKED CROSSWALK,NO PED. SIGNAL,DARK CLOTHING,No,POSSIBLE INJURY,NONE,39.04942333,-77.07088667,"(39.04942333, -77.07088667)"
MCP2177001J,17012955,Montgomery County Police,Injury Crash,03/12/2017 12:27:00 PM,County,GLEN MILL RD,County,BALD CYPRESS DR,,N/A,BICYCLIST,SAME DIR REAR END,N/A,DRY,DAYLIGHT,NO CONTROLS,NONE DETECTED,NONE DETECTED,638675C0-C6ED-48C2-8EA0-9B0C94873D95,BICYCLIST,Walking/Riding w/Traffic,INATTENTIVE,OTHER,N/A,DARK CLOTHING,Yes,SUSPECTED SERIOUS INJURY,MC/BIKE HELMET,39.08259333,-77.198755,"(39.08259333, -77.198755)"
MCP2909001B,17012671,Montgomery County Police,Injury Crash,03/10/2017 04:31:00 PM,,,,,PARKING LOT 6930 ARLINGTON RD,,PEDESTRIAN,SINGLE VEHICLE,N/A,,DAYLIGHT,NO CONTROLS,NONE DETECTED,N/A,36A344A9-BC2F-461E-9B73-8A14771F0AFD,PEDESTRIAN,Other,NO IMPROPER ACTIONS,OTHER,N/A,DARK CLOTHING,No,SUSPECTED MINOR INJURY,N/A,38.97935327,-77.09904671,"(38.97935327, -77.09904671)"
MCP271700B4,17012660,Montgomery County Police,Injury Crash,03/10/2017 03:11:00 PM,,,,,11355 WOODGLEN DRIVE (UNDERGROUND PARKING GARAGE OF 'WHOLE FOODS MARKET'),,PEDESTRIAN,OTHER,N/A,,OTHER,NO CONTROLS,NONE DETECTED,NONE DETECTED,6CFA10C9-271C-4379-B2CB-CBCB3B835E38,PEDESTRIAN,Other,NO IMPROPER ACTIONS,OTHER,NO PED. SIGNAL,MIXED CLOTHING,No,SUSPECTED MINOR INJURY,NONE,39.04293533,-77.11369817,"(39.04293533, -77.11369817)"
MCP2664002Y,17012580,Montgomery County Police,Injury Crash,03/09/2017 11:40:00 PM,County,ANDREW ST,Maryland (State),VEIRS MILL RD,,N/A,PEDESTRIAN,OTHER,UNKNOWN,UNKNOWN,UNKNOWN,NO CONTROLS,UNKNOWN,NONE DETECTED,90CF317A-3170-4070-AB92-0EEF620CEFB7,PEDESTRIAN,Cross/Enter not at Intersection,NO IMPROPER ACTIONS,ON ROADWAY NOT AT CROSSWALK,UNKNOWN,UNKNOWN,No,SUSPECTED MINOR INJURY,UNKNOWN,39.05023,-77.07168833,"(39.05023, -77.07168833)"
MCP271700B3,17012468,Montgomery County Police,Injury Crash,03/09/2017 04:45:00 PM,Maryland (State),NEW HAMPSHIRE AVE,County,OAKVIEW DR,,N/A,PEDESTRIAN,OTHER,CLEAR,DRY,DAYLIGHT,TRAFFIC SIGNAL,NONE DETECTED,NONE DETECTED,67F9F0CC-84BB-41EE-9107-BE7E0C868D91,PEDESTRIAN,Cross/Enter at Intersection,NO IMPROPER ACTIONS,ON ROADWAY AT CROSSWALK,OBEYED PED. SIGNAL,MIXED CLOTHING,No,SUSPECTED MINOR INJURY,NONE,39.01515533,-76.9780485,"(39.01515533, -76.9780485)"
MCP271700B3,17012468,Montgomery County Police,Injury Crash,03/09/2017 04:45:00 PM,Maryland (State),NEW HAMPSHIRE AVE,County,OAKVIEW DR,,N/A,PEDESTRIAN,OTHER,CLEAR,DRY,DAYLIGHT,TRAFFIC SIGNAL,NONE DETECTED,NONE DETECTED,283C8502-1ECD-472A-9D3C-46ABCA2D91AB,PEDESTRIAN,Cross/Enter at Intersection,NO IMPROPER ACTIONS,ON ROADWAY AT CROSSWALK,OBEYED PED. SIGNAL,MIXED CLOTHING,No,SUSPECTED MINOR INJURY,NONE,39.01515533,-76.9780485,"(39.01515533, -76.9780485)"
MCP3042000G,17012423,Montgomery County Police,Injury Crash,03/09/2017 01:36:00 PM,County,SHOREFIELD RD,Maryland (State),GEORGIA AVE,,N/A,BICYCLIST,SAME DIR REAR END,CLEAR,DRY,DAYLIGHT,NO CONTROLS,NONE DETECTED,NONE DETECTED,D7E85244-83D0-4304-9B2B-31AB2250BC97,BICYCLIST,Walking/Riding w/Traffic,NO IMPROPER ACTIONS,SHOULDER,N/A,N/A,No,POSSIBLE INJURY,NONE,39.06955333,-77.161305,"(39.06955333, -77.161305)"
MCP2370002X,17012425,Montgomery County Police,Injury Crash,03/09/2017 01:23:00 PM,,,,,"2121 INDUSTRIAL PARKWAY
SILVER SPRING,MD",,PEDESTRIAN,SAME DIR REAR END,CLEAR,,DAYLIGHT,NO CONTROLS,NONE DETECTED,NONE DETECTED,BEFCDDB8-E28B-437F-9839-64C95A77BE64,PEDESTRIAN,Other,N/A,OTHER,NO PED. SIGNAL,DARK CLOTHING,No,POSSIBLE INJURY,NONE,39.05101855,-76.9972086,"(39.05101855, -76.9972086)"
MCP2899001H,17012306,Montgomery County Police,Injury Crash,03/08/2017 10:20:00 PM,County,OLD COLUMBIA PIKE,Unknown,CARRIAGE HOUSE TERR,,N/A,PEDESTRIAN,OTHER,CLEAR,DRY,DARK LIGHTS ON,NO CONTROLS,NONE DETECTED,NONE DETECTED,0C430265-E6D9-47AF-86A0-51570F2CB14A,PEDESTRIAN,Cross/Enter not at Intersection,FAILURE TO YIELD RIGHT OF WAY,ON ROADWAY NOT AT CROSSWALK,NO PED. SIGNAL,DARK CLOTHING,Yes,SUSPECTED MINOR INJURY,NONE,39.04856833,-76.982025,"(39.04856833, -76.982025)"
DM83740019,17012288,Takoma Park Police Depart,Injury Crash,03/08/2017 07:57:00 PM,,,,,WALGREENS PARKING LOT,,PEDESTRIAN,OTHER,CLEAR,,DARK LIGHTS ON,N/A,N/A,N/A,DA5D8202-BFE7-4AA2-9C8C-9F784A37F4B6,PEDESTRIAN,Other,DART DASH,OTHER,N/A,LIGHT CLOTHING,Yes,POSSIBLE INJURY,N/A,38.98760333,-76.98608,"(38.98760333, -76.98608)"
MCP2982001R,17012165,Montgomery County Police,Injury Crash,03/08/2017 10:23:00 AM,County,FENTON ST,County,ROEDER RD,,N/A,PEDESTRIAN,OTHER,CLEAR,DRY,DAYLIGHT,NO CONTROLS,NONE DETECTED,NONE DETECTED,76FA5E8C-640A-4ED3-A6EC-5F9ACD5A02E2,PEDESTRIAN,Cross/Enter at Intersection,NO IMPROPER ACTIONS,AT INTERSECTION MARKED CROSSWALK,NO PED. SIGNAL,DARK CLOTHING,No,SUSPECTED MINOR INJURY,NONE,38.99715833,-77.02614333,"(38.99715833, -77.02614333)"
MCP1174001Z,17012153,Montgomery County Police,Injury Crash,03/08/2017 08:31:00 AM,,,,,PARKING GARAGE OF 6800 WISCONSIN AVE.  LEVEL 1.  ENTRENCE FOR GARAGE IS OFF BRADLEY BLVD.,,PEDESTRIAN,SINGLE VEHICLE,N/A,,DARK LIGHTS ON,N/A,N/A,NONE DETECTED,5AB0FBF7-8553-4356-8376-AFD93BF1FFFC,PEDESTRIAN,Other,NO IMPROPER ACTIONS,OTHER,NO PED. SIGNAL,MIXED CLOTHING,No,SUSPECTED MINOR INJURY,NONE,38.9779771,-77.09241629,"(38.9779771, -77.09241629)"
DD5617000Q,17012078,Rockville Police Departme,Injury Crash,03/07/2017 07:56:00 PM,County,TWINBROOK PKWY,Maryland (State),VEIRS MILL RD,,N/A,PEDESTRIAN,OTHER,RAINING,WET,DARK LIGHTS ON,TRAFFIC SIGNAL,NONE DETECTED,NONE DETECTED,89CDE1DF-3947-4DE1-BD6A-222BC9301A60,PEDESTRIAN,Cross/Enter at Intersection,NO IMPROPER ACTIONS,AT INTERSECTION MARKED CROSSWALK,OBEYED PED. SIGNAL,DARK CLOTHING,No,POSSIBLE INJURY,NONE,39.07336938,-77.11198837,"(39.07336938, -77.11198837)"
MCP2330000T,17012076,Montgomery County Police,Injury Crash,03/07/2017 07:18:00 PM,Maryland (State),GEORGIA AVE,County,PLYERS MILL RD,,N/A,PEDESTRIAN,OTHER,RAINING,WET,DARK NO LIGHTS,TRAFFIC SIGNAL,NONE DETECTED,NONE DETECTED,60712B9A-34E7-4F24-90C4-6F25ED6750E1,PEDESTRIAN,Cross/Enter at Intersection,NO IMPROPER ACTIONS,ON ROADWAY AT CROSSWALK,OBEYED PED. SIGNAL,DARK CLOTHING,No,POSSIBLE INJURY,NONE,39.03002749,-77.04771996,"(39.03002749, -77.04771996)"
MCP2290000J,17012018,Montgomery County Police,Injury Crash,03/07/2017 02:05:00 PM,County,CRABBS BRANCH WAY,County,INDIANOLA DR,,N/A,PEDESTRIAN,SINGLE VEHICLE,CLEAR,DRY,DAYLIGHT,TRAFFIC SIGNAL,NONE DETECTED,NONE DETECTED,54677785-90AA-4647-8F2A-C237DA8DA9B3,PEDESTRIAN,Cross/Enter at Intersection,NO IMPROPER ACTIONS,ON ROADWAY AT CROSSWALK,OBEYED PED. SIGNAL,MIXED CLOTHING,No,POSSIBLE INJURY,NONE,39.11474513,-77.15701059,"(39.11474513, -77.15701059)"
DD5601002Q,17012008,Rockville Police Departme,Injury Crash,03/07/2017 01:45:00 PM,Municipality,WOOTTON PKWY,Municipality,SEVEN LOCKS RD,,ROCKVILLE,BICYCLIST,OTHER,CLEAR,DRY,DAYLIGHT,TRAFFIC SIGNAL,N/A,N/A,27A9C2D0-0873-4EC4-96A0-7665BEDE37D4,BICYCLIST,Walking/Riding against Traffic,UNKNOWN,ON ROADWAY AT CROSSWALK,UNKNOWN,REFLECTIVE MATERIAL,Unknown,SUSPECTED MINOR INJURY,MC/BIKE HELMET,39.06696392,-77.16167092,"(39.06696392, -77.16167092)"
MCP3029000C,17011842,Montgomery County Police,Injury Crash,03/06/2017 03:35:00 PM,County,HANNES ST,County,HANNES CT,,N/A,PEDESTRIAN,N/A,CLEAR,DRY,DAYLIGHT,NO CONTROLS,NONE DETECTED,NONE DETECTED,368DD248-0A1B-44E9-96B4-127D7DA23F11,PEDESTRIAN,Cross/Enter not at Intersection,DART DASH,ON ROADWAY NOT AT CROSSWALK,NO PED. SIGNAL,N/A,Yes,POSSIBLE INJURY,NONE,39.03252253,-77.01897204,"(39.03252253, -77.01897204)"
MCP2353003P,17011782,Montgomery County Police,Injury Crash,03/06/2017 10:58:00 AM,County,WILLARD AVE,Municipality,THE HILLS PLAZA,,FRIENDSHIP HEIGHTS,PEDESTRIAN,SINGLE VEHICLE,CLEAR,DRY,DAYLIGHT,STOP SIGN,NONE DETECTED,NONE DETECTED,94C19C64-4004-4460-BA2B-D2EF2A6DA43B,PEDESTRIAN,Cross/Enter at Intersection,NO IMPROPER ACTIONS,ON ROADWAY AT CROSSWALK,NO PED. SIGNAL,MIXED CLOTHING,No,SUSPECTED SERIOUS INJURY,NONE,38.961785,-77.08775167,"(38.961785, -77.08775167)"
MCP3021000F,17011682,Montgomery County Police,Injury Crash,03/05/2017 05:13:00 PM,County,SILVER SPRING AVE,US (State),GEORGIA AVE,,N/A,PEDESTRIAN,SINGLE VEHICLE,CLEAR,DRY,DAYLIGHT,NO CONTROLS,NONE DETECTED,NONE DETECTED,4D224526-10CF-46A3-886B-969487044F9E,PEDESTRIAN,Cross/Enter not at Intersection,IN ROADWAY IMPROPERLY,ON ROADWAY NOT AT CROSSWALK,NO PED. SIGNAL,DARK CLOTHING,No,SUSPECTED MINOR INJURY,NONE,38.99167708,-77.02522025,"(38.99167708, -77.02522025)"
MCP1064005H,17011626,Montgomery County Police,Property Damage Crash,03/05/2017 10:46:00 AM,,,,,"SIDE WALK
8600 BLOCK COLESVILLE RD

SILVER SPRING, MD 20910",,BICYCLIST,OTHER,CLEAR,,DAYLIGHT,STOP SIGN,N/A,N/A,39BDEA4F-FE2F-4FF7-B5B8-107DEF8E47C1,BICYCLIST,Walking/Cycling on Sidewalk,N/A,SIDEWALK,N/A,DARK CLOTHING,No,NO APPARENT INJURY,MC/BIKE HELMET,38.99643167,-77.02789667,"(38.99643167, -77.02789667)"
MCP2720002P,17011450,Montgomery County Police,Injury Crash,03/05/2017 02:48:00 AM,County,WINDMILL LA,County,ROSSITER CT,,N/A,PEDESTRIAN,SINGLE VEHICLE,CLEAR,DRY,DARK -- UNKNOWN LIGHTING,NO CONTROLS,UNKNOWN,NONE DETECTED,1EB10340-F9FC-42DA-B2A2-F4AC99F81092,PEDESTRIAN,Other,NO IMPROPER ACTIONS,CURB,N/A,N/A,No,SUSPECTED MINOR INJURY,NONE,39.09209167,-77.06885333,"(39.09209167, -77.06885333)"
MCP2720002P,17011450,Montgomery County Police,Injury Crash,03/05/2017 02:48:00 AM,County,WINDMILL LA,County,ROSSITER CT,,N/A,PEDESTRIAN,SINGLE VEHICLE,CLEAR,DRY,DARK -- UNKNOWN LIGHTING,NO CONTROLS,UNKNOWN,NONE DETECTED,7D14A6BC-F8DA-4650-A86B-09BCFF7DEC8B,PEDESTRIAN,Other,NO IMPROPER ACTIONS,SHOULDER,N/A,N/A,No,SUSPECTED MINOR INJURY,NONE,39.09209167,-77.06885333,"(39.09209167, -77.06885333)"
MCP2492000S,17011443,Montgomery County Police,Fatal Crash,03/04/2017 02:27:00 AM,US (State),COLESVILLE RD,County,FENTON ST,,N/A,PEDESTRIAN,OTHER,CLEAR,DRY,DARK LIGHTS ON,FLASHING TRAFFIC SIGNAL,UNKNOWN,UNKNOWN,AD9DA68A-22D8-4DF7-A599-43E66AD9D28F,PEDESTRIAN,Cross/Enter at Intersection,UNKNOWN,ON ROADWAY AT CROSSWALK,NO PED. SIGNAL,DARK CLOTHING,Unknown,FATAL INJURY,NONE,38.99764432,-77.02704012,"(38.99764432, -77.02704012)"
DM8338000T,17011376,Takoma Park Police Depart,Injury Crash,03/03/2017 07:58:00 PM,Maryland (State),PINEY BRANCH RD,Municipality,TAKOMA AVE,,TAKOMA PARK,PEDESTRIAN,OTHER,N/A,DRY,DARK LIGHTS ON,NO CONTROLS,N/A,UNKNOWN,690A19BD-6171-4AD8-9200-C4272D6C45A2,PEDESTRIAN,Other,OTHER,ON ROADWAY NOT AT CROSSWALK,N/A,UNKNOWN,Yes,SUSPECTED SERIOUS INJURY,N/A,38.98000694,-77.01715887,"(38.98000694, -77.01715887)"
MCP2239000M,17011246,Montgomery County Police,Injury Crash,03/03/2017 07:47:00 AM,,,,,PARKING LOT OF DUFIEF ELEMENTARY SCHOOL LOCATED AT 15001 DUFIEF DR,,PEDESTRIAN,OTHER,CLEAR,,DAYLIGHT,N/A,N/A,NONE DETECTED,FCBB1F14-429A-4C00-BE0F-3E430D32D1D3,PEDESTRIAN,Cross/Enter not at Intersection,IN ROADWAY IMPROPERLY,ON ROADWAY NOT AT CROSSWALK,N/A,MIXED CLOTHING,Yes,SUSPECTED MINOR INJURY,NONE,39.10109983,-77.23770967,"(39.10109983, -77.23770967)"
MCP3018000H,17011232,Montgomery County Police,Injury Crash,03/03/2017 05:35:00 AM,,BEL PRE RD,,SUN VALLEY CIR,,N/A,PEDESTRIAN,OTHER,OTHER,WET,DARK LIGHTS ON,NO CONTROLS,NONE DETECTED,NONE DETECTED,1B61A7D2-5C01-461C-B792-5E59362BC11F,PEDESTRIAN,Cross/Enter not at Intersection,FAILURE TO YIELD RIGHT OF WAY,ON ROADWAY NOT AT CROSSWALK,NO PED. SIGNAL,DARK CLOTHING,Yes,SUSPECTED MINOR INJURY,NONE,39.09050051,-77.04785943,"(39.09050051, -77.04785943)"
MCP3018000H,17011232,Montgomery County Police,Injury Crash,03/03/2017 05:35:00 AM,,BEL PRE RD,,SUN VALLEY CIR,,N/A,PEDESTRIAN,OTHER,OTHER,WET,DARK LIGHTS ON,NO CONTROLS,NONE DETECTED,NONE DETECTED,5F454389-13C8-4CE6-8DED-A3601D644F72,PEDESTRIAN,Cross/Enter not at Intersection,FAILURE TO YIELD RIGHT OF WAY,ON ROADWAY NOT AT CROSSWALK,NO PED. SIGNAL,DARK CLOTHING,Yes,POSSIBLE INJURY,NONE,39.09050051,-77.04785943,"(39.09050051, -77.04785943)"
MCP91060017,17011090,Montgomery County Police,Injury Crash,03/02/2017 12:53:00 PM,County,WATERS RD,County,WISTERIA DR,,N/A,PEDESTRIAN,SINGLE VEHICLE,N/A,DRY,DAYLIGHT,YIELD SIGN,UNKNOWN,NONE DETECTED,708AB888-21A4-438D-9347-EBD93806BB62,PEDESTRIAN,Cross/Enter at Intersection,NO IMPROPER ACTIONS,ON ROADWAY AT CROSSWALK,NO PED. SIGNAL,MIXED CLOTHING,No,POSSIBLE INJURY,NONE,39.17818,-77.27308167,"(39.17818, -77.27308167)"
MCP1417006T,17011079,Montgomery County Police,Injury Crash,03/02/2017 12:18:00 PM,County,LOST KNIFE RD,Other Public Roadway,ODENDHAL AVE,,N/A,PEDESTRIAN,STRAIGHT MOVEMENT ANGLE,N/A,DRY,DAYLIGHT,N/A,NONE DETECTED,NONE DETECTED,E28BDDB1-8A5E-4935-B13E-3E2ABB9366AB,PEDESTRIAN,Cross/Enter at Intersection,NO IMPROPER ACTIONS,ON ROADWAY AT CROSSWALK,NO PED. SIGNAL,MIXED CLOTHING,No,SUSPECTED MINOR INJURY,N/A,39.15303706,-77.19908103,"(39.15303706, -77.19908103)"
MCP2425008X,17010849,Montgomery County Police,Injury Crash,03/01/2017 08:36:00 AM,Maryland (State),GEORGIA AVE,County,FENWICK LA,,N/A,PEDESTRIAN,SINGLE VEHICLE,CLOUDY,WET,DAYLIGHT,STOP SIGN,NONE DETECTED,NONE DETECTED,4B4D0B3C-AEC0-48C5-9CEE-1A676F58A582,PEDESTRIAN,Cross/Enter at Intersection,DART DASH,ON ROADWAY AT CROSSWALK,NO PED. SIGNAL,LIGHT CLOTHING,No,SUSPECTED SERIOUS INJURY,NONE,38.99837333,-77.03082167,"(38.99837333, -77.03082167)"
EJ78530026,17010779,Gaithersburg Police Depar,Injury Crash,02/28/2017 07:19:00 PM,Maryland (State),W DIAMOND AVE,Municipality,PERRY PKWY,,GAITHERSBURG,PEDESTRIAN,STRAIGHT MOVEMENT ANGLE,RAINING,WET,DARK LIGHTS ON,TRAFFIC SIGNAL,NONE DETECTED,NONE DETECTED,BDFA4C49-E52D-468A-A492-6C3E0C72C4A0,PEDESTRIAN,Cross/Enter at Intersection,FAILURE TO OBEY TRAFFIC SIGNS SIGNALS OR OFFICER,ON ROADWAY AT CROSSWALK,DISOBEYED PED. SIGNAL,OTHER,Yes,SUSPECTED MINOR INJURY,NONE,39.14040854,-77.20941827,"(39.14040854, -77.20941827)"
DD5502002Y,17010773,Rockville Police Departme,Injury Crash,02/28/2017 07:00:00 PM,Municipality,MARTINS LA,Municipality,N WASHINGTON ST,,ROCKVILLE,PEDESTRIAN,OTHER,RAINING,WET,DARK LIGHTS ON,TRAFFIC SIGNAL,NONE DETECTED,NONE DETECTED,59A22041-284C-44D8-B65A-6CB86CC12FCB,PEDESTRIAN,Cross/Enter at Intersection,NO IMPROPER ACTIONS,ON ROADWAY AT CROSSWALK,OBEYED PED. SIGNAL,MIXED CLOTHING,No,SUSPECTED MINOR INJURY,N/A,39.09098167,-77.15364333,"(39.09098167, -77.15364333)"
MCP2665001Y,17010766,Montgomery County Police,Injury Crash,02/28/2017 06:39:00 PM,County,GROSVENOR LA,Unknown,BEGIN BRIDGE,,N/A,BICYCLIST,SAME DIR REAR END,RAINING,WET,DARK LIGHTS ON,NO CONTROLS,N/A,N/A,A273D197-92B5-4361-B8D8-D322647CB970,BICYCLIST,Walking/Riding w/Traffic,NOT VISIBLE,OTHER,N/A,DARK CLOTHING,No,SUSPECTED MINOR INJURY,MC/BIKE HELMET,39.02257,-77.10677167,"(39.02257, -77.10677167)"
DD5508003C,17010759,Rockville Police Departme,Property Damage Crash,02/28/2017 06:09:00 PM,Municipality,S STONESTREET AVE,Municipality,READING TERR,,ROCKVILLE,PEDESTRIAN,OTHER,RAINING,WET,DARK LIGHTS ON,NO CONTROLS,NONE DETECTED,NONE DETECTED,21642818-EC97-40B2-978D-A3005646DBD8,PEDESTRIAN,Cross/Enter at Intersection,IN ROADWAY IMPROPERLY,ON ROADWAY NOT AT CROSSWALK,NO PED. SIGNAL,MIXED CLOTHING,Yes,NO APPARENT INJURY,N/A,39.08540333,-77.14475333,"(39.08540333, -77.14475333)"