Report Number,Local Case Number,Agency Name,ACRS Report Type,Crash Date/Time,Route Type,Road Name,Cross-Street Type,Cross-Street Name,Off-Road Description,Municipality,Related Non-Motorist,Collision Type,Weather,Surface Condition,Light,Traffic Control,Driver Substance Abuse,Non-Motorist Substance Abuse,Person ID,Pedestrian Type,Pedestrian Movement,Pedestrian Actions,Pedestrian Location,Pedestrian Obeyed Traffic Signal,Pedestrian Visibility,At Fault,Injury Severity,Safety Equipment,Latitude,Longitude,Location
HA24350002,17000229,Maryland-National Capital,Injury Crash,02/28/2017 01:47:00 PM,County,WAYNE AVE,Government,SLIGO CREEK PKWY,,N/A,PEDESTRIAN,SINGLE VEHICLE,CLOUDY,DRY,DAYLIGHT,TRAFFIC SIGNAL,NONE DETECTED,NONE DETECTED,30359EC8-7F50-4C63-B828-816965A34540,PEDESTRIAN,Cross/Enter at Intersection,NO IMPROPER ACTIONS,AT INTERSECTION MARKED CROSSWALK,OBEYED PED. SIGNAL,UNKNOWN,No,SUSPECTED SERIOUS INJURY,N/A,38.999865,-77.01059833,"(38.999865, -77.01059833)"
MCP29540032,17010663,Montgomery County Police,Injury Crash,02/28/2017 09:31:00 AM,US (State),COLESVILLE RD,Maryland (State),UNIVERSITY BLVD E,,N/A,PEDESTRIAN,SINGLE VEHICLE,CLEAR,DRY,DAYLIGHT,TRAFFIC SIGNAL,UNKNOWN,NONE DETECTED,F8689B85-1B5E-49F6-B20C-1A45D7D0BED1,PEDESTRIAN,Cross/Enter at Intersection,NO IMPROPER ACTIONS,ON ROADWAY AT CROSSWALK,OBEYED PED. SIGNAL,MIXED CLOTHING,No,POSSIBLE INJURY,N/A,39.01980052,-77.01337695,"(39.01980052, -77.01337695)"
MCP2659001H,17010628,Montgomery County Police,Injury Crash,02/28/2017 05:13:00 AM,County,BELVEDERE BLVD,County,FOREST GROVE DR,,N/A,PEDESTRIAN,OTHER,CLEAR,DRY,DARK LIGHTS ON,NO CONTROLS,ALCOHOL PRESENT,NONE DETECTED,20D0B011-BB19-4AB3-B53D-2735AE7EF83E,PEDESTRIAN,Cross/Enter at Intersection,NO IMPROPER ACTIONS,ON ROADWAY AT CROSSWALK,NO PED. SIGNAL,REFLECTIVE MATERIAL,No,SUSPECTED MINOR INJURY,REFLECTIVE CLOTHING,39.01979,-77.03893833,"(39.01979, -77.03893833)"
MCP2094007Z,17010504,Montgomery County Police,Injury Crash,02/27/2017 02:11:00 PM,,,,,"PARKING LOT OF 

10100 RIVER RD",,PEDESTRIAN,OTHER,CLOUDY,,DAYLIGHT,N/A,NONE DETECTED,NONE DETECTED,6BD704BD-F065-44EB-8F8E-FA33E5FF54FD,PEDESTRIAN,Other,NO IMPROPER ACTIONS,OTHER,N/A,MIXED CLOTHING,No,SUSPECTED SERIOUS INJURY,N/A,39.01692,-77.20789333,"(39.01692, -77.20789333)"
MCP2565003V,17010234,Montgomery County Police,Injury Crash,02/25/2017 06:07:00 PM,Maryland (State),ROCKVILLE PIKE,County,TUCKERMAN LA,,N/A,BICYCLIST,SAME DIR REAR END,CLEAR,DRY,DARK LIGHTS ON,NO CONTROLS,NONE DETECTED,NONE DETECTED,DEF8D76B-3DEB-4AAF-9A37-3F05701EBEB5,BICYCLIST,Walking/Riding w/Traffic,N/A,ON ROADWAY NOT AT CROSSWALK,N/A,REAR REFLECTOR,No,POSSIBLE INJURY,NONE,39.02486626,-77.10308746,"(39.02486626, -77.10308746)"
EJ78530025,17010105,Gaithersburg Police Depar,Injury Crash,02/24/2017 09:24:00 PM,,GIRARD ST.,,GLORIA WAY,,N/A,BICYCLIST,STRAIGHT MOVEMENT ANGLE,CLEAR,DRY,DARK LIGHTS ON,STOP SIGN,NONE DETECTED,NONE DETECTED,376C0364-B1D5-4316-93C4-3B0B66F4FD9B,BICYCLIST,Walking/Riding w/Traffic,NO IMPROPER ACTIONS,OTHER,N/A,DARK CLOTHING,No,SUSPECTED MINOR INJURY,NONE,39.14461483,-77.18357921,"(39.14461483, -77.18357921)"
MCP2717009T,17010018,Montgomery County Police,Property Damage Crash,02/24/2017 03:00:00 PM,,,,,10201 OLD GEORGETOWN ROAD (WILDWOOD SHOPPING CENTER PARKING-LOT),,PEDESTRIAN,SINGLE VEHICLE,CLEAR,,DAYLIGHT,NO CONTROLS,UNKNOWN,NONE DETECTED,2A278E7E-53D4-404A-88FA-459CA0EB0D09,PEDESTRIAN,Cross/Enter at Intersection,NO IMPROPER ACTIONS,ON ROADWAY AT CROSSWALK,NO PED. SIGNAL,LIGHT CLOTHING,No,NO APPARENT INJURY,NONE,39.02411833,-77.12386717,"(39.02411833, -77.12386717)"
MCP2875002K,17009918,Montgomery County Police,Injury Crash,02/24/2017 12:56:00 AM,Maryland (State),GERMANTOWN RD,County,RICHTER FARM RD,,N/A,PEDESTRIAN,OTHER,CLEAR,DRY,DARK NO LIGHTS,NO CONTROLS,NONE DETECTED,ALCOHOL PRESENT,93D36B4E-6474-435D-8601-5772ACEAC78C,PEDESTRIAN,Cross/Enter not at Intersection,FAILURE TO YIELD RIGHT OF WAY,ON ROADWAY NOT AT CROSSWALK,NO PED. SIGNAL,DARK CLOTHING,Yes,SUSPECTED MINOR INJURY,NONE,39.15264395,-77.28839993,"(39.15264395, -77.28839993)"
MCP25040021,17009821,Montgomery County Police,Injury Crash,02/23/2017 04:26:00 PM,Municipality,WOOTTON PKWY,Municipality,GREENPLACE TERR,,ROCKVILLE,PEDESTRIAN,STRAIGHT MOVEMENT ANGLE,CLEAR,DRY,DAYLIGHT,TRAFFIC SIGNAL,NONE DETECTED,NONE DETECTED,C08AE31C-7880-423F-BACF-016E9DB09C7E,PEDESTRIAN,Cross/Enter at Intersection,NO IMPROPER ACTIONS,ON ROADWAY AT CROSSWALK,OBEYED PED. SIGNAL,MIXED CLOTHING,No,SUSPECTED MINOR INJURY,NONE,39.07463833,-77.18233667,"(39.07463833, -77.18233667)"
MCP2975001H,17009667,Montgomery County Police,Injury Crash,02/22/2017 11:12:00 PM,Maryland (State),GEORGIA AVE,County,VERONA DR,,N/A,BICYCLIST,SAME DIR REAR END,N/A,DRY,DARK LIGHTS ON,NO CONTROLS,ALCOHOL PRESENT,NONE DETECTED,B445C9D4-AF8A-487F-A58B-FA7E2A6A3F6C,BICYCLIST,Walking/Riding w/Traffic,NO IMPROPER ACTIONS,OTHER,N/A,REFLECTIVE MATERIAL,No,SUSPECTED MINOR INJURY,MC/BIKE HELMET,39.07427333,-77.067235,"(39.07427333, -77.067235)"
MCP2094007Y,17009536,Montgomery County Police,Injury Crash,02/22/2017 12:44:00 PM,,,,,"PARKING LOT OF
2015 EAST WEST HWY",,PEDESTRIAN,OTHER,CLEAR,,DAYLIGHT,N/A,NONE DETECTED,NONE DETECTED,4138826F-3B96-441F-A3E4-65EF5DA2A065,PEDESTRIAN,Standing,NO IMPROPER ACTIONS,OTHER,N/A,MIXED CLOTHING,No,SUSPECTED SERIOUS INJURY,N/A,38.99501333,-77.04428,"(38.99501333, -77.04428)"
MCP21950009,15035166,Montgomery County Police,Injury Crash,02/22/2017 12:10:00 PM,County,E GUDE DR,Maryland (State),FREDERICK RD,,N/A,BICYCLIST,OTHER,CLEAR,DRY,DAYLIGHT,NO CONTROLS,NONE DETECTED,NONE DETECTED,0382707F-A1D8-41D5-B842-59380286DA85,BICYCLIST,Walking/Cycling on Sidewalk,NO IMPROPER ACTIONS,SIDEWALK,N/A,LIGHT CLOTHING,No,POSSIBLE INJURY,NONE,39.10954983,-77.18127283,"(39.10954983, -77.18127283)"
MCP2987001K,17009316,Montgomery County Police,Injury Crash,02/21/2017 10:40:00 AM,Maryland (State),PINEY BRANCH RD,County,ARLISS ST,,N/A,PEDESTRIAN,STRAIGHT MOVEMENT ANGLE,CLEAR,DRY,DAYLIGHT,TRAFFIC SIGNAL,NONE DETECTED,NONE DETECTED,FFBFAEFF-90EC-44BD-9556-3EDA9AA47C56,PEDESTRIAN,Cross/Enter at Intersection,NO IMPROPER ACTIONS,ON ROADWAY AT CROSSWALK,OBEYED PED. SIGNAL,MIXED CLOTHING,No,SUSPECTED MINOR INJURY,NONE,38.99820667,-77.00123167,"(38.99820667, -77.00123167)"
MCP2286001K,17009248,Montgomery County Police,Injury Crash,02/20/2017 06:38:00 PM,,,,,"SAM'S CLUM PARKING LOT, 610 N FREDERICK AVE, GAITHERSBURG, MD 20877",,PEDESTRIAN,STRAIGHT MOVEMENT ANGLE,CLEAR,,DUSK,OTHER,N/A,NONE DETECTED,4FA5573B-7839-48C0-9F5E-CF8DD6987928,PEDESTRIAN,Other,NO IMPROPER ACTIONS,ON ROADWAY AT CROSSWALK,OTHER,MIXED CLOTHING,No,SUSPECTED MINOR INJURY,NONE,39.15127012,-77.21286625,"(39.15127012, -77.21286625)"
MCP2765003N,17009224,Montgomery County Police,Injury Crash,02/20/2017 05:00:00 PM,,,,,7949 TUCKERMAN LA - CABIN JOHN SHOPPING CENTER,,PEDESTRIAN,SINGLE VEHICLE,CLEAR,,DAYLIGHT,NO CONTROLS,NONE DETECTED,NONE DETECTED,E6B20618-6054-4990-8F42-2AA3CA303C8D,PEDESTRIAN,Cross/Enter not at Intersection,UNKNOWN,ON ROADWAY NOT AT CROSSWALK,NO PED. SIGNAL,MIXED CLOTHING,Yes,POSSIBLE INJURY,NONE,39.04094333,-77.15739333,"(39.04094333, -77.15739333)"
MCP2689002T,17009131,Montgomery County Police,Injury Crash,02/20/2017 07:47:00 AM,County,TWINBROOK PKWY,County,PARKLAWN DR,,N/A,PEDESTRIAN,SINGLE VEHICLE,CLEAR,DRY,DAYLIGHT,TRAFFIC SIGNAL,NONE DETECTED,NONE DETECTED,164A863C-A1FB-4CD9-A5B9-F4D54B17273A,PEDESTRIAN,Cross/Enter at Intersection,NO IMPROPER ACTIONS,AT INTERSECTION MARKED CROSSWALK,OBEYED PED. SIGNAL,REFLECTIVE MATERIAL,No,SUSPECTED MINOR INJURY,REFLECTIVE CLOTHING,39.06148051,-77.11623296,"(39.06148051, -77.11623296)"
MCP2134000Y,17008899,Montgomery County Police,Injury Crash,02/18/2017 04:35:00 PM,,,,,PARKING LOT OF 8208 ROANOKE AVE,,PEDESTRIAN,OTHER,CLEAR,,DAYLIGHT,N/A,N/A,N/A,5393FDD0-75B2-46DD-A153-1577C1E8015B,PEDESTRIAN,Playing,UNKNOWN,OTHER,N/A,MIXED CLOTHING,Unknown,SUSPECTED SERIOUS INJURY,NONE,38.99135186,-77.00431913,"(38.99135186, -77.00431913)"
MCP2954002Y,17008657,Montgomery County Police,Injury Crash,02/17/2017 03:12:00 PM,,,,,10801 LOCKWOOD DR IN THE PARKING LOT TO THE REAR NEAR THE ENTRANCE,,PEDESTRIAN,SINGLE VEHICLE,CLEAR,,DAYLIGHT,NO CONTROLS,UNKNOWN,NONE DETECTED,8B95DAC6-2678-4587-A9F8-C0BBD10C7A6C,PEDESTRIAN,Other,N/A,ON ROADWAY AT CROSSWALK,N/A,DARK CLOTHING,No,POSSIBLE INJURY,N/A,39.03250899,-77.00229138,"(39.03250899, -77.00229138)"
MCP2586002L,17008486,Montgomery County Police,Injury Crash,02/16/2017 06:36:00 PM,Maryland (State),SANDY SPRING RD,County,MCKNEW RD,,N/A,PEDESTRIAN,OTHER,CLEAR,DRY,DARK LIGHTS ON,TRAFFIC SIGNAL,NONE DETECTED,NONE DETECTED,568D25D5-E0FB-4958-975A-E3D980599D07,PEDESTRIAN,Unknown,IN ROADWAY IMPROPERLY,ON ROADWAY NOT AT CROSSWALK,UNKNOWN,DARK CLOTHING,Yes,SUSPECTED MINOR INJURY,N/A,39.10613667,-76.918495,"(39.10613667, -76.918495)"
MCP3048000B,17008480,Montgomery County Police,Injury Crash,02/16/2017 06:00:00 PM,,,,,DRIVEWAY OF 11810 PARKLAWN DRIVE,,PEDESTRIAN,OTHER,CLEAR,,DARK LIGHTS ON,NO CONTROLS,UNKNOWN,NONE DETECTED,A99F7BE4-7782-435F-9E36-63ADB213D84B,PEDESTRIAN,Walking/Cycling on Sidewalk,NO IMPROPER ACTIONS,SIDEWALK,NO PED. SIGNAL,MIXED CLOTHING,No,POSSIBLE INJURY,N/A,39.04966565,-77.10281119,"(39.04966565, -77.10281119)"
DD56050038,17008304,Rockville Police Departme,Injury Crash,02/15/2017 07:49:00 PM,County,SHADY GROVE RD,Municipality,FALLSGROVE BLVD,,ROCKVILLE,PEDESTRIAN,OTHER,CLEAR,DRY,DARK LIGHTS ON,OTHER,NONE DETECTED,NONE DETECTED,804CEEDC-D86B-4747-B706-CBD6751AB020,PEDESTRIAN,Cross/Enter not at Intersection,FAILURE TO YIELD RIGHT OF WAY,OUTSIDE RIGHT OF WAY,DISOBEYED PED. SIGNAL,DARK CLOTHING,Yes,POSSIBLE INJURY,N/A,39.09768883,-77.19250517,"(39.09768883, -77.19250517)"
MCP3031000C,17008136,Montgomery County Police,Injury Crash,02/14/2017 09:36:00 PM,County,HEWITT AVE,Maryland (State),GEORGIA AVE,,N/A,PEDESTRIAN,SINGLE VEHICLE,CLEAR,DRY,N/A,N/A,NONE DETECTED,NONE DETECTED,99EC0EDB-7520-4EAB-A853-AFC6C99AD818,PEDESTRIAN,Cross/Enter at Intersection,NO IMPROPER ACTIONS,ON ROADWAY AT CROSSWALK,NO PED. SIGNAL,DARK CLOTHING,No,POSSIBLE INJURY,NONE,39.07932869,-77.06799611,"(39.07932869, -77.06799611)"
MCP2675001D,17007959,Montgomery County Police,Injury Crash,02/13/2017 09:49:00 PM,County,REEDIE DR,Maryland (State),GEORGIA AVE,,N/A,PEDESTRIAN,SINGLE VEHICLE,CLEAR,DRY,DARK LIGHTS ON,TRAFFIC SIGNAL,NONE DETECTED,NONE DETECTED,24F2D624-4838-4284-8D49-6E15F8AAD356,PEDESTRIAN,Cross/Enter at Intersection,NO IMPROPER ACTIONS,AT INTERSECTION MARKED CROSSWALK,OBEYED PED. SIGNAL,MIXED CLOTHING,No,SUSPECTED MINOR INJURY,N/A,39.03864883,-77.05099359,"(39.03864883, -77.05099359)"
MCP3050000C,17007929,Montgomery County Police,Injury Crash,02/13/2017 07:00:00 PM,Other Public Roadway,GLENMONT CIR #1,Other Public Roadway,GLENMONT CIR #2,,N/A,PEDESTRIAN,SINGLE VEHICLE,OTHER,DRY,DARK LIGHTS ON,NO CONTROLS,NONE DETECTED,NONE DETECTED,82C88819-8BAF-4971-9F79-19D468324430,PEDESTRIAN,Other,NO IMPROPER ACTIONS,OTHER,NO PED. SIGNAL,MIXED CLOTHING,No,SUSPECTED SERIOUS INJURY,N/A,39.05893754,-77.04736322,"(39.05893754, -77.04736322)"
MCP3050000C,17007929,Montgomery County Police,Injury Crash,02/13/2017 07:00:00 PM,Other Public Roadway,GLENMONT CIR #1,Other Public Roadway,GLENMONT CIR #2,,N/A,PEDESTRIAN,SINGLE VEHICLE,OTHER,DRY,DARK LIGHTS ON,NO CONTROLS,NONE DETECTED,NONE DETECTED,F7531DBE-B5E8-4670-85B6-3417AA1C3E26,PEDESTRIAN,Other,NO IMPROPER ACTIONS,OTHER,NO PED. SIGNAL,MIXED CLOTHING,No,NO APPARENT INJURY,N/A,39.05893754,-77.04736322,"(39.05893754, -77.04736322)"
MCP2658001M,17007893,Montgomery County Police,Injury Crash,02/13/2017 04:45:00 PM,County,APRIL LA,Unknown,CUL DE SAC,,N/A,PEDESTRIAN,STRAIGHT MOVEMENT ANGLE,N/A,N/A,DAYLIGHT,N/A,,N/A,8305E55A-8674-42BD-B609-679E27D320F9,PEDESTRIAN,Playing,IN ROADWAY IMPROPERLY,AT INTERSECTION BUT NO CROSSWALK,N/A,N/A,Unknown,SUSPECTED SERIOUS INJURY,N/A,39.04603593,-76.97854042,"(39.04603593, -76.97854042)"
MCP3010001V,17007867,Montgomery County Police,Injury Crash,02/13/2017 03:03:00 PM,,,,,11790 PARKLAWN DR PARKING LOT,,PEDESTRIAN,OTHER,CLEAR,,DAYLIGHT,NO CONTROLS,N/A,N/A,2A706F29-852B-4FC8-AE3B-7EC141DAE009,PEDESTRIAN,Standing,NO IMPROPER ACTIONS,OTHER,NO PED. SIGNAL,N/A,Unknown,SUSPECTED MINOR INJURY,NONE,39.048465,-77.102195,"(39.048465, -77.102195)"
DD56120006,17007723,Rockville Police Departme,Injury Crash,02/12/2017 06:21:00 PM,Maryland (State),E JEFFERSON ST,Municipality,MONROE ST,,ROCKVILLE,PEDESTRIAN,SINGLE VEHICLE,CLEAR,DRY,DARK LIGHTS ON,TRAFFIC SIGNAL,NONE DETECTED,UNKNOWN,BB91F50E-3442-4584-ABAD-87AEE51CB93F,PEDESTRIAN,Cross/Enter at Intersection,FAILURE TO OBEY TRAFFIC SIGNS SIGNALS OR OFFICER,AT INTERSECTION MARKED CROSSWALK,DISOBEYED PED. SIGNAL,MIXED CLOTHING,Yes,SUSPECTED MINOR INJURY,NONE,39.08196045,-77.14913964,"(39.08196045, -77.14913964)"
EJ78530024,17007184,Gaithersburg Police Depar,Injury Crash,02/12/2017 06:30:00 AM,,,,,"408 N. FREDERICK AVE. GAITHERSBURG, MARYLAND 20877",,PEDESTRIAN,OTHER,N/A,,N/A,NO CONTROLS,N/A,NONE DETECTED,666DEC13-F939-4F91-B1C1-7F1C5B0701F3,PEDESTRIAN,Standing,OTHER,OTHER,NO PED. SIGNAL,OTHER,No,POSSIBLE INJURY,NONE,39.139945,-77.19556833,"(39.139945, -77.19556833)"
EJ7809000W,17007620,Gaithersburg Police Depar,Injury Crash,02/12/2017 03:34:00 AM,,,,,"117 E. DIAMOND AVE. GAITHERSBURG, MD. 20877 (CANCUN RESTAURANT / REAR PARKING LOT)",,PEDESTRIAN,SINGLE VEHICLE,CLEAR,,DARK LIGHTS ON,NO CONTROLS,ALCOHOL CONTRIBUTED,ALCOHOL PRESENT,353155E3-6333-4DF5-B57F-8F3113FA76F2,PEDESTRIAN,Unknown,UNKNOWN,OTHER,N/A,MIXED CLOTHING,No,SUSPECTED MINOR INJURY,N/A,39.14187307,-77.19475061,"(39.14187307, -77.19475061)"
EJ7809000W,17007620,Gaithersburg Police Depar,Injury Crash,02/12/2017 03:34:00 AM,,,,,"117 E. DIAMOND AVE. GAITHERSBURG, MD. 20877 (CANCUN RESTAURANT / REAR PARKING LOT)",,PEDESTRIAN,SINGLE VEHICLE,CLEAR,,DARK LIGHTS ON,NO CONTROLS,ALCOHOL CONTRIBUTED,ALCOHOL PRESENT,238B93E8-B145-4560-8329-BA6A820EA1F8,PEDESTRIAN,Unknown,N/A,OTHER,N/A,LIGHT CLOTHING,No,SUSPECTED MINOR INJURY,N/A,39.14187307,-77.19475061,"(39.14187307, -77.19475061)"
EJ7809000W,17007620,Gaithersburg Police Depar,Injury Crash,02/12/2017 03:34:00 AM,,,,,"117 E. DIAMOND AVE. GAITHERSBURG, MD. 20877 (CANCUN RESTAURANT / REAR PARKING LOT)",,PEDESTRIAN,SINGLE VEHICLE,CLEAR,,DARK LIGHTS ON,NO CONTROLS,ALCOHOL CONTRIBUTED,ALCOHOL PRESENT,5C03597E-91BA-46E1-92EB-24EA8930EF08,PEDESTRIAN,Unknown,UNKNOWN,OTHER,N/A,MIXED CLOTHING,No,SUSPECTED MINOR INJURY,N/A,39.14187307,-77.19475061,"(39.14187307, -77.19475061)"
MCP25460029,17007535,Montgomery County Police,Property Damage Crash,02/11/2017 04:19:00 PM,County,ATHERTON DR,County,ISBELL ST,,N/A,BICYCLIST,SINGLE VEHICLE,CLOUDY,DRY,DAYLIGHT,NO CONTROLS,NONE DETECTED,NONE DETECTED,F7624F05-DF97-475B-8248-155A5E23844D,BICYCLIST,Playing,DART DASH,ON ROADWAY NOT AT CROSSWALK,NO PED. SIGNAL,MIXED CLOTHING,Yes,NO APPARENT INJURY,NONE,39.06413333,-77.07593167,"(39.06413333, -77.07593167)"
HA22880009,17000154,Maryland-National Capital,Property Damage Crash,02/11/2017 12:10:00 PM,,BEACH DRIVE,,CONNECTICUT AVENUE,,N/A,BICYCLIST,SAME DIR REAR END,CLOUDY,DRY,DAYLIGHT,N/A,N/A,N/A,127BCEEC-06C3-43C5-AC67-C066A362F756,BICYCLIST,N/A,INATTENTIVE,N/A,N/A,LIGHT CLOTHING,Yes,NO APPARENT INJURY,N/A,39.0080777,-77.0801197,"(39.0080777, -77.0801197)"
MCP30040014,17007352,Montgomery County Police,Injury Crash,02/10/2017 03:20:00 PM,,,,,"11325 SEVEN LOCKS RD POTOMAC, MD 20854, CABIN JOHN SHOPPING CENTER REAR PARKING LOT BEHIND GIANT",,PEDESTRIAN,OTHER,CLEAR,,DAYLIGHT,N/A,UNKNOWN,N/A,3168BDBD-0193-49E7-9FEC-70EEA6A905C5,PEDESTRIAN,Approach/Leaving Schoolbus,N/A,OTHER,N/A,MIXED CLOTHING,No,SUSPECTED MINOR INJURY,N/A,39.04146439,-77.15633333,"(39.04146439, -77.15633333)"
MCP1334004Q,17007266,Montgomery County Police,Injury Crash,02/10/2017 09:22:00 AM,Municipality,QUINCE ORCHARD BLVD,Municipality,RABBITT RD,,GAITHERSBURG,PEDESTRIAN,SINGLE VEHICLE,CLEAR,DRY,DAYLIGHT,N/A,NONE DETECTED,NONE DETECTED,DB908F9F-B715-4AA5-8136-B3894606A373,PEDESTRIAN,Cross/Enter not at Intersection,DART DASH,ON ROADWAY NOT AT CROSSWALK,N/A,MIXED CLOTHING,Yes,SUSPECTED SERIOUS INJURY,NONE,39.14060305,-77.22857192,"(39.14060305, -77.22857192)"
MCP3035000B,17006938,Montgomery County Police,Injury Crash,02/08/2017 05:03:00 PM,County,MARSTON LA,County,THOMAS FARM RD,,N/A,PEDESTRIAN,SINGLE VEHICLE,CLEAR,DRY,DAYLIGHT,N/A,NONE DETECTED,NONE DETECTED,18C3CE11-B7BB-40C7-9142-FFEBE00CA9B0,PEDESTRIAN,Standing,NO IMPROPER ACTIONS,SIDEWALK,N/A,MIXED CLOTHING,No,SUSPECTED SERIOUS INJURY,N/A,39.17397283,-77.197193,"(39.17397283, -77.197193)"
DM83740015,17006921,Takoma Park Police Depart,Property Damage Crash,02/08/2017 04:16:00 PM,Maryland (State),NEW HAMPSHIRE AVE,Municipality,HOLTON LA,,TAKOMA PARK,PEDESTRIAN,OTHER,CLEAR,DRY,DAYLIGHT,TRAFFIC SIGNAL,UNKNOWN,N/A,04AC473C-BE38-4D96-9B38-3C1B2942A8CB,PEDESTRIAN,Cross/Enter at Intersection,N/A,ON ROADWAY AT CROSSWALK,OBEYED PED. SIGNAL,LIGHT CLOTHING,No,NO APPARENT INJURY,N/A,38.98581167,-76.98761333,"(38.98581167, -76.98761333)"
EJ7852001K,17007003,Gaithersburg Police Depar,Injury Crash,02/08/2017 10:11:00 AM,Maryland (State),CLOPPER RD,Municipality,FIRSTFIELD RD,,GAITHERSBURG,PEDESTRIAN,OTHER,CLEAR,DRY,DARK LIGHTS ON,TRAFFIC SIGNAL,NONE DETECTED,NONE DETECTED,7CB64214-6003-4779-98E7-16022AF1B980,PEDESTRIAN,Cross/Enter at Intersection,UNKNOWN,ON ROADWAY AT CROSSWALK,UNKNOWN,DARK CLOTHING,No,SUSPECTED MINOR INJURY,NONE,39.14376194,-77.22382441,"(39.14376194, -77.22382441)"
MCP2846002L,17006835,Montgomery County Police,Injury Crash,02/08/2017 08:36:00 AM,Maryland (State),VEIRS MILL RD,Maryland (State),UNIVERSITY BLVD W,,N/A,PEDESTRIAN,SINGLE VEHICLE,CLEAR,DRY,DAYLIGHT,TRAFFIC SIGNAL,NONE DETECTED,NONE DETECTED,2C99D4FD-A6C8-42C7-A228-618291AA025D,PEDESTRIAN,Cross/Enter at Intersection,NO IMPROPER ACTIONS,ON ROADWAY AT CROSSWALK,OBEYED PED. SIGNAL,LIGHT CLOTHING,No,POSSIBLE INJURY,NONE,39.03860833,-77.054455,"(39.03860833, -77.054455)"
MCP29810015,17006783,Montgomery County Police,Injury Crash,02/07/2017 11:13:00 PM,Maryland (State),ROCKVILLE PIKE,Unknown,SOUTHWOOD DR,,N/A,BICYCLIST,HEAD ON LEFT TURN,CLEAR,DRY,DARK LIGHTS ON,TRAFFIC SIGNAL,NONE DETECTED,NONE DETECTED,0EBAEACA-7EBD-458C-9786-97D2BA163527,BICYCLIST,Cross/Enter at Intersection,NOT VISIBLE,ON ROADWAY NOT AT CROSSWALK,OTHER,DARK CLOTHING,Unknown,SUSPECTED MINOR INJURY,LIGHTING,38.99963,-77.09677833,"(38.99963, -77.09677833)"
DD56140022,17006536,Rockville Police Departme,Injury Crash,02/06/2017 06:15:00 PM,Municipality,MONROE ST,Other Public Roadway,MONROE PL,,N/A,PEDESTRIAN,STRAIGHT MOVEMENT ANGLE,CLEAR,DRY,DARK LIGHTS ON,STOP SIGN,NONE DETECTED,NONE DETECTED,C1816816-AADD-423D-AEB1-10873A6BE69E,PEDESTRIAN,Cross/Enter at Intersection,NO IMPROPER ACTIONS,ON ROADWAY AT CROSSWALK,NO PED. SIGNAL,MIXED CLOTHING,No,POSSIBLE INJURY,NONE,39.08324367,-77.14895067,"(39.08324367, -77.14895067)"
MCP2182000L,17006278,Montgomery County Police,Injury Crash,02/05/2017 09:56:00 AM,,,,,"4414 MUNCASTERMILL RD.
CHINESE BIBLE CHURCH",,PEDESTRIAN,OTHER,CLEAR,,DAYLIGHT,N/A,NONE DETECTED,NONE DETECTED,E5725F9C-0AE0-44CE-ACCC-81799EA76FCF,PEDESTRIAN,Getting off/on Vehicle,N/A,OTHER,N/A,N/A,No,SUSPECTED MINOR INJURY,N/A,39.07470167,-76.94016833,"(39.07470167, -76.94016833)"
MCP0973000J,17006142,Montgomery County Police,Injury Crash,02/04/2017 11:50:00 AM,County,BATTERY LA,Maryland (State),WISCONSIN AVE,,N/A,PEDESTRIAN,SINGLE VEHICLE,CLEAR,DRY,DAYLIGHT,TRAFFIC SIGNAL,NONE DETECTED,N/A,17E5E963-ACF5-44D1-B311-281C01D83368,PEDESTRIAN,Cross/Enter at Intersection,NO IMPROPER ACTIONS,ON ROADWAY AT CROSSWALK,OBEYED PED. SIGNAL,DARK CLOTHING,No,SUSPECTED MINOR INJURY,N/A,38.99288167,-77.09630333,"(38.99288167, -77.09630333)"
DM8453000N,17006006,Takoma Park Police Depart,Injury Crash,02/03/2017 06:21:00 PM,Maryland (State),CARROLL AVE,Municipality,MANOR CIR,,TAKOMA PARK,PEDESTRIAN,OTHER,CLEAR,DRY,DARK LIGHTS ON,NO CONTROLS,NONE DETECTED,NONE DETECTED,C5A949BB-070A-461D-A7AB-160E5356B3B8,PEDESTRIAN,Cross/Enter not at Intersection,DART DASH,N/A,NO PED. SIGNAL,N/A,Yes,POSSIBLE INJURY,N/A,38.97959931,-77.00479656,"(38.97959931, -77.00479656)"
MCP2757001K,17005896,Montgomery County Police,Injury Crash,02/03/2017 04:57:00 AM,Maryland (State),GEORGIA AVE,County,RANDOLPH RD,,N/A,PEDESTRIAN,SINGLE VEHICLE,CLEAR,DRY,DARK LIGHTS ON,TRAFFIC SIGNAL,NONE DETECTED,NONE DETECTED,B09B25D9-5D5C-429C-B39E-FC5AE27013E4,PEDESTRIAN,Cross/Enter at Intersection,DART DASH,ON ROADWAY NOT AT CROSSWALK,DISOBEYED PED. SIGNAL,MIXED CLOTHING,Yes,SUSPECTED MINOR INJURY,NONE,39.0580305,-77.04965785,"(39.0580305, -77.04965785)"
MCP20080038,17005817,Montgomery County Police,Injury Crash,02/02/2017 04:38:00 PM,County,SEVEN LOCKS RD,County,CHARRED OAK DR,,N/A,PEDESTRIAN,OTHER,CLEAR,DRY,DAYLIGHT,NO CONTROLS,NONE DETECTED,NONE DETECTED,54A22FE4-1C96-4553-A34A-C9F03930CCE3,PEDESTRIAN,Cross/Enter at Intersection,DART DASH,AT INTERSECTION BUT NO CROSSWALK,NO PED. SIGNAL,MIXED CLOTHING,Yes,SUSPECTED MINOR INJURY,NONE,39.00313167,-77.15984333,"(39.00313167, -77.15984333)"