Report Number,Local Case Number,Agency Name,ACRS Report Type,Crash Date/Time,Route Type,Road Name,Cross-Street Type,Cross-Street Name,Off-Road Description,Municipality,Related Non-Motorist,Collision Type,Weather,Surface Condition,Light,Traffic Control,Driver Substance Abuse,Non-Motorist Substance Abuse,Person ID,Pedestrian Type,Pedestrian Movement,Pedestrian Actions,Pedestrian Location,Pedestrian Obeyed Traffic Signal,Pedestrian Visibility,At Fault,Injury Severity,Safety Equipment,Latitude,Longitude,Location
MCP2353003K,17005729,Montgomery County Police,Injury Crash,02/02/2017 09:01:00 AM,Maryland (State),ROCKVILLE PIKE,Unknown,CEDAR CROFT DR,,N/A,BICYCLIST,STRAIGHT MOVEMENT ANGLE,CLOUDY,DRY,DAYLIGHT,NO CONTROLS,NONE DETECTED,NONE DETECTED,39A5D048-7C40-4343-BA4A-68BF23FD524F,BICYCLIST,Cross/Enter at Intersection,FAILURE TO YIELD RIGHT OF WAY,AT INTERSECTION BUT NO CROSSWALK,NO PED. SIGNAL,MIXED CLOTHING,Yes,POSSIBLE INJURY,MC/BIKE HELMET,39.00850167,-77.09802833,"(39.00850167, -77.09802833)"
MCP2961001S,17005654,Montgomery County Police,Injury Crash,02/01/2017 06:20:00 PM,,,,,PARKING LOT ENTRANCE LOCATED AT 2424 UNIVERSITY BLVD W,,PEDESTRIAN,OTHER,N/A,,DARK LIGHTS ON,NO CONTROLS,UNKNOWN,NONE DETECTED,0039A590-D2C1-41B5-808A-69F7B3C1DDB0,PEDESTRIAN,Walking/Cycling on Sidewalk,NO IMPROPER ACTIONS,SIDEWALK,NO PED. SIGNAL,MIXED CLOTHING,No,POSSIBLE INJURY,NONE,39.04144668,-77.05142811,"(39.04144668, -77.05142811)"
MCP28680027,17005637,Montgomery County Police,Injury Crash,02/01/2017 05:31:00 PM,County,WAVERLY ST,Maryland (State),MONTGOMERY AVE,,N/A,PEDESTRIAN,SINGLE VEHICLE,CLEAR,DRY,DUSK,TRAFFIC SIGNAL,NONE DETECTED,N/A,3C6E83EC-F36F-4E02-A86F-0CF79C7EA835,PEDESTRIAN,Cross/Enter at Intersection,NO IMPROPER ACTIONS,ON ROADWAY AT CROSSWALK,OBEYED PED. SIGNAL,MIXED CLOTHING,No,SUSPECTED MINOR INJURY,NONE,38.98410167,-77.09234333,"(38.98410167, -77.09234333)"
MCP2001000N,17005653,Montgomery County Police,Fatal Crash,02/01/2017 05:06:00 PM,,,,,PARKING LOT OF CRESTHAVEN ELEMENTARY SCHOOL (1234 CRESTHAVEN DRIVE),,PEDESTRIAN,SINGLE VEHICLE,CLEAR,,DAYLIGHT,STOP SIGN,NONE DETECTED,NONE DETECTED,C80A180A-AE48-4E95-854B-A8979CCCA982,PEDESTRIAN,Unknown,UNKNOWN,DRIVEWAY ACCESS MARKED CROSSWALK,NO PED. SIGNAL,UNKNOWN,Unknown,FATAL INJURY,N/A,39.02718717,-76.98797643,"(39.02718717, -76.98797643)"
MCP2354000W,17005688,Montgomery County Police,Injury Crash,02/01/2017 11:17:00 AM,Maryland (State),ROCKVILLE PIKE,County,OLD GEORGETOWN RD,,N/A,PEDESTRIAN,OTHER,CLEAR,DRY,DARK LIGHTS ON,YIELD SIGN,NONE DETECTED,NONE DETECTED,4127F919-ECA3-4AD3-B407-19C55FF0233A,PEDESTRIAN,Cross/Enter at Intersection,NO IMPROPER ACTIONS,ON ROADWAY AT CROSSWALK,NO PED. SIGNAL,DARK CLOTHING,No,SUSPECTED MINOR INJURY,NONE,39.04970167,-77.11462,"(39.04970167, -77.11462)"
DD56140020,17005546,Rockville Police Departme,Injury Crash,02/01/2017 07:44:00 AM,Municipality,HURLEY AVE,Municipality,WATTS BRANCH PKWY,,ROCKVILLE,PEDESTRIAN,STRAIGHT MOVEMENT ANGLE,CLEAR,DRY,DAWN,NO CONTROLS,NONE DETECTED,NONE DETECTED,25F72564-CBDC-4369-9C7E-593B8A351E10,PEDESTRIAN,Cross/Enter at Intersection,NO IMPROPER ACTIONS,MIDBLOCK MARKED CROSSWALK,NO PED. SIGNAL,MIXED CLOTHING,No,POSSIBLE INJURY,NONE,39.08888814,-77.17847899,"(39.08888814, -77.17847899)"
MCP2358002P,17005428,Montgomery County Police,Injury Crash,01/31/2017 03:07:00 PM,County,SEVEN LOCKS RD,Other Public Roadway,SCOTLAND DR,,N/A,PEDESTRIAN,OTHER,CLEAR,DRY,DAYLIGHT,N/A,NONE DETECTED,NONE DETECTED,93E74115-6CF6-463D-ADD7-80F742037504,PEDESTRIAN,Cross/Enter at Intersection,NO IMPROPER ACTIONS,ON ROADWAY AT CROSSWALK,OBEYED PED. SIGNAL,MIXED CLOTHING,No,SUSPECTED MINOR INJURY,N/A,39.03110833,-77.16127,"(39.03110833, -77.16127)"
MCP23390024,17005423,Montgomery County Police,Injury Crash,01/31/2017 02:54:00 PM,Maryland (State),NEW HAMPSHIRE AVE,County,GOOD HOPE RD,,N/A,PEDESTRIAN,SINGLE VEHICLE,CLEAR,DRY,DAYLIGHT,TRAFFIC SIGNAL,NONE DETECTED,NONE DETECTED,37C6F7EA-DEFB-46CA-A42B-C6C60D7BE1B3,PEDESTRIAN,Cross/Enter at Intersection,NO IMPROPER ACTIONS,ON ROADWAY AT CROSSWALK,OBEYED PED. SIGNAL,MIXED CLOTHING,No,SUSPECTED MINOR INJURY,N/A,39.09610167,-77.00206167,"(39.09610167, -77.00206167)"
MCP2936001H,17005282,Montgomery County Police,Injury Crash,01/30/2017 07:04:00 PM,Maryland (State),WISCONSIN AVE,Other Public Roadway,SOMERSET TERRACE,,N/A,PEDESTRIAN,OTHER,CLEAR,DRY,DARK LIGHTS ON,NO CONTROLS,NONE DETECTED,NONE DETECTED,E9EE8979-153E-42FA-A612-BA63CB487B32,PEDESTRIAN,Cross/Enter not at Intersection,FAILURE TO YIELD RIGHT OF WAY,ON ROADWAY NOT AT CROSSWALK,N/A,DARK CLOTHING,Yes,SUSPECTED SERIOUS INJURY,NONE,38.964665,-77.08758833,"(38.964665, -77.08758833)"
MCP2853002X,17004972,Montgomery County Police,Injury Crash,01/28/2017 07:09:00 PM,,,,,10113 NEW HAMPSHIRE AVE. PARKING LOT,,PEDESTRIAN,N/A,CLEAR,,DARK LIGHTS ON,NO CONTROLS,N/A,N/A,B5AB336A-4500-4E9F-8E76-7344656947FD,PEDESTRIAN,Other,IN ROADWAY IMPROPERLY,ON ROADWAY NOT AT CROSSWALK,NO PED. SIGNAL,DARK CLOTHING,Yes,SUSPECTED MINOR INJURY,N/A,39.02111232,-76.97536066,"(39.02111232, -76.97536066)"
MCP29920013,17004969,Montgomery County Police,Injury Crash,01/28/2017 06:47:00 PM,County,CONNECTICUT AVE,County,GRAND PRE RD,,N/A,PEDESTRIAN,OTHER,CLEAR,DRY,N/A,OTHER,NONE DETECTED,NONE DETECTED,383EDD3D-CC76-461B-B89A-5972C51EBB95,PEDESTRIAN,Cross/Enter at Intersection,NO IMPROPER ACTIONS,AT INTERSECTION MARKED CROSSWALK,NO PED. SIGNAL,UNKNOWN,No,SUSPECTED MINOR INJURY,N/A,39.08799017,-77.07296683,"(39.08799017, -77.07296683)"
MCP2813002R,17004807,Montgomery County Police,Injury Crash,01/27/2017 07:23:00 PM,County,EISNER ST,County,EDGEWOOD AVE,,N/A,PEDESTRIAN,SINGLE VEHICLE,CLEAR,DRY,DARK NO LIGHTS,NO CONTROLS,N/A,N/A,43F46101-0A07-4A54-85F7-1D6880D0F899,PEDESTRIAN,Cross/Enter at Intersection,NO IMPROPER ACTIONS,AT INTERSECTION BUT NO CROSSWALK,NO PED. SIGNAL,MIXED CLOTHING,No,POSSIBLE INJURY,N/A,39.03024167,-77.02002833,"(39.03024167, -77.02002833)"
MCP2923002F,17004482,Montgomery County Police,Injury Crash,01/26/2017 06:59:00 AM,County,ARCOLA AVE,Maryland (State),GEORGIA AVE,,N/A,BICYCLIST,OTHER,CLOUDY,DRY,DARK LIGHTS ON,FLASHING TRAFFIC SIGNAL,NONE DETECTED,NONE DETECTED,663618DF-3A43-4448-9CD6-95A957A65B08,BICYCLIST,Cross/Enter at Intersection,NO IMPROPER ACTIONS,ON ROADWAY AT CROSSWALK,OBEYED PED. SIGNAL,DARK CLOTHING,No,POSSIBLE INJURY,UNKNOWN,39.04694,-77.05190333,"(39.04694, -77.05190333)"
DD5590000T,17004389,Rockville Police Departme,Injury Crash,01/25/2017 05:55:00 PM,Municipality,E MONTGOMERY AVE AT COURTHOUSE SQ,Municipality,MARYLAND AVE,,ROCKVILLE,OTHER CONVEYANCE,STRAIGHT MOVEMENT ANGLE,CLEAR,DRY,DARK LIGHTS ON,STOP SIGN,UNKNOWN,NONE DETECTED,9B63EAB9-2A22-4F9C-B775-8009EFAFA2D1,OTHER CONVEYANCE,Other,NO IMPROPER ACTIONS,OTHER,N/A,DARK CLOTHING,No,POSSIBLE INJURY,NONE,39.08435833,-77.14889667,"(39.08435833, -77.14889667)"
MCP2446002H,17004357,Montgomery County Police,Injury Crash,01/25/2017 03:22:00 PM,,,,,IN THE PARKING LOT OF 19911 AIRCRAFT DR. GERMANTOWN MD.,,MACHINE OPERATOR/RIDER,OTHER,CLEAR,,DAYLIGHT,NO CONTROLS,NONE DETECTED,NONE DETECTED,DA93DEE9-DCE7-498F-872F-1CA9A82DAD54,MACHINE OPERATOR/RIDER,Standing,NO IMPROPER ACTIONS,OTHER,N/A,N/A,No,POSSIBLE INJURY,N/A,39.1825537,-77.26042248,"(39.1825537, -77.26042248)"
MCP1148001K,17004291,Montgomery County Police,Injury Crash,01/25/2017 09:10:00 AM,Maryland (State),MASSACHUSETTS AVE,County,JAMESTOWN RD,,N/A,PEDESTRIAN,SINGLE VEHICLE,CLEAR,DRY,DAYLIGHT,STOP SIGN,NONE DETECTED,NONE DETECTED,D09B76CF-03B0-4086-8CF0-1BB68496C75F,PEDESTRIAN,Cross/Enter at Intersection,NO IMPROPER ACTIONS,ON ROADWAY AT CROSSWALK,NO PED. SIGNAL,MIXED CLOTHING,No,SUSPECTED MINOR INJURY,NONE,38.95164167,-77.10223667,"(38.95164167, -77.10223667)"
DD5604001G,17004413,Rockville Police Departme,Injury Crash,01/25/2017 07:42:00 AM,Municipality,ARDENNES AVE,Municipality,HOLLAND RD,,ROCKVILLE,PEDESTRIAN,OTHER,CLEAR,DRY,DARK LIGHTS ON,N/A,NONE DETECTED,NONE DETECTED,55819C62-56EF-4B7F-9453-E87AE89F6C03,PEDESTRIAN,Cross/Enter at Intersection,NO IMPROPER ACTIONS,AT INTERSECTION BUT NO CROSSWALK,NO PED. SIGNAL,DARK CLOTHING,No,SUSPECTED MINOR INJURY,NONE,39.06592833,-77.118435,"(39.06592833, -77.118435)"
DD55380027,17004124,Rockville Police Departme,Injury Crash,01/24/2017 12:32:00 PM,,,,,"891-G ROCKVILLE PIKE ""PAISANO'S""  PARKING LOT",,PEDESTRIAN,SINGLE VEHICLE,CLEAR,,DAYLIGHT,NO CONTROLS,NONE DETECTED,NONE DETECTED,57DC6529-CFCE-45C2-9975-EEB0D2072432,PEDESTRIAN,Other,N/A,INSIDE BUILDING,N/A,N/A,No,POSSIBLE INJURY,N/A,39.07437,-77.13731167,"(39.07437, -77.13731167)"
MCP1366005N,17004075,Montgomery County Police,Injury Crash,01/24/2017 06:47:00 AM,Municipality,PLEASANT DR,Municipality,CROOKED CREEK DR,,ROCKVILLE,PEDESTRIAN,SINGLE VEHICLE,RAINING,WET,DARK LIGHTS ON,STOP SIGN,NONE DETECTED,NONE DETECTED,25601E8A-8A63-4818-9EF7-773CB2E72A9C,PEDESTRIAN,Cross/Enter at Intersection,FAILURE TO YIELD RIGHT OF WAY,AT INTERSECTION BUT NO CROSSWALK,NO PED. SIGNAL,MIXED CLOTHING,Yes,SUSPECTED SERIOUS INJURY,NONE,39.11268,-77.16970167,"(39.11268, -77.16970167)"
MCP1417006F,17004074,Montgomery County Police,Injury Crash,01/24/2017 06:36:00 AM,Maryland (State),MONTGOMERY VILLAGE AVE,Unknown,SPUR FR MD 124 TO MD 124,,N/A,PEDESTRIAN,STRAIGHT MOVEMENT ANGLE,RAINING,WET,DARK NO LIGHTS,TRAFFIC SIGNAL,NONE DETECTED,NONE DETECTED,BBF10B13-0EAD-49E5-BCAE-E850F77A6937,PEDESTRIAN,Cross/Enter at Intersection,DART DASH,MIDBLOCK MARKED CROSSWALK,DISOBEYED PED. SIGNAL,MIXED CLOTHING,Yes,SUSPECTED MINOR INJURY,NONE,39.16004927,-77.20201537,"(39.16004927, -77.20201537)"
MCP2770001L,17003840,Montgomery County Police,Injury Crash,01/22/2017 06:56:00 PM,,,,,PARKING LOT OF 16004 SHADY GROVE ROAD,,PEDESTRIAN,OTHER,CLOUDY,,DARK LIGHTS ON,NO CONTROLS,NONE DETECTED,NONE DETECTED,72109333-16BB-4A09-9D1C-F5A955AE6DDB,PEDESTRIAN,Other,DART DASH,OTHER,NO PED. SIGNAL,MIXED CLOTHING,Yes,POSSIBLE INJURY,NONE,39.12015,-77.18208,"(39.12015, -77.18208)"
MCP28890028,17003697,Montgomery County Police,Injury Crash,01/21/2017 08:28:00 PM,,,,,"PARKING LOT OF 11310 GEORGIA AVE SILVER SPRING, MD 20902",,PEDESTRIAN,OTHER,CLOUDY,,DARK LIGHTS ON,NO CONTROLS,NONE DETECTED,NONE DETECTED,C59F2E40-F93F-4AF8-861D-DA9C215B6A5C,PEDESTRIAN,Other,NO IMPROPER ACTIONS,SIDEWALK,NO PED. SIGNAL,MIXED CLOTHING,No,POSSIBLE INJURY,NONE,39.0412,-77.05229833,"(39.0412, -77.05229833)"
MCP28680026,17003671,Montgomery County Police,Injury Crash,01/21/2017 04:55:00 PM,Maryland (State),WISCONSIN AVE,County,STANFORD ST,,N/A,BICYCLIST,OTHER,CLOUDY,DRY,DUSK,TRAFFIC SIGNAL,NONE DETECTED,NONE DETECTED,1D78D795-D9BF-4C8E-B5B9-C78B6B1C6F40,BICYCLIST,Walking/Riding w/Traffic,IMPROPER PASSING,ON ROADWAY NOT AT CROSSWALK,N/A,MIXED CLOTHING,Yes,POSSIBLE INJURY,MC/BIKE HELMET,38.97847962,-77.09127232,"(38.97847962, -77.09127232)"
DD5603003K,17003541,Rockville Police Departme,Injury Crash,01/20/2017 08:45:00 PM,Municipality,WOOTTON PKWY,Municipality,FLEET ST,,ROCKVILLE,PEDESTRIAN,STRAIGHT MOVEMENT ANGLE,RAINING,WET,DARK LIGHTS ON,NO CONTROLS,NONE DETECTED,ALCOHOL PRESENT,122EF475-F3AF-43D0-AC39-DD06C9D7F92B,PEDESTRIAN,Walking/Riding against Traffic,IN ROADWAY IMPROPERLY,ON ROADWAY NOT AT CROSSWALK,OTHER,DARK CLOTHING,Yes,POSSIBLE INJURY,NONE,39.07531839,-77.14011669,"(39.07531839, -77.14011669)"
MCP2864002D,17003509,Montgomery County Police,Property Damage Crash,01/20/2017 04:08:00 PM,,,,,"PARKING LOT OF 6121 MONTROSE RD ROCKVILLE, MD",,PEDESTRIAN,OTHER,CLOUDY,,DAYLIGHT,NO CONTROLS,UNKNOWN,NONE DETECTED,CC450BF9-0DF0-4808-A4EB-16CDF4475F6C,PEDESTRIAN,Push/Work on Vehicle,NO IMPROPER ACTIONS,OTHER,N/A,DARK CLOTHING,No,NO APPARENT INJURY,NONE,39.05304,-77.12270833,"(39.05304, -77.12270833)"
MCP2881001X,17003428,Montgomery County Police,Property Damage Crash,01/20/2017 07:07:00 AM,Maryland (State),GERMANTOWN RD,County,MIDDLEBROOK RD,,N/A,PEDESTRIAN,OTHER,CLEAR,DRY,DARK LIGHTS ON,TRAFFIC SIGNAL,N/A,N/A,B1F05837-283C-407D-AFA4-C6C130C8AE9D,PEDESTRIAN,Cross/Enter at Intersection,N/A,ON ROADWAY AT CROSSWALK,UNKNOWN,DARK CLOTHING,Unknown,NO APPARENT INJURY,NONE,39.18467833,-77.26293833,"(39.18467833, -77.26293833)"
MCP2686001P,17003354,Montgomery County Police,Injury Crash,01/19/2017 06:30:00 PM,Municipality,KENTLANDS BLVD,Maryland (State),GREAT SENECA HWY,,N/A,PEDESTRIAN,N/A,CLEAR,DRY,DARK LIGHTS ON,TRAFFIC SIGNAL,N/A,N/A,CE9D8448-6961-460A-B077-3C506913F50B,PEDESTRIAN,Cross/Enter at Intersection,NO IMPROPER ACTIONS,AT INTERSECTION MARKED CROSSWALK,OBEYED PED. SIGNAL,DARK CLOTHING,No,POSSIBLE INJURY,N/A,39.12357982,-77.23163232,"(39.12357982, -77.23163232)"
MCP9390000R,17003344,Montgomery County Police,Injury Crash,01/19/2017 06:00:00 PM,County,FIELDS RD,Municipality,RIO BLVD,,GAITHERSBURG,PEDESTRIAN,SINGLE VEHICLE,CLEAR,DRY,DARK LIGHTS ON,N/A,N/A,N/A,0BBDFACF-922C-47DA-98E8-2400A45A331D,PEDESTRIAN,Cross/Enter not at Intersection,IN ROADWAY IMPROPERLY,ON ROADWAY NOT AT CROSSWALK,NO PED. SIGNAL,DARK CLOTHING,Yes,SUSPECTED MINOR INJURY,N/A,39.11622061,-77.20594615,"(39.11622061, -77.20594615)"
DD55080033,17003277,Rockville Police Departme,Injury Crash,01/19/2017 12:58:00 PM,Municipality,N STONESTREET AVE,Municipality,PARK RD,,ROCKVILLE,PEDESTRIAN,OTHER,CLEAR,DRY,DAYLIGHT,NO CONTROLS,NONE DETECTED,NONE DETECTED,FC4B81C3-4D9E-4973-AD92-5DA0DECC8106,PEDESTRIAN,Cross/Enter not at Intersection,IN ROADWAY IMPROPERLY,ON ROADWAY NOT AT CROSSWALK,N/A,MIXED CLOTHING,Yes,SUSPECTED MINOR INJURY,NONE,39.08628667,-77.14729667,"(39.08628667, -77.14729667)"
MCP2639001R,17003191,Montgomery County Police,Injury Crash,01/18/2017 10:06:00 PM,Maryland (State),GEORGIA AVE,County,PRICE AVE,,N/A,PEDESTRIAN,STRAIGHT MOVEMENT ANGLE,CLOUDY,DRY,DARK LIGHTS ON,OTHER,NONE DETECTED,ALCOHOL CONTRIBUTED,44664C05-1C5F-4610-860C-E4EFAFF9259E,PEDESTRIAN,Cross/Enter at Intersection,NOT VISIBLE,ON ROADWAY AT CROSSWALK,NO PED. SIGNAL,DARK CLOTHING,No,POSSIBLE INJURY,NONE,39.03984167,-77.05149333,"(39.03984167, -77.05149333)"
MCP2615001M,17003173,Montgomery County Police,Property Damage Crash,01/18/2017 07:16:00 PM,,,,,"PARKING LOT OF 13880 OLD COLUMBIA PIKE, SILVER SPRING, MD, 20904",,PEDESTRIAN,OTHER,CLEAR,,DARK LIGHTS ON,NO CONTROLS,UNKNOWN,NONE DETECTED,725E15D0-31F3-4C33-858F-2AF6D06258DF,PEDESTRIAN,Standing,NO IMPROPER ACTIONS,OTHER,N/A,DARK CLOTHING,Unknown,NO APPARENT INJURY,N/A,39.08434332,-76.95199728,"(39.08434332, -76.95199728)"
MCP2286001G,17003137,Montgomery County Police,Property Damage Crash,01/18/2017 03:15:00 PM,County,GAINSBOROUGH RD,County,TUCKERMAN LA,,N/A,PEDESTRIAN,SINGLE VEHICLE,CLEAR,DRY,DAYLIGHT,TRAFFIC SIGNAL,NONE DETECTED,NONE DETECTED,CA302C58-AA1C-490A-ACA6-4530ED141AC3,PEDESTRIAN,Walking to/from school,UNKNOWN,ON ROADWAY AT CROSSWALK,UNKNOWN,MIXED CLOTHING,Yes,NO APPARENT INJURY,NONE,39.04096545,-77.172786,"(39.04096545, -77.172786)"
MCP27660032,17003170,Montgomery County Police,Injury Crash,01/18/2017 08:57:00 AM,,,,,ENTRANCE TO WENDY'S PARKING LOT LOCATED AT 14012 CONNECTICUT AVE,,PEDESTRIAN,STRAIGHT MOVEMENT ANGLE,CLEAR,,DARK LIGHTS ON,NO CONTROLS,NONE DETECTED,NONE DETECTED,8B0BF75F-2DEF-46AD-8C0F-9C1A230D1B4E,PEDESTRIAN,Walking/Cycling on Sidewalk,NO IMPROPER ACTIONS,SIDEWALK,NO PED. SIGNAL,MIXED CLOTHING,No,POSSIBLE INJURY,NONE,39.08450333,-77.07663833,"(39.08450333, -77.07663833)"
MCP2874001X,17002798,Montgomery County Police,Injury Crash,01/16/2017 06:14:00 PM,County,RANDOLPH RD,Maryland (State),GEORGIA AVE,,N/A,PEDESTRIAN,SINGLE VEHICLE,CLEAR,DRY,DARK LIGHTS ON,TRAFFIC SIGNAL,NONE DETECTED,NONE DETECTED,A37E3A23-E359-4CE6-A65F-3693B1F09DCA,PEDESTRIAN,Cross/Enter at Intersection,NO IMPROPER ACTIONS,AT INTERSECTION MARKED CROSSWALK,OBEYED PED. SIGNAL,MIXED CLOTHING,No,SUSPECTED MINOR INJURY,NONE,39.05788158,-77.04963908,"(39.05788158, -77.04963908)"
MCP2531000N,17002799,Montgomery County Police,Injury Crash,01/16/2017 06:11:00 PM,,ELLINGTON BLVD,,FIELDS RD,,N/A,PEDESTRIAN,OTHER,CLEAR,WET,DARK LIGHTS ON,N/A,N/A,N/A,D55CDD25-A202-448B-A8E0-D10DC5C2431D,PEDESTRIAN,Cross/Enter at Intersection,NO IMPROPER ACTIONS,AT INTERSECTION MARKED CROSSWALK,NO PED. SIGNAL,DARK CLOTHING,No,POSSIBLE INJURY,NONE,39.115315,-77.20485167,"(39.115315, -77.20485167)"
MCP1301000R,17002582,Montgomery County Police,Fatal Crash,01/15/2017 11:49:00 AM,Maryland (State),GEORGIA AVE,County,REEDIE DR,,N/A,PEDESTRIAN,SINGLE VEHICLE,CLEAR,DRY,DAYLIGHT,TRAFFIC SIGNAL,NONE DETECTED,UNKNOWN,27BE6DE6-1CE3-4F0C-9771-CB5A71C43983,PEDESTRIAN,Cross/Enter at Intersection,UNKNOWN,ON ROADWAY AT CROSSWALK,UNKNOWN,LIGHT CLOTHING,Unknown,FATAL INJURY,N/A,39.03868633,-77.05080584,"(39.03868633, -77.05080584)"
EJ7863000Q,17002486,Gaithersburg Police Depar,Injury Crash,01/14/2017 07:04:00 PM,County,CONTOUR RD,County,LOST KNIFE RD,,N/A,PEDESTRIAN,SINGLE VEHICLE,RAINING,WET,DARK LIGHTS ON,NO CONTROLS,NONE DETECTED,NONE DETECTED,491F4EAD-630D-4B1A-801B-BB4368B3F9CA,PEDESTRIAN,Cross/Enter at Intersection,NO IMPROPER ACTIONS,AT INTERSECTION MARKED CROSSWALK,NO PED. SIGNAL,DARK CLOTHING,No,POSSIBLE INJURY,NONE,39.15495683,-77.20097065,"(39.15495683, -77.20097065)"
MCP28680025,17002469,Montgomery County Police,Injury Crash,01/14/2017 05:35:00 PM,County,RUGBY AVE,County,WOODMONT AVE,,N/A,PEDESTRIAN,OTHER,RAINING,WET,DARK LIGHTS ON,STOP SIGN,NONE DETECTED,NONE DETECTED,AA688BA9-38C4-41F9-91FC-72947ABFC0BF,PEDESTRIAN,Cross/Enter at Intersection,NO IMPROPER ACTIONS,AT INTERSECTION MARKED CROSSWALK,OBEYED PED. SIGNAL,MIXED CLOTHING,No,POSSIBLE INJURY,NONE,38.99130391,-77.09679902,"(38.99130391, -77.09679902)"
MCP27540014,17002303,Montgomery County Police,Injury Crash,01/13/2017 05:52:00 PM,Maryland (State),PINEY BRANCH RD,County,ARLISS ST,,N/A,PEDESTRIAN,N/A,CLEAR,DRY,DARK LIGHTS ON,TRAFFIC SIGNAL,NONE DETECTED,UNKNOWN,25A70BF7-306C-4C3C-A26D-17305B2C5444,PEDESTRIAN,Cross/Enter at Intersection,DART DASH,ON ROADWAY AT CROSSWALK,DISOBEYED PED. SIGNAL,UNKNOWN,Yes,SUSPECTED MINOR INJURY,UNKNOWN,38.99844582,-77.00106025,"(38.99844582, -77.00106025)"
MCP27850028,17002220,Montgomery County Police,Injury Crash,01/13/2017 12:14:00 PM,Maryland (State),INTERCOUNTY CONNECTOR,Ramp,RAMP 2 FR MD 200 WB TO BRIGGS CHANEY RD,,N/A,PEDESTRIAN,OTHER,CLEAR,DRY,DAYLIGHT,TRAFFIC SIGNAL,N/A,N/A,C8A2915E-91B2-46F0-96B7-519ADA5BDBE8,PEDESTRIAN,Cross/Enter at Intersection,NO IMPROPER ACTIONS,ON ROADWAY AT CROSSWALK,OBEYED PED. SIGNAL,MIXED CLOTHING,No,POSSIBLE INJURY,N/A,39.07437721,-76.93990588,"(39.07437721, -76.93990588)"
MCP2639001Q,17002140,Montgomery County Police,Injury Crash,01/12/2017 11:45:00 PM,Maryland (State),GEORGIA AVE,County,REEDIE DR,,N/A,PEDESTRIAN,STRAIGHT MOVEMENT ANGLE,CLOUDY,DRY,DARK LIGHTS ON,TRAFFIC SIGNAL,NONE DETECTED,ALCOHOL CONTRIBUTED,E1C46BDA-07C1-4AB0-BD55-D318002D62CE,PEDESTRIAN,Cross/Enter not at Intersection,DART DASH,ON ROADWAY NOT AT CROSSWALK,DISOBEYED PED. SIGNAL,DARK CLOTHING,Yes,SUSPECTED SERIOUS INJURY,NONE,39.03885167,-77.050735,"(39.03885167, -77.050735)"
MCP2094007P,17001888,Montgomery County Police,Injury Crash,01/11/2017 06:45:00 PM,Maryland (State),WISCONSIN AVE,County,MAPLE AVE,,N/A,PEDESTRIAN,OTHER,RAINING,WET,DARK LIGHTS ON,NO CONTROLS,NONE DETECTED,NONE DETECTED,F8AC5B93-2FB3-480A-B90E-D917B0F46048,PEDESTRIAN,Other,DART DASH,ON ROADWAY NOT AT CROSSWALK,NO PED. SIGNAL,MIXED CLOTHING,Yes,POSSIBLE INJURY,N/A,38.992025,-77.095665,"(38.992025, -77.095665)"
MCP2864002B,17001674,Montgomery County Police,Injury Crash,01/10/2017 05:29:00 PM,County,CRABBS BRANCH WAY,Unknown,STANDISH PL,,N/A,PEDESTRIAN,OTHER,CLEAR,DRY,DARK LIGHTS ON,N/A,NONE DETECTED,NONE DETECTED,AE3A45C2-BC75-41BE-9805-87BD2E3B4EE3,PEDESTRIAN,Walking/Riding w/Traffic,NOT VISIBLE,ON ROADWAY NOT AT CROSSWALK,N/A,DARK CLOTHING,Yes,SUSPECTED MINOR INJURY,NONE,39.10805833,-77.15251667,"(39.10805833, -77.15251667)"
MCP1334004M,17001589,Montgomery County Police,Injury Crash,01/10/2017 09:56:00 AM,,,,,PARKING LOT OF 19227 WATKINS MILL RD,,PEDESTRIAN,SINGLE VEHICLE,CLOUDY,,DAYLIGHT,NO CONTROLS,NONE DETECTED,NONE DETECTED,1608CFB5-7D3A-470B-8B94-4621203DD3D1,PEDESTRIAN,Cross/Enter at Intersection,NO IMPROPER ACTIONS,AT INTERSECTION BUT NO CROSSWALK,NO PED. SIGNAL,MIXED CLOTHING,No,SUSPECTED MINOR INJURY,NONE,39.17128211,-77.20726177,"(39.17128211, -77.20726177)"
MCP2425008G,17001565,Montgomery County Police,Injury Crash,01/10/2017 07:50:00 AM,,,,,PARKING LOT OF 2 UNIVERSITY BLVD W,,PEDESTRIAN,OTHER,CLEAR,,DAYLIGHT,NO CONTROLS,N/A,NONE DETECTED,82E60120-8F5A-4564-87AC-8D94951B2E64,PEDESTRIAN,Walking/Cycling on Sidewalk,UNKNOWN,SIDEWALK,N/A,DARK CLOTHING,Unknown,SUSPECTED MINOR INJURY,NONE,39.02050333,-77.01314667,"(39.02050333, -77.01314667)"
MCP26270012,17001038,Montgomery County Police,Injury Crash,01/06/2017 06:15:00 PM,Maryland (State),OLD GEORGETOWN RD,County,GREENTREE RD,,N/A,PEDESTRIAN,SINGLE VEHICLE,CLEAR,OTHER,DARK LIGHTS ON,TRAFFIC SIGNAL,NONE DETECTED,NONE DETECTED,E74C52AD-7C61-44AB-BBFC-100AAAEDB222,PEDESTRIAN,Cross/Enter at Intersection,NO IMPROPER ACTIONS,ON ROADWAY AT CROSSWALK,UNKNOWN,MIXED CLOTHING,Unknown,SUSPECTED MINOR INJURY,NONE,39.00039483,-77.10948717,"(39.00039483, -77.10948717)"