Report Number,Local Case Number,Agency Name,ACRS Report Type,Crash Date/Time,Route Type,Road Name,Cross-Street Type,Cross-Street Name,Off-Road Description,Municipality,Related Non-Motorist,Collision Type,Weather,Surface Condition,Light,Traffic Control,Driver Substance Abuse,Non-Motorist Substance Abuse,Person ID,Pedestrian Type,Pedestrian Movement,Pedestrian Actions,Pedestrian Location,Pedestrian Obeyed Traffic Signal,Pedestrian Visibility,At Fault,Injury Severity,Safety Equipment,Latitude,Longitude,Location
HA2399000M,16000538,Maryland-National Capital,Injury Crash,05/08/2016 01:18:00 PM,Government,LITTLE FALLS PKWY,County,ARLINGTON RD,,N/A,BICYCLIST,OTHER,CLEAR,DRY,DAYLIGHT,N/A,NONE DETECTED,N/A,BB1D698A-BD1D-4008-AD66-20D87EA83B0B,BICYCLIST,Cross/Enter at Intersection,NO IMPROPER ACTIONS,MIDBLOCK MARKED CROSSWALK,UNKNOWN,N/A,Yes,POSSIBLE INJURY,UNKNOWN,38.97340833,-77.10141333,"(38.97340833, -77.10141333)"
MCP15940003,16022502,Montgomery County Police,Injury Crash,05/06/2016 06:01:00 PM,County,DIXON AVE,County,WAYNE AVE,,N/A,PEDESTRIAN,HEAD ON LEFT TURN,RAINING,WET,DAYLIGHT,NO CONTROLS,NONE DETECTED,NONE DETECTED,2A2C7E3B-F86C-41E5-A41A-723B56687A1E,PEDESTRIAN,Cross/Enter not at Intersection,IN ROADWAY IMPROPERLY,OUTSIDE RIGHT OF WAY,NO PED. SIGNAL,MIXED CLOTHING,Yes,SUSPECTED MINOR INJURY,NONE,38.99375551,-77.0279789,"(38.99375551, -77.0279789)"
MCP2437001N,16022480,Montgomery County Police,Injury Crash,05/06/2016 03:57:00 PM,,,,,"PARKING LOT OF 13639 GEORGIA AVE, SILVER SPRING, MD",,PEDESTRIAN,SINGLE VEHICLE,RAINING,,DAYLIGHT,NO CONTROLS,NONE DETECTED,NONE DETECTED,F9B558EB-4F51-40F8-A5FB-3407A8D5609D,PEDESTRIAN,N/A,NO IMPROPER ACTIONS,OTHER,NO PED. SIGNAL,MIXED CLOTHING,No,SUSPECTED MINOR INJURY,NONE,39.07999667,-77.07225833,"(39.07999667, -77.07225833)"
MCP2498000P,16022376,Montgomery County Police,Injury Crash,05/06/2016 05:15:00 AM,Maryland (State),GERMANTOWN RD,Ramp,RAMP 6 FR MD 118 EB TO IS 270 SB,,N/A,BICYCLIST,OTHER,RAINING,WET,DARK LIGHTS ON,NO CONTROLS,UNKNOWN,NONE DETECTED,B3C5F9E9-880C-4A45-8C12-21B0E39388B0,BICYCLIST,Walking/Riding w/Traffic,NO IMPROPER ACTIONS,AT INTERSECTION BUT NO CROSSWALK,N/A,REFLECTIVE MATERIAL,No,SUSPECTED MINOR INJURY,MC/BIKE HELMET,39.18266182,-77.25869447,"(39.18266182, -77.25869447)"
MCP2353002Q,16021980,Montgomery County Police,Injury Crash,05/04/2016 07:24:00 AM,Maryland (State),OLD GEORGETOWN RD,County,COMMERCE LA,,N/A,PEDESTRIAN,SINGLE VEHICLE,CLOUDY,DRY,DAYLIGHT,TRAFFIC SIGNAL,NONE DETECTED,NONE DETECTED,A94562CC-4D55-4112-972A-317A5D53AC2A,PEDESTRIAN,Cross/Enter at Intersection,NO IMPROPER ACTIONS,ON ROADWAY AT CROSSWALK,OBEYED PED. SIGNAL,DARK CLOTHING,No,POSSIBLE INJURY,NONE,38.98552833,-77.095945,"(38.98552833, -77.095945)"
MCP2919001H,16021979,Montgomery County Police,Injury Crash,05/04/2016 07:03:00 AM,County,FENWICK LA,County,SECOND AVE,,N/A,PEDESTRIAN,OTHER,CLEAR,DRY,DAYLIGHT,STOP SIGN,NONE DETECTED,NONE DETECTED,522EBCA0-C842-4DE3-BF9D-8345A852F0E1,PEDESTRIAN,Cross/Enter at Intersection,NO IMPROPER ACTIONS,ON ROADWAY AT CROSSWALK,NO PED. SIGNAL,N/A,No,SUSPECTED MINOR INJURY,N/A,38.99726833,-77.03342667,"(38.99726833, -77.03342667)"
MCP1378009D,16021859,Montgomery County Police,Injury Crash,05/03/2016 04:02:00 PM,County,COMPRINT CT,County,SHADY GROVE RD,,N/A,PEDESTRIAN,SINGLE VEHICLE,CLOUDY,DRY,DAYLIGHT,TRAFFIC SIGNAL,NONE DETECTED,NONE DETECTED,8331B717-AB5E-4AD4-8C3C-BBEDFC727A3F,PEDESTRIAN,Cross/Enter at Intersection,NO IMPROPER ACTIONS,ON ROADWAY AT CROSSWALK,OBEYED PED. SIGNAL,MIXED CLOTHING,No,POSSIBLE INJURY,N/A,39.11944333,-77.18282667,"(39.11944333, -77.18282667)"
MCP1378009D,16021859,Montgomery County Police,Injury Crash,05/03/2016 04:02:00 PM,County,COMPRINT CT,County,SHADY GROVE RD,,N/A,PEDESTRIAN,SINGLE VEHICLE,CLOUDY,DRY,DAYLIGHT,TRAFFIC SIGNAL,NONE DETECTED,NONE DETECTED,14E9E571-71A7-4BAE-AA88-E434E5E47C7B,PEDESTRIAN,Cross/Enter at Intersection,NO IMPROPER ACTIONS,ON ROADWAY AT CROSSWALK,OBEYED PED. SIGNAL,MIXED CLOTHING,No,NO APPARENT INJURY,N/A,39.11944333,-77.18282667,"(39.11944333, -77.18282667)"
MCP2723001H,16021617,Montgomery County Police,Injury Crash,05/03/2016 02:33:00 PM,Maryland (State),NEW HAMPSHIRE AVE,County,RANDOLPH RD,,N/A,PEDESTRIAN,OTHER,CLEAR,DRY,DAYLIGHT,TRAFFIC SIGNAL,N/A,N/A,D6344036-DA59-489F-94DB-B3F4C14C464E,PEDESTRIAN,Cross/Enter not at Intersection,FAILURE TO YIELD RIGHT OF WAY,ON ROADWAY NOT AT CROSSWALK,DISOBEYED PED. SIGNAL,UNKNOWN,Yes,POSSIBLE INJURY,NONE,39.0758098,-77.00192928,"(39.0758098, -77.00192928)"
MCP2846001Z,16031511,Montgomery County Police,Injury Crash,05/03/2016 02:00:00 PM,Maryland (State),VEIRS MILL RD,County,CENTERHILL ST,,N/A,BICYCLIST,OTHER,UNKNOWN,DRY,DAYLIGHT,STOP SIGN,UNKNOWN,NONE DETECTED,BFB725AF-109C-413F-A373-B20074FF1E63,BICYCLIST,Cross/Enter at Intersection,NO IMPROPER ACTIONS,AT INTERSECTION MARKED CROSSWALK,NO PED. SIGNAL,UNKNOWN,No,POSSIBLE INJURY,NONE,39.05956,-77.047535,"(39.05956, -77.047535)"
DD5502002C,16021808,Rockville Police Departme,Injury Crash,05/03/2016 12:15:00 PM,Maryland (State),HUNGERFORD DR,Municipality,A ST,,ROCKVILLE,PEDESTRIAN,OTHER,CLOUDY,DRY,DAYLIGHT,TRAFFIC SIGNAL,UNKNOWN,NONE DETECTED,31922C59-4345-4AF0-9B63-18A795503581,PEDESTRIAN,Cross/Enter at Intersection,NO IMPROPER ACTIONS,ON ROADWAY AT CROSSWALK,OBEYED PED. SIGNAL,MIXED CLOTHING,No,SUSPECTED MINOR INJURY,OTHER,39.09198065,-77.15315089,"(39.09198065, -77.15315089)"
DD5502002C,16021808,Rockville Police Departme,Injury Crash,05/03/2016 12:15:00 PM,Maryland (State),HUNGERFORD DR,Municipality,A ST,,ROCKVILLE,PEDESTRIAN,OTHER,CLOUDY,DRY,DAYLIGHT,TRAFFIC SIGNAL,UNKNOWN,NONE DETECTED,305316F3-D050-4DC5-920B-76A02F99EE4F,PEDESTRIAN,Cross/Enter at Intersection,NO IMPROPER ACTIONS,ON ROADWAY AT CROSSWALK,OBEYED PED. SIGNAL,MIXED CLOTHING,No,SUSPECTED MINOR INJURY,NONE,39.09198065,-77.15315089,"(39.09198065, -77.15315089)"
MCP1251000T,16021786,Montgomery County Police,Injury Crash,05/03/2016 09:04:00 AM,County,MACARTHUR BLVD,Government,CLARA BARTON PKWY,,N/A,BICYCLIST,SINGLE VEHICLE,CLOUDY,WET,DAYLIGHT,TRAFFIC SIGNAL,NONE DETECTED,NONE DETECTED,8ACB5DDB-41E2-4659-ACE1-89E7E4D4281D,BICYCLIST,Cross/Enter at Intersection,NO IMPROPER ACTIONS,IN BIKEWAY,NO PED. SIGNAL,MIXED CLOTHING,No,SUSPECTED MINOR INJURY,MC/BIKE HELMET,38.96449763,-77.13603973,"(38.96449763, -77.13603973)"
MCP2485000J,16021742,Montgomery County Police,Injury Crash,05/03/2016 03:53:00 AM,County,DAIRYMAID DR,Maryland (State),GREAT SENECA HWY,,N/A,PEDESTRIAN,UNKNOWN,RAINING,WET,DARK NO LIGHTS,NO CONTROLS,,UNKNOWN,606617CE-AD74-4261-A932-154789F984F6,PEDESTRIAN,Cross/Enter at Intersection,UNKNOWN,AT INTERSECTION MARKED CROSSWALK,NO PED. SIGNAL,DARK CLOTHING,Unknown,POSSIBLE INJURY,NONE,39.15737,-77.27599667,"(39.15737, -77.27599667)"
MCP2768000B,16021724,Montgomery County Police,Injury Crash,05/02/2016 10:00:00 PM,,,,,PARKING LOT,,PEDESTRIAN,OTHER,RAINING,,DARK LIGHTS ON,N/A,UNKNOWN,NONE DETECTED,80A344E5-5078-405D-930B-6BE83A06A249,PEDESTRIAN,Cross/Enter not at Intersection,INATTENTIVE,ON ROADWAY NOT AT CROSSWALK,NO PED. SIGNAL,MIXED CLOTHING,No,SUSPECTED MINOR INJURY,NONE,39.12399702,-77.20119596,"(39.12399702, -77.20119596)"
MCP2369000P,16021573,Montgomery County Police,Property Damage Crash,05/02/2016 08:48:00 AM,County,EDEN RD,County,KATHRYN RD,,N/A,OTHER,OTHER,RAINING,N/A,DAYLIGHT,STOP SIGN,NONE DETECTED,N/A,06B985E2-B9D4-49E2-BA2A-D8690E430D74,OTHER,N/A,N/A,N/A,N/A,N/A,No,NO APPARENT INJURY,N/A,39.04995,-76.98717833,"(39.04995, -76.98717833)"
MCP0961000S,16021560,Montgomery County Police,Injury Crash,05/02/2016 08:04:00 AM,Maryland (State),CLOPPER RD,Municipality,LONGDRAFT RD,,GAITHERSBURG,PEDESTRIAN,SINGLE VEHICLE,RAINING,WET,DAYLIGHT,NO CONTROLS,NONE DETECTED,NONE DETECTED,9F494E2E-C211-42DA-961F-B5B21CEB5D49,PEDESTRIAN,Standing,NO IMPROPER ACTIONS,SIDEWALK,N/A,OTHER,No,SUSPECTED MINOR INJURY,NONE,39.14811333,-77.23741,"(39.14811333, -77.23741)"
MCP15500020,16021671,Montgomery County Police,Injury Crash,05/02/2016 07:35:00 AM,Maryland (State),UNIVERSITY BLVD W,County,ST PAUL ST,,N/A,PEDESTRIAN,OTHER,CLOUDY,WET,DAYLIGHT,NO CONTROLS,N/A,UNKNOWN,4C1E2CC4-7AB1-4967-B161-D3084BBE5EF0,PEDESTRIAN,Cross/Enter not at Intersection,IN ROADWAY IMPROPERLY,ON ROADWAY NOT AT CROSSWALK,NO PED. SIGNAL,UNKNOWN,Yes,POSSIBLE INJURY,N/A,38.98367333,-77.09318,"(38.98367333, -77.09318)"
MCP1035000B,16021376,Montgomery County Police,Fatal Crash,04/30/2016 11:02:00 PM,County,E GUDE DR,Unknown,CALHOUN DR,,N/A,OTHER CONVEYANCE,SINGLE VEHICLE,RAINING,WET,DARK NO LIGHTS,FLASHING TRAFFIC SIGNAL,NONE DETECTED,ALCOHOL PRESENT,0183822A-1745-4CBC-836E-8BB89D283078,OTHER CONVEYANCE,Cross/Enter at Intersection,UNKNOWN,UNKNOWN,UNKNOWN,DARK CLOTHING,Unknown,FATAL INJURY,NONE,39.105695,-77.14482,"(39.105695, -77.14482)"
MCP2964001H,16021317,Montgomery County Police,Injury Crash,04/30/2016 04:08:00 PM,Maryland (State),FREDERICK RD,County,MIDDLEBROOK RD,,N/A,BICYCLIST,STRAIGHT MOVEMENT ANGLE,CLOUDY,DRY,DAYLIGHT,YIELD SIGN,NONE DETECTED,NONE DETECTED,C9C78F9A-B57D-4AA9-A18A-ADC1BD43341A,BICYCLIST,Cross/Enter at Intersection,INATTENTIVE,ON ROADWAY AT CROSSWALK,NO PED. SIGNAL,MIXED CLOTHING,Yes,SUSPECTED MINOR INJURY,NONE,39.18076775,-77.23862886,"(39.18076775, -77.23862886)"
MCP10480023,16021115,Montgomery County Police,Property Damage Crash,04/29/2016 12:30:00 PM,County,SHADY GROVE RD,County,TRAVILLE  GATEWAY DR,,N/A,PEDESTRIAN,SINGLE VEHICLE,CLEAR,DRY,DAYLIGHT,NO CONTROLS,NONE DETECTED,NONE DETECTED,898A0534-FE0D-43F3-AA6C-AD68DA886D14,PEDESTRIAN,Cross/Enter at Intersection,NO IMPROPER ACTIONS,ON ROADWAY AT CROSSWALK,NO PED. SIGNAL,LIGHT CLOTHING,No,NO APPARENT INJURY,NONE,39.09212429,-77.20683396,"(39.09212429, -77.20683396)"
EJ78350002,16021016,Gaithersburg Police Depar,Injury Crash,04/28/2016 10:02:00 PM,Municipality,N SUMMIT AVE,Municipality,BROOKS AVE,,GAITHERSBURG,PEDESTRIAN,SAME DIRECTION LEFT TURN,OTHER,WET,DARK LIGHTS ON,TRAFFIC SIGNAL,N/A,NONE DETECTED,2961D03A-E3F1-4E6D-9649-9836D3DF08C0,PEDESTRIAN,Cross/Enter at Intersection,DART DASH,ON ROADWAY AT CROSSWALK,OBEYED PED. SIGNAL,MIXED CLOTHING,No,SUSPECTED MINOR INJURY,N/A,39.14427667,-77.19286167,"(39.14427667, -77.19286167)"
DD55020029,16020780,Rockville Police Departme,Injury Crash,04/27/2016 05:44:00 PM,Municipality,PICCARD DR,Municipality,CURIE CT,,ROCKVILLE,PEDESTRIAN,OTHER,CLOUDY,DRY,DAYLIGHT,NO CONTROLS,NONE DETECTED,NONE DETECTED,9D99EAA8-F5CC-4BB1-9ED6-AF7D7ED95A7D,PEDESTRIAN,Cross/Enter at Intersection,INATTENTIVE,ON ROADWAY NOT AT CROSSWALK,NO PED. SIGNAL,DARK CLOTHING,Yes,POSSIBLE INJURY,NONE,39.10587333,-77.17983,"(39.10587333, -77.17983)"
MCP11480018,16020683,Montgomery County Police,Injury Crash,04/27/2016 08:30:00 AM,County,WOODMONT AVE,County,HAMPDEN LA,,N/A,PEDESTRIAN,SINGLE VEHICLE,RAINING,WET,DAYLIGHT,TRAFFIC SIGNAL,UNKNOWN,NONE DETECTED,98882C8F-A94B-40FC-A2E0-76CD6E692D43,PEDESTRIAN,Other Working,N/A,ON ROADWAY NOT AT CROSSWALK,N/A,MIXED CLOTHING,No,SUSPECTED MINOR INJURY,NONE,38.982795,-77.09604667,"(38.982795, -77.09604667)"
MCP2919001F,16020556,Montgomery County Police,Property Damage Crash,04/26/2016 12:49:00 PM,Maryland (State),GEORGIA AVE,County,CORWIN DR,,N/A,OTHER,OTHER,CLEAR,DRY,DAYLIGHT,NO CONTROLS,NONE DETECTED,NONE DETECTED,FEEBCBA3-8092-40B9-A768-FFA070C3C26B,OTHER,N/A,OTHER,INSIDE BUILDING,N/A,N/A,Yes,NO APPARENT INJURY,N/A,39.00801309,-77.03996971,"(39.00801309, -77.03996971)"
MCP2515000L,16020448,Montgomery County Police,Injury Crash,04/25/2016 07:50:00 PM,Maryland (State),RIDGE RD,Other Public Roadway,SUNSET DR,,N/A,PEDESTRIAN,SINGLE VEHICLE,CLEAR,DRY,DAYLIGHT,NO CONTROLS,UNKNOWN,NONE DETECTED,74E61F56-5B8C-467C-AECE-40F0F59EA1F1,PEDESTRIAN,Walking/Riding against Traffic,NO IMPROPER ACTIONS,IN BIKEWAY,N/A,DARK CLOTHING,No,SUSPECTED MINOR INJURY,NONE,39.27839,-77.21242667,"(39.27839, -77.21242667)"
DD5508001V,16020395,Rockville Police Departme,Injury Crash,04/25/2016 04:40:00 PM,,,,,PARKING LOT OF 1700 CHAPMAN AVE (TWINBROOK METRO),,PEDESTRIAN,N/A,CLEAR,,DAYLIGHT,NO CONTROLS,NONE DETECTED,NONE DETECTED,725290D0-BE9B-456A-9674-1B00184C231D,PEDESTRIAN,Other,NO IMPROPER ACTIONS,ON ROADWAY AT CROSSWALK,NO PED. SIGNAL,LIGHT CLOTHING,No,POSSIBLE INJURY,N/A,39.06263333,-77.11968167,"(39.06263333, -77.11968167)"
MCP2436001H,16020303,Montgomery County Police,Injury Crash,04/25/2016 09:29:00 AM,,,,,PARKING LOT OF 2131 INDUSTRIAL PARKWAY (WHITE OAK MVA),,PEDESTRIAN,OTHER,CLEAR,,DAYLIGHT,NO CONTROLS,NONE DETECTED,NONE DETECTED,D3B56208-FE51-458E-BA82-140DCD94037B,PEDESTRIAN,Standing,OTHER,OTHER,N/A,MIXED CLOTHING,Unknown,POSSIBLE INJURY,NONE,39.055835,-76.970855,"(39.055835, -76.970855)"
MCP9379000R,16020539,Montgomery County Police,Injury Crash,04/24/2016 11:54:00 AM,,,,,DRIVEWAY OF TRANSFER STATION 16101 FREDERICK RD,,PEDESTRIAN,OTHER,CLEAR,,DAYLIGHT,PERSON,N/A,N/A,D0FB99E4-1D81-4C98-97EA-F13DB1528863,PEDESTRIAN,Other Working,OTHER,OTHER,NO PED. SIGNAL,REFLECTIVE MATERIAL,No,POSSIBLE INJURY,NONE,39.12094833,-77.17141,"(39.12094833, -77.17141)"
MCP20080026,16020098,Montgomery County Police,Injury Crash,04/23/2016 11:15:00 PM,Maryland (State),CONNECTICUT AVE,County,JONES BRIDGE RD,,N/A,PEDESTRIAN,SAME DIR REAR END,N/A,DRY,DARK LIGHTS ON,N/A,"ALCOHOL PRESENT, UNKNOWN",UNKNOWN,F6735FAD-037C-4EBB-ADAE-AEA27463328A,PEDESTRIAN,Unknown,UNKNOWN,ON ROADWAY NOT AT CROSSWALK,N/A,DARK CLOTHING,Unknown,SUSPECTED SERIOUS INJURY,NONE,38.99861667,-77.077115,"(38.99861667, -77.077115)"
MCP28790010,16019873,Montgomery County Police,Injury Crash,04/22/2016 07:05:00 PM,County,REDLAND RD,County,CRABBS BRANCH WAY,,N/A,PEDESTRIAN,N/A,CLEAR,DRY,DAYLIGHT,TRAFFIC SIGNAL,NONE DETECTED,NONE DETECTED,F44FA641-0B63-4F9D-A433-E6BFAC290A08,PEDESTRIAN,Cross/Enter at Intersection,NO IMPROPER ACTIONS,AT INTERSECTION MARKED CROSSWALK,OBEYED PED. SIGNAL,MIXED CLOTHING,No,SUSPECTED MINOR INJURY,NONE,39.12080667,-77.15868,"(39.12080667, -77.15868)"
MCP2874001B,16019861,Montgomery County Police,Injury Crash,04/22/2016 04:47:00 PM,Maryland (State),GEORGIA AVE,County,RANDOLPH RD,,N/A,PEDESTRIAN,OTHER,N/A,DRY,DAYLIGHT,TRAFFIC SIGNAL,NONE DETECTED,NONE DETECTED,36396FBE-A778-4904-8D7A-D5728E5CC236,PEDESTRIAN,Cross/Enter at Intersection,DART DASH,ON ROADWAY NOT AT CROSSWALK,DISOBEYED PED. SIGNAL,LIGHT CLOTHING,Yes,SUSPECTED MINOR INJURY,N/A,39.05656333,-77.05006667,"(39.05656333, -77.05006667)"
MCP2231001Y,16019835,Montgomery County Police,Injury Crash,04/22/2016 02:57:00 PM,County,AUGUSTA LA,County,MARLYN DR,,N/A,PEDESTRIAN,SINGLE VEHICLE,CLOUDY,DRY,DAYLIGHT,NO CONTROLS,NONE DETECTED,NONE DETECTED,52FF3653-ED82-464E-AC66-6685DD1AECB1,PEDESTRIAN,Standing,NO IMPROPER ACTIONS,SHOULDER,NO PED. SIGNAL,LIGHT CLOTHING,No,POSSIBLE INJURY,NONE,38.96081869,-77.11842299,"(38.96081869, -77.11842299)"
DM8336000R,16019660,Takoma Park Police Depart,Injury Crash,04/21/2016 04:55:00 PM,Municipality,HOLTON LA,Municipality,JACKSON AVE,,TAKOMA PARK,PEDESTRIAN,OTHER,CLEAR,DRY,DAYLIGHT,N/A,NONE DETECTED,NONE DETECTED,4C64B792-A274-4F2E-870F-3BF817485E18,PEDESTRIAN,Standing,INATTENTIVE,N/A,N/A,UNKNOWN,Unknown,SUSPECTED MINOR INJURY,N/A,38.98579377,-76.99170068,"(38.98579377, -76.99170068)"
MCP2977001F,16019630,Montgomery County Police,Injury Crash,04/21/2016 02:06:00 PM,,,,,PARKING LOT OF CENTRAL SQUARE SHOPPING CENTER 8555 PINEY BRANCH RD,,PEDESTRIAN,SINGLE VEHICLE,CLEAR,,DAYLIGHT,NO CONTROLS,N/A,N/A,414196DE-D091-4D9A-ABF8-FC2755E7C782,PEDESTRIAN,Other,NO IMPROPER ACTIONS,OTHER,NO PED. SIGNAL,DARK CLOTHING,No,POSSIBLE INJURY,N/A,38.99818942,-77.00109109,"(38.99818942, -77.00109109)"
DD56190005,16019567,Rockville Police Departme,Injury Crash,04/21/2016 07:51:00 AM,Municipality,MARTINS LA,Municipality,N WASHINGTON ST,,ROCKVILLE,BICYCLIST,SINGLE VEHICLE,CLEAR,DRY,DAYLIGHT,TRAFFIC SIGNAL,NONE DETECTED,NONE DETECTED,ADAE4B91-826C-49E4-B037-81E3C6BC6F88,BICYCLIST,Cross/Enter at Intersection,NO IMPROPER ACTIONS,AT INTERSECTION MARKED CROSSWALK,OBEYED PED. SIGNAL,LIGHT CLOTHING,No,POSSIBLE INJURY,NONE,39.09064,-77.15372833,"(39.09064, -77.15372833)"
MCP2531000H,16019244,Montgomery County Police,Property Damage Crash,04/19/2016 05:40:00 PM,County,MEDICAL CENTER DR,Maryland (State),KEY WEST AVE,,N/A,BICYCLIST,STRAIGHT MOVEMENT ANGLE,CLEAR,DRY,DAYLIGHT,TRAFFIC SIGNAL,N/A,N/A,8A8CE7D5-A5EB-495E-B6E0-3C22F2810EA9,BICYCLIST,Cross/Enter at Intersection,FAILURE TO OBEY TRAFFIC SIGNS SIGNALS OR OFFICER,AT INTERSECTION MARKED CROSSWALK,DISOBEYED PED. SIGNAL,LIGHT CLOTHING,Yes,NO APPARENT INJURY,NONE,39.10509333,-77.19660167,"(39.10509333, -77.19660167)"
MCP20080023,16019246,Montgomery County Police,Injury Crash,04/19/2016 05:38:00 PM,Maryland (State),OLD GEORGETOWN RD,Ramp,RAMP 2 FR IS 270 WB TO MD 187 NB,,N/A,BICYCLIST,STRAIGHT MOVEMENT ANGLE,CLEAR,DRY,DAYLIGHT,YIELD SIGN,NONE DETECTED,NONE DETECTED,1DAE1FA4-230D-48D5-BCB7-C0994A7651D1,BICYCLIST,Cross/Enter at Intersection,DART DASH,AT INTERSECTION MARKED CROSSWALK,NO PED. SIGNAL,LIGHT CLOTHING,Yes,POSSIBLE INJURY,MC/BIKE HELMET,39.03156667,-77.1259,"(39.03156667, -77.1259)"
MCP3010000V,16018936,Montgomery County Police,Property Damage Crash,04/18/2016 08:27:00 AM,County,MARINELLI RD,Unknown,CITADEL AVE,,N/A,OTHER,SAME DIRECTION SIDESWIPE,CLEAR,DRY,DAYLIGHT,NO CONTROLS,NONE DETECTED,N/A,2A4630D2-CC5B-4ABC-B555-14EE6FE22B48,OTHER,N/A,N/A,N/A,N/A,N/A,No,NO APPARENT INJURY,N/A,39.04766167,-77.10837833,"(39.04766167, -77.10837833)"
MCP2785001C,16018657,Montgomery County Police,Injury Crash,04/16/2016 12:18:00 PM,,,,,"PARKING LOT OF MCDONALD'S LOCATED AT 13800 OUTLET DR, SILVER SPRING MD 20904",,PEDESTRIAN,OTHER,CLEAR,,DAYLIGHT,N/A,N/A,N/A,4C672B2E-8711-4A9B-A93D-36889B6DB91D,PEDESTRIAN,Other,INATTENTIVE,OTHER,N/A,MIXED CLOTHING,Unknown,POSSIBLE INJURY,NONE,39.045425,-76.99073667,"(39.045425, -76.99073667)"
MCP3005000S,16018653,Montgomery County Police,Injury Crash,04/16/2016 11:54:00 AM,County,CHESTER MILL RD,County,NARROWS TERR,,N/A,BICYCLIST,HEAD ON LEFT TURN,N/A,DRY,DAYLIGHT,NO CONTROLS,NONE DETECTED,NONE DETECTED,B1F190BA-91AD-4E08-A6FB-5F79FC7F15BD,BICYCLIST,Cross/Enter at Intersection,FAILURE TO YIELD RIGHT OF WAY,ON ROADWAY NOT AT CROSSWALK,NO PED. SIGNAL,MIXED CLOTHING,Yes,POSSIBLE INJURY,NONE,39.11881833,-77.04032167,"(39.11881833, -77.04032167)"
MCP2970001M,16018649,Montgomery County Police,Property Damage Crash,04/16/2016 11:23:00 AM,County,ARCOLA AVE,County,KEMP MILL RD,,N/A,BICYCLIST,SAME DIR REND LEFT TURN,CLEAR,DRY,DAYLIGHT,TRAFFIC SIGNAL,N/A,N/A,2B08AF23-2EFD-4927-8386-F47444F04330,BICYCLIST,Walking/Riding w/Traffic,FAILURE TO YIELD RIGHT OF WAY,IN BIKEWAY,N/A,MIXED CLOTHING,Yes,NO APPARENT INJURY,NONE,39.04602,-77.03212667,"(39.04602, -77.03212667)"
HA23680008,16000440,Maryland-National Capital,Injury Crash,04/16/2016 11:00:00 AM,Government,LITTLE FALLS PKWY,Government,HILLANDALE RD,,N/A,BICYCLIST,STRAIGHT MOVEMENT ANGLE,CLEAR,DRY,DAYLIGHT,OTHER,NONE DETECTED,NONE DETECTED,371634CF-EE91-44E7-9241-8DE7758A79A3,BICYCLIST,Other,NO IMPROPER ACTIONS,ON ROADWAY AT CROSSWALK,N/A,MIXED CLOTHING,No,POSSIBLE INJURY,NONE,38.9733897,-77.10132122,"(38.9733897, -77.10132122)"
MCP14530031,16018392,Montgomery County Police,Injury Crash,04/15/2016 07:22:00 AM,,DAMASCUS MANOR LN,,VALLEY PARK DR,,N/A,PEDESTRIAN,SINGLE VEHICLE,CLEAR,DRY,DAYLIGHT,NO CONTROLS,NONE DETECTED,NONE DETECTED,D163006A-8441-4A9D-BC3A-E57480721E0B,PEDESTRIAN,Cross/Enter at Intersection,NO IMPROPER ACTIONS,ON ROADWAY AT CROSSWALK,NO PED. SIGNAL,MIXED CLOTHING,No,POSSIBLE INJURY,NONE,39.27377328,-77.21392035,"(39.27377328, -77.21392035)"
MCP2039001J,16018390,Montgomery County Police,Property Damage Crash,04/15/2016 06:12:00 AM,Maryland (State),CONNECTICUT AVE,County,KAYSON ST,,N/A,OTHER,STRAIGHT MOVEMENT ANGLE,CLEAR,DRY,DARK NO LIGHTS,STOP SIGN,N/A,N/A,3693B532-251E-4BEF-856F-C68D3FF4C778,OTHER,N/A,N/A,INSIDE BUILDING,N/A,N/A,No,NO APPARENT INJURY,N/A,39.06792499,-77.07523137,"(39.06792499, -77.07523137)"
MCP0036003X,16018262,Montgomery County Police,Injury Crash,04/14/2016 01:44:00 PM,,,,,ON OBSERVATION DR AT 20200 OBSERVATION DR ON THE CAMPUS OF MONTGOMERY COLLEGE,,BICYCLIST,STRAIGHT MOVEMENT ANGLE,CLEAR,,DAYLIGHT,YIELD SIGN,NONE DETECTED,NONE DETECTED,33CDB54A-1A1B-4B4C-9B91-C157573536C2,BICYCLIST,Cross/Enter at Intersection,NO IMPROPER ACTIONS,ON ROADWAY AT CROSSWALK,NO PED. SIGNAL,MIXED CLOTHING,No,SUSPECTED SERIOUS INJURY,NONE,39.18691667,-77.24864667,"(39.18691667, -77.24864667)"
MCP2908001L,16018081,Montgomery County Police,Injury Crash,04/13/2016 02:42:00 PM,,,,,"2 UNIVERSITY BLVD W SILVER SPRING, MD 20901

7-11 PARKING LOT",,PEDESTRIAN,SINGLE VEHICLE,CLEAR,,DAYLIGHT,NO CONTROLS,N/A,NONE DETECTED,A96B15FE-9B64-4A8E-9A1B-03ACD13254A9,PEDESTRIAN,Cross/Enter at Intersection,NO IMPROPER ACTIONS,SIDEWALK,NO PED. SIGNAL,MIXED CLOTHING,No,POSSIBLE INJURY,NONE,39.02034,-77.01328667,"(39.02034, -77.01328667)"