Report Number,Local Case Number,Agency Name,ACRS Report Type,Crash Date/Time,Route Type,Road Name,Cross-Street Type,Cross-Street Name,Off-Road Description,Municipality,Related Non-Motorist,Collision Type,Weather,Surface Condition,Light,Traffic Control,Driver Substance Abuse,Non-Motorist Substance Abuse,Person ID,Pedestrian Type,Pedestrian Movement,Pedestrian Actions,Pedestrian Location,Pedestrian Obeyed Traffic Signal,Pedestrian Visibility,At Fault,Injury Severity,Safety Equipment,Latitude,Longitude,Location
MCP0619000T,16012744,MONTGOMERY,Injury Crash,03/15/2016 11:56:00 AM,Municipality,JEFFERSON PLAZA,Municipality,PARK AVE,,ROCKVILLE,PEDESTRIAN,OTHER,CLOUDY,DRY,DAYLIGHT,OTHER,N/A,N/A,F27E8171-409F-4DE4-86BE-08171A7005AC,PEDESTRIAN,Other,OTHER,ON ROADWAY NOT AT CROSSWALK,N/A,LIGHT CLOTHING,No,SUSPECTED MINOR INJURY,N/A,39.08102248,-77.14677796,"(39.08102248, -77.14677796)"
MCP28910022,16012593,MONTGOMERY,Injury Crash,03/14/2016 01:24:00 PM,,,,,"PARKING LOT OF 1939 SEMINARY RD, SILVER SPRING, MD 20910",,PEDESTRIAN,SINGLE VEHICLE,CLEAR,,DAYLIGHT,N/A,NONE DETECTED,NONE DETECTED,06A91E98-553E-4571-92EF-B15540BC355C,PEDESTRIAN,Getting off/on Vehicle,NO IMPROPER ACTIONS,OTHER,N/A,MIXED CLOTHING,No,POSSIBLE INJURY,N/A,39.00904269,-77.04148382,"(39.00904269, -77.04148382)"
MCP27910022,16012504,MONTGOMERY,Injury Crash,03/13/2016 08:55:00 PM,,,,,PARKING LOT AT 13820 OLD COLUMBIA PIKE,,PEDESTRIAN,SINGLE VEHICLE,RAINING,,DARK LIGHTS ON,NO CONTROLS,NONE DETECTED,ALCOHOL PRESENT,19E161CF-5C1E-45B5-B69A-DFB59B9AD61D,PEDESTRIAN,Other,INATTENTIVE,OTHER,NO PED. SIGNAL,DARK CLOTHING,Yes,POSSIBLE INJURY,NONE,39.083745,-76.95171167,"(39.083745, -76.95171167)"
MCP2940000F,16012303,MONTGOMERY,Injury Crash,03/12/2016 01:13:00 PM,Maryland (State),OLD GEORGETOWN RD,County,TUCKERMAN LA,,N/A,PEDESTRIAN,SAME DIR REAR END,CLEAR,DRY,DAYLIGHT,TRAFFIC SIGNAL,NONE DETECTED,NONE DETECTED,E87FC4DC-2AF6-4FA8-9316-1444ACC6B107,PEDESTRIAN,Cross/Enter at Intersection,NO IMPROPER ACTIONS,ON ROADWAY AT CROSSWALK,OBEYED PED. SIGNAL,MIXED CLOTHING,No,POSSIBLE INJURY,NONE,39.03463935,-77.12504804,"(39.03463935, -77.12504804)"
MCP2991000N,16012108,MONTGOMERY,Injury Crash,03/11/2016 11:30:00 AM,Maryland (State),UNIVERSITY BLVD W,County,GRANDVIEW AVE,,N/A,PEDESTRIAN,SINGLE VEHICLE,N/A,N/A,DAYLIGHT,TRAFFIC SIGNAL,NONE DETECTED,NONE DETECTED,666A22C5-51DD-4126-B30B-73251BD3832F,PEDESTRIAN,Cross/Enter at Intersection,NO IMPROPER ACTIONS,ON ROADWAY AT CROSSWALK,OBEYED PED. SIGNAL,N/A,No,SUSPECTED MINOR INJURY,N/A,39.04119253,-77.05307499,"(39.04119253, -77.05307499)"
MCP2385000P,16012022,MONTGOMERY,Injury Crash,03/10/2016 11:03:00 PM,Other Public Roadway,ARORA HILLS DR,County,NEWCUT RD,,N/A,OTHER CONVEYANCE,SINGLE VEHICLE,CLEAR,DRY,DARK LIGHTS ON,NO CONTROLS,ALCOHOL CONTRIBUTED,NONE DETECTED,9326F160-AFE5-44E3-B944-F53A648C8C4B,OTHER CONVEYANCE,Cross/Enter at Intersection,NO IMPROPER ACTIONS,AT INTERSECTION BUT NO CROSSWALK,NO PED. SIGNAL,LIGHT CLOTHING,No,POSSIBLE INJURY,NONE,39.23046833,-77.248095,"(39.23046833, -77.248095)"
MCP2969001P,16011970,MONTGOMERY,Injury Crash,03/10/2016 06:46:00 PM,,,,,"4701 SANGAMORE RD, CVS PARKING LOT",,PEDESTRIAN,OTHER,CLEAR,,DARK LIGHTS ON,NO CONTROLS,NONE DETECTED,NONE DETECTED,259D9CC1-9FF8-4388-AD58-5AAD6821F29D,PEDESTRIAN,Cross/Enter at Intersection,NO IMPROPER ACTIONS,OTHER,NO PED. SIGNAL,LIGHT CLOTHING,No,SUSPECTED MINOR INJURY,NONE,38.94955543,-77.11827278,"(38.94955543, -77.11827278)"
MCP2191000V,16011909,MONTGOMERY,Injury Crash,03/10/2016 02:22:00 PM,,,,,ON THE SIDEWALK OF 11620 ROCKVILLE PIKE,,BICYCLIST,STRAIGHT MOVEMENT ANGLE,CLEAR,,DAYLIGHT,NO CONTROLS,NONE DETECTED,NONE DETECTED,DFDAF24C-DDD9-4A24-AA1D-E290A10EA3DF,BICYCLIST,Walking/Cycling on Sidewalk,NO IMPROPER ACTIONS,SIDEWALK,N/A,DARK CLOTHING,No,SUSPECTED SERIOUS INJURY,NONE,39.04840167,-77.11371333,"(39.04840167, -77.11371333)"
MCP2690001B,16011767,MONTGOMERY,Injury Crash,03/09/2016 07:11:00 PM,County,SHADY GROVE RD,County,EPSILON DR,,N/A,PEDESTRIAN,SINGLE VEHICLE,CLEAR,DRY,DARK LIGHTS ON,TRAFFIC SIGNAL,NONE DETECTED,NONE DETECTED,7FA0C343-FB82-471E-B117-BAED52162760,PEDESTRIAN,Cross/Enter at Intersection,NO IMPROPER ACTIONS,ON ROADWAY AT CROSSWALK,OBEYED PED. SIGNAL,DARK CLOTHING,No,SUSPECTED MINOR INJURY,NONE,39.13842,-77.15335833,"(39.13842, -77.15335833)"
MCP25090012,16011683,MONTGOMERY,Injury Crash,03/09/2016 11:00:00 AM,Maryland (State),PINEY BRANCH RD,Government,SLIGO CREEK PKWY,,N/A,BICYCLIST,HEAD ON LEFT TURN,CLEAR,DRY,DAYLIGHT,TRAFFIC SIGNAL,NONE DETECTED,NONE DETECTED,2355E384-C64D-4C33-B8A2-07FD96D10ABE,BICYCLIST,Cross/Enter at Intersection,NO IMPROPER ACTIONS,ON ROADWAY AT CROSSWALK,OBEYED PED. SIGNAL,LIGHT CLOTHING,No,SUSPECTED SERIOUS INJURY,MC/BIKE HELMET,38.99536167,-77.00674833,"(38.99536167, -77.00674833)"
EJ7853001Q,16011574,Gaithersburg Police Depar,Injury Crash,03/08/2016 07:15:00 PM,County,MUDDY BRANCH RD,Municipality,WEST SIDE DR,,GAITHERSBURG,PEDESTRIAN,SAME DIRECTION SIDESWIPE,CLEAR,DRY,DARK LIGHTS ON,TRAFFIC SIGNAL,NONE DETECTED,ALCOHOL PRESENT,F40DABE2-02CC-4019-80C9-D191EDC31A4D,PEDESTRIAN,Other,OTHER,CURB,OTHER,DARK CLOTHING,Yes,POSSIBLE INJURY,N/A,39.126825,-77.21024667,"(39.126825, -77.21024667)"
MCP91130017,16011299,MONTGOMERY,Injury Crash,03/07/2016 01:24:00 PM,County,RANDOLPH RD,County,SELFRIDGE RD,,N/A,PEDESTRIAN,OTHER,CLEAR,DRY,DAYLIGHT,TRAFFIC SIGNAL,NONE DETECTED,UNKNOWN,BDFA5AC1-C20D-437A-890E-23B1D95570B6,PEDESTRIAN,Cross/Enter at Intersection,OTHER,ON ROADWAY AT CROSSWALK,DISOBEYED PED. SIGNAL,UNKNOWN,Yes,SUSPECTED MINOR INJURY,N/A,39.05523167,-77.08356667,"(39.05523167, -77.08356667)"
MCP2982000S,16010869,MONTGOMERY,Injury Crash,03/04/2016 06:28:00 PM,County,FENTON ST,County,WAYNE AVE,,N/A,PEDESTRIAN,SINGLE VEHICLE,CLEAR,DRY,DARK LIGHTS ON,NO CONTROLS,NONE DETECTED,NONE DETECTED,324EAB86-20DF-46F1-B04C-2E9046D98DD8,PEDESTRIAN,Cross/Enter at Intersection,NO IMPROPER ACTIONS,ON ROADWAY AT CROSSWALK,NO PED. SIGNAL,LIGHT CLOTHING,No,SUSPECTED MINOR INJURY,N/A,38.99610696,-77.02476025,"(38.99610696, -77.02476025)"
MCP2134000L,16010777,MONTGOMERY,Fatal Crash,03/04/2016 07:55:00 AM,County,E RANDOLPH RD,County,WITHAN DR,,N/A,PEDESTRIAN,OTHER,N/A,WET,DAYLIGHT,NO CONTROLS,NONE DETECTED,UNKNOWN,4B7B9650-F435-4269-B4B9-090FFE01F17B,PEDESTRIAN,Cross/Enter at Intersection,UNKNOWN,AT INTERSECTION MARKED CROSSWALK,NO PED. SIGNAL,LIGHT CLOTHING,Unknown,FATAL INJURY,N/A,39.06569359,-76.9736588,"(39.06569359, -76.9736588)"
MCP2846001M,16010641,MONTGOMERY,Injury Crash,03/03/2016 02:49:00 PM,,,,,LOWER LEVEL PARKING LOT MACYS,,PEDESTRIAN,HEAD ON LEFT TURN,CLEAR,,DAYLIGHT,OTHER,NONE DETECTED,NONE DETECTED,2DD75FE3-4C78-4E71-8320-11B5BEDD234C,PEDESTRIAN,Cross/Enter at Intersection,NO IMPROPER ACTIONS,ON ROADWAY AT CROSSWALK,NO PED. SIGNAL,LIGHT CLOTHING,No,POSSIBLE INJURY,N/A,39.03802,-77.05494667,"(39.03802, -77.05494667)"
MCP22780016,16010630,MONTGOMERY,Injury Crash,03/03/2016 05:00:00 AM,County,CALVERTON BLVD,County,GALWAY DR,,N/A,PEDESTRIAN,OTHER,N/A,DRY,DUSK,TRAFFIC SIGNAL,UNKNOWN,NONE DETECTED,E0FA2CE4-A975-412B-8765-63DF2B274676,PEDESTRIAN,Walking/Riding w/Traffic,NO IMPROPER ACTIONS,SHOULDER,NO PED. SIGNAL,MIXED CLOTHING,No,SUSPECTED MINOR INJURY,N/A,39.05621431,-76.94444284,"(39.05621431, -76.94444284)"
EJ7847001P,16010514,Gaithersburg Police Depar,Injury Crash,03/02/2016 06:40:00 PM,,,,,"PARKING LOT OF HOLBROOK SHOPPING CENTER AT 425 S. FREDERICK AVE, GAITHERSBURG, MD 20877",,PEDESTRIAN,OTHER,N/A,,DARK LIGHTS ON,TRAFFIC SIGNAL,NONE DETECTED,NONE DETECTED,0111A63C-3EBC-4D10-96B6-2AA24EEE8784,PEDESTRIAN,Cross/Enter at Intersection,UNKNOWN,ON ROADWAY AT CROSSWALK,NO PED. SIGNAL,DARK CLOTHING,Unknown,POSSIBLE INJURY,NONE,39.13566,-77.191865,"(39.13566, -77.191865)"
MCP2848002L,16010452,MONTGOMERY,Injury Crash,03/02/2016 02:02:00 PM,,,,,"PARKING LOT OF 8617 CHATEAU DRIVE POTOMAC, MARYLAND 20854",,PEDESTRIAN,OTHER,CLEAR,,DAYLIGHT,NO CONTROLS,,NONE DETECTED,C8D33519-D867-436E-AF2D-0E539B5FFF38,PEDESTRIAN,Standing,N/A,OTHER,NO PED. SIGNAL,N/A,No,SUSPECTED MINOR INJURY,N/A,39.01001333,-77.17794167,"(39.01001333, -77.17794167)"
MCP2964001B,16010290,Montgomery County Police,Injury Crash,03/01/2016 04:47:00 PM,,,,,PARKING LOT AT 19515 FREDERICK RD 20876,,BICYCLIST,STRAIGHT MOVEMENT ANGLE,CLEAR,,DAYLIGHT,STOP SIGN,NONE DETECTED,NONE DETECTED,E1BD3013-7228-42E9-A571-C0022985672B,BICYCLIST,Other,FAILURE TO OBEY TRAFFIC SIGNS SIGNALS OR OFFICER,OUTSIDE RIGHT OF WAY,N/A,MIXED CLOTHING,Yes,POSSIBLE INJURY,NONE,39.17857631,-77.23516345,"(39.17857631, -77.23516345)"
MCP9390000L,16010150,Montgomery County Police,Injury Crash,02/29/2016 06:53:00 PM,Maryland (State),CLOPPER RD,Municipality,METROPOLITAN GROVE RD,,GAITHERSBURG,PEDESTRIAN,OTHER,CLEAR,DRY,DARK LIGHTS ON,TRAFFIC SIGNAL,N/A,N/A,3BB2A7F7-F150-4FCA-B19A-2253460EDB75,PEDESTRIAN,Cross/Enter at Intersection,FAILURE TO OBEY TRAFFIC SIGNS SIGNALS OR OFFICER,AT INTERSECTION MARKED CROSSWALK,DISOBEYED PED. SIGNAL,DARK CLOTHING,Yes,SUSPECTED MINOR INJURY,N/A,39.14603767,-77.22830772,"(39.14603767, -77.22830772)"
EJ7848000N,16009979,Gaithersburg Police Depar,Injury Crash,02/28/2016 09:00:00 PM,Municipality,OLDE TOWNE AVE,Unknown,ENT TO PARKING,,N/A,PEDESTRIAN,OTHER,CLEAR,DRY,DARK LIGHTS ON,NO CONTROLS,UNKNOWN,ALCOHOL PRESENT,9B495FB7-D12E-4B88-B43A-20B684719456,PEDESTRIAN,Cross/Enter not at Intersection,UNKNOWN,OTHER,NO PED. SIGNAL,UNKNOWN,Unknown,SUSPECTED MINOR INJURY,N/A,39.13994833,-77.19564667,"(39.13994833, -77.19564667)"
MCP11820015,16009922,Montgomery County Police,Injury Crash,02/28/2016 12:38:00 PM,County,LOCUST AVE,County,ACACIA AVE,,N/A,PEDESTRIAN,HEAD ON,CLEAR,DRY,DAYLIGHT,NO CONTROLS,N/A,N/A,998BE3AB-DCFF-4807-9179-69605BE27C3C,PEDESTRIAN,Standing,NO IMPROPER ACTIONS,ON ROADWAY NOT AT CROSSWALK,NO PED. SIGNAL,LIGHT CLOTHING,No,SUSPECTED SERIOUS INJURY,N/A,39.00652833,-77.10624667,"(39.00652833, -77.10624667)"
DD56190001,16009838,Rockville Police Departme,Injury Crash,02/27/2016 09:47:00 PM,Municipality,W EDMONSTON DR,Municipality,WOOTTON PKWY,,ROCKVILLE,PEDESTRIAN,OTHER,CLEAR,DRY,DARK LIGHTS ON,OTHER,NONE DETECTED,NONE DETECTED,289A8B8D-32F9-473A-82BD-DC957CE35E12,PEDESTRIAN,Cross/Enter at Intersection,NO IMPROPER ACTIONS,ON ROADWAY AT CROSSWALK,NO PED. SIGNAL,DARK CLOTHING,No,POSSIBLE INJURY,NONE,39.07354333,-77.13685667,"(39.07354333, -77.13685667)"
MCP2991000M,16009802,Montgomery County Police,Injury Crash,02/27/2016 02:38:00 PM,Maryland (State),GEORGIA AVE,Maryland (State),CONNECTICUT AVE,,N/A,PEDESTRIAN,SINGLE VEHICLE,CLEAR,DRY,DAYLIGHT,NO CONTROLS,NONE DETECTED,UNKNOWN,C52B7295-F525-48BF-B928-353E6F71F655,PEDESTRIAN,Cross/Enter not at Intersection,N/A,OTHER,NO PED. SIGNAL,MIXED CLOTHING,Unknown,SUSPECTED MINOR INJURY,NONE,39.08438183,-77.07791626,"(39.08438183, -77.07791626)"
MCP1220003G,16009604,Montgomery County Police,Injury Crash,02/26/2016 01:27:00 PM,County,MOUNTAIN QUAIL RD,County,EASTWOOD AVE,,N/A,PEDESTRIAN,SINGLE VEHICLE,CLEAR,DRY,DAYLIGHT,N/A,NONE DETECTED,NONE DETECTED,3547BEA4-7559-472D-BEFF-185281B85F3B,PEDESTRIAN,Cross/Enter not at Intersection,FAILURE TO YIELD RIGHT OF WAY,OUTSIDE RIGHT OF WAY,N/A,MIXED CLOTHING,Yes,POSSIBLE INJURY,NONE,39.02651333,-77.01141833,"(39.02651333, -77.01141833)"
DD56050026,16009465,Rockville Police Departme,Injury Crash,02/25/2016 06:26:00 PM,Maryland (State),HUNGERFORD DR,Municipality,N WASHINGTON ST,,ROCKVILLE,PEDESTRIAN,OTHER,CLEAR,DRY,DARK LIGHTS ON,NO CONTROLS,NONE DETECTED,NONE DETECTED,D734021A-D952-46C1-9756-00335B9B2515,PEDESTRIAN,Cross/Enter at Intersection,NO IMPROPER ACTIONS,SIDEWALK,NO PED. SIGNAL,DARK CLOTHING,No,SUSPECTED MINOR INJURY,NONE,39.08986,-77.15252333,"(39.08986, -77.15252333)"
MCP11480015,16009387,Montgomery County Police,Injury Crash,02/25/2016 10:11:00 AM,County,EDGEMOOR LA,Maryland (State),OLD GEORGETOWN RD,,N/A,PEDESTRIAN,SINGLE VEHICLE,CLOUDY,DRY,DAYLIGHT,STOP SIGN,NONE DETECTED,NONE DETECTED,1A36AB37-3CAA-4488-B449-C327CACB3CEC,PEDESTRIAN,Cross/Enter at Intersection,NO IMPROPER ACTIONS,ON ROADWAY AT CROSSWALK,NO PED. SIGNAL,LIGHT CLOTHING,No,SUSPECTED SERIOUS INJURY,NONE,38.98464333,-77.09586667,"(38.98464333, -77.09586667)"
MCP27590012,16009327,MONTGOMERY,Injury Crash,02/24/2016 09:25:00 PM,,,,,"PARKING LOT OF 1290 EAST WEST HWY, SILVER SPRING MD 20910",,PEDESTRIAN,OTHER,RAINING,,DARK LIGHTS ON,N/A,N/A,N/A,4FE341A2-9143-4931-8214-201BEFE0C29C,PEDESTRIAN,Other,UNKNOWN,ON ROADWAY AT CROSSWALK,NO PED. SIGNAL,MIXED CLOTHING,No,POSSIBLE INJURY,N/A,38.99217115,-77.03228116,"(38.99217115, -77.03228116)"
MCP1575003M,16009252,Montgomery County Police,Injury Crash,02/24/2016 02:59:00 PM,,,,,PARKING LOT 1580 ROCKVILLE PIKE,,PEDESTRIAN,SINGLE VEHICLE,RAINING,,DAYLIGHT,NO CONTROLS,NONE DETECTED,NONE DETECTED,18974F40-4452-4387-BAB3-1B93ADA01229,PEDESTRIAN,Other,OTHER,OTHER,NO PED. SIGNAL,DARK CLOTHING,No,POSSIBLE INJURY,NONE,39.06457167,-77.12540667,"(39.06457167, -77.12540667)"
MCP20940060,16009210,Montgomery County Police,Injury Crash,02/24/2016 09:37:00 AM,,,,,"PARKING LOT OF

8215 OLD GEORGETOWN RD.",,PEDESTRIAN,OTHER,FOGGY,,DAYLIGHT,N/A,NONE DETECTED,NONE DETECTED,38ADE0AC-1BA3-4FDD-8749-0B1842924319,PEDESTRIAN,Walking to/from school,NO IMPROPER ACTIONS,OTHER,N/A,DARK CLOTHING,No,SUSPECTED MINOR INJURY,N/A,38.99301333,-77.10723,"(38.99301333, -77.10723)"
MCP2774001M,16009155,MONTGOMERY,Injury Crash,02/23/2016 09:55:00 PM,,,,,PARKING AREA TO THE REAR OF MAIN SERVICE BUILDING AT 11920 BOURNEFIELD WAY,,PEDESTRIAN,OTHER,N/A,,DARK LIGHTS ON,N/A,N/A,N/A,AEF9A97C-DFE7-4332-A000-521161CA508F,PEDESTRIAN,Other Working,NO IMPROPER ACTIONS,OTHER,NO PED. SIGNAL,MIXED CLOTHING,No,SUSPECTED MINOR INJURY,NONE,39.05366167,-76.96243833,"(39.05366167, -76.96243833)"
MCP2805001V,16009121,Montgomery County Police,Injury Crash,02/23/2016 06:49:00 PM,,,,,"7106 MUNCASTER MILL RD, GAITHERSBURG, MD (MCDONALDS PARKING LOT)",,PEDESTRIAN,SINGLE VEHICLE,RAINING,,DARK LIGHTS ON,NO CONTROLS,NONE DETECTED,NONE DETECTED,82FC0EB1-A088-4EA9-BA69-8E843D25D045,PEDESTRIAN,Other,NO IMPROPER ACTIONS,ON ROADWAY AT CROSSWALK,NO PED. SIGNAL,DARK CLOTHING,No,POSSIBLE INJURY,N/A,39.14579,-77.14477667,"(39.14579, -77.14477667)"
MCP10220046,16009028,Montgomery County Police,Injury Crash,02/23/2016 10:09:00 AM,Maryland (State),GERMANTOWN RD,County,CRYSTAL ROCK DR,,N/A,PEDESTRIAN,SINGLE VEHICLE,RAINING,WET,DAYLIGHT,TRAFFIC SIGNAL,NONE DETECTED,NONE DETECTED,086B24E4-8070-4559-8201-79C806FCCC22,PEDESTRIAN,Cross/Enter at Intersection,IN ROADWAY IMPROPERLY,AT INTERSECTION BUT NO CROSSWALK,NO PED. SIGNAL,MIXED CLOTHING,Yes,SUSPECTED SERIOUS INJURY,NONE,39.18114333,-77.26191833,"(39.18114333, -77.26191833)"
MCP2046004Y,16009023,Montgomery County Police,Injury Crash,02/23/2016 09:24:00 AM,County,SLIGO AVE,County,FENTON ST,,N/A,PEDESTRIAN,ANGLE MEETS LEFT TURN,RAINING,WET,DAYLIGHT,TRAFFIC SIGNAL,NONE DETECTED,NONE DETECTED,A6921DDD-D69B-4D67-B614-913F0F222184,PEDESTRIAN,Cross/Enter at Intersection,NO IMPROPER ACTIONS,ON ROADWAY AT CROSSWALK,N/A,LIGHT CLOTHING,No,SUSPECTED MINOR INJURY,NONE,38.99017815,-77.02395558,"(38.99017815, -77.02395558)"
MCP2830001X,16008844,Montgomery County Police,Injury Crash,02/22/2016 11:18:00 AM,,,,,18101 PRINCE PHILLIP DR OLNEY MD 20832                  ( MONTGOMERY GENERAL HOSPITAL PARKING LOT),,PEDESTRIAN,OTHER,CLEAR,,DAYLIGHT,NO CONTROLS,NONE DETECTED,NONE DETECTED,761E1C01-377B-441E-BA7C-AA5BA141A795,PEDESTRIAN,Other,OTHER,OTHER,N/A,OTHER,No,POSSIBLE INJURY,NONE,39.14722833,-77.05212,"(39.14722833, -77.05212)"
MCP12210021,16008834,Montgomery County Police,Injury Crash,02/22/2016 09:57:00 AM,,,,,PARKING LOT OF 17051 OAKMONT ST,,PEDESTRIAN,SINGLE VEHICLE,N/A,,DAYLIGHT,NO CONTROLS,NONE DETECTED,NONE DETECTED,460563A4-8B48-4287-8A4C-118B97FDCFD9,PEDESTRIAN,Getting off/on Vehicle,NOT VISIBLE,OTHER,N/A,MIXED CLOTHING,No,SUSPECTED MINOR INJURY,N/A,39.13657667,-77.17938833,"(39.13657667, -77.17938833)"
MCP1205001S,16008508,Montgomery County Police,Injury Crash,02/20/2016 09:50:00 AM,County,CEDAR LA,Government,BEACH DR,,N/A,BICYCLIST,STRAIGHT MOVEMENT ANGLE,CLEAR,N/A,DAYLIGHT,TRAFFIC SIGNAL,NONE DETECTED,NONE DETECTED,7A260174-E024-4D61-8992-099042FC8847,BICYCLIST,Cross/Enter at Intersection,NO IMPROPER ACTIONS,AT INTERSECTION BUT NO CROSSWALK,OTHER,REFLECTIVE MATERIAL,No,SUSPECTED SERIOUS INJURY,MC/BIKE HELMET,39.01233149,-77.09089279,"(39.01233149, -77.09089279)"
MCP29020016,16008347,Montgomery County Police,Injury Crash,02/19/2016 02:01:00 PM,,,,,MILESTONE PARKING LOT,,PEDESTRIAN,N/A,CLEAR,,DAYLIGHT,NO CONTROLS,N/A,NONE DETECTED,FFD702E0-A793-41B1-A7D2-34D9812E2CFD,PEDESTRIAN,Other,UNKNOWN,OTHER,NO PED. SIGNAL,MIXED CLOTHING,Yes,POSSIBLE INJURY,NONE,39.20264833,-77.24698333,"(39.20264833, -77.24698333)"
MCP2969001M,16008349,Montgomery County Police,Injury Crash,02/19/2016 01:50:00 PM,Maryland (State),UNIVERSITY BLVD W,Maryland (State),VEIRS MILL RD,,N/A,PEDESTRIAN,STRAIGHT MOVEMENT ANGLE,CLEAR,DRY,DAYLIGHT,NO CONTROLS,NONE DETECTED,NONE DETECTED,D4177A07-3D58-4297-B761-DF11617ED777,PEDESTRIAN,Cross/Enter not at Intersection,FAILURE TO YIELD RIGHT OF WAY,ON ROADWAY NOT AT CROSSWALK,NO PED. SIGNAL,MIXED CLOTHING,Yes,SUSPECTED MINOR INJURY,NONE,39.03987167,-77.05632667,"(39.03987167, -77.05632667)"
MCP2116003T,16008338,Montgomery County Police,Injury Crash,02/19/2016 01:05:00 PM,County,RIDING LOOP DR,County,RIDING LOOP TERR,,N/A,MACHINE OPERATOR/RIDER,N/A,CLEAR,DRY,DAYLIGHT,N/A,NONE DETECTED,NONE DETECTED,97655624-37A3-49C3-979F-7A6697BED521,MACHINE OPERATOR/RIDER,Push/Work on Vehicle,NO IMPROPER ACTIONS,ON ROADWAY NOT AT CROSSWALK,N/A,REFLECTIVE MATERIAL,No,SUSPECTED MINOR INJURY,REFLECTIVE CLOTHING,39.084125,-77.24578,"(39.084125, -77.24578)"
MCP2754000K,16008202,Montgomery County Police,Injury Crash,02/18/2016 06:18:00 PM,Maryland (State),PINEY BRANCH RD,Unknown,ENT TO APTS,,N/A,PEDESTRIAN,SINGLE VEHICLE,CLEAR,DRY,DARK LIGHTS ON,NO CONTROLS,NONE DETECTED,N/A,B9158FFD-CD2E-4629-8CEE-5FF98C4D05F3,PEDESTRIAN,Cross/Enter not at Intersection,DART DASH,AT INTERSECTION BUT NO CROSSWALK,NO PED. SIGNAL,DARK CLOTHING,Yes,POSSIBLE INJURY,NONE,39.045515,-76.99096333,"(39.045515, -76.99096333)"
MCP29510016,16007989,MONTGOMERY,Injury Crash,02/18/2016 08:29:00 AM,,,,,CVS PARKING LOT. 108 AND SPARTAN,,PEDESTRIAN,N/A,CLEAR,,DAYLIGHT,NO CONTROLS,N/A,NONE DETECTED,2C03A6EB-9486-400D-A008-5E101131EAB1,PEDESTRIAN,Standing,NO IMPROPER ACTIONS,OTHER,N/A,MIXED CLOTHING,No,POSSIBLE INJURY,NONE,39.1514126,-77.06323385,"(39.1514126, -77.06323385)"
DD56040018,16008027,Rockville Police Departme,Injury Crash,02/17/2016 06:35:00 PM,Municipality,VEIRS MILL SERV RD,Municipality,BROADWOOD DR,,ROCKVILLE,PEDESTRIAN,OTHER,CLEAR,DRY,DARK LIGHTS ON,TRAFFIC SIGNAL,NONE DETECTED,NONE DETECTED,BA0ACA24-C608-48CE-8035-6235ECA26CFE,PEDESTRIAN,Cross/Enter not at Intersection,IN ROADWAY IMPROPERLY,ON ROADWAY NOT AT CROSSWALK,UNKNOWN,DARK CLOTHING,Yes,SUSPECTED MINOR INJURY,NONE,39.07730667,-77.12410667,"(39.07730667, -77.12410667)"
MCP3004000C,16007966,Montgomery County Police,Injury Crash,02/17/2016 12:39:00 PM,,,,,"10401 GROSVENOR PLACE ROCKVILLE, MD 20852
INCIDENT OCCURED IN GROSVENOR MARKET'S  PARKING LOT",,PEDESTRIAN,OTHER,CLEAR,,DAYLIGHT,N/A,NONE DETECTED,NONE DETECTED,6E807B2D-C0E7-48E9-A07E-B5AEFDF4B9B7,PEDESTRIAN,Other,NOT VISIBLE,OTHER,NO PED. SIGNAL,MIXED CLOTHING,No,SUSPECTED MINOR INJURY,NONE,39.02716042,-77.10655689,"(39.02716042, -77.10655689)"
MCP2782001C,16007915,Montgomery County Police,Injury Crash,02/17/2016 07:33:00 AM,County,ASPEN HILL RD,Maryland (State),VEIRS MILL RD,,N/A,PEDESTRIAN,STRAIGHT MOVEMENT ANGLE,CLEAR,DRY,DAYLIGHT,TRAFFIC SIGNAL,NONE DETECTED,NONE DETECTED,FE5565BC-F2F2-4E46-BCEB-2A49AF406097,PEDESTRIAN,Cross/Enter at Intersection,NO IMPROPER ACTIONS,AT INTERSECTION MARKED CROSSWALK,OBEYED PED. SIGNAL,MIXED CLOTHING,No,SUSPECTED MINOR INJURY,N/A,39.069365,-77.10491833,"(39.069365, -77.10491833)"
MCP26270010,16007866,Montgomery County Police,Injury Crash,02/16/2016 10:00:00 PM,Maryland (State),RIVER RD,County,ROYAL DOMINION DR,,N/A,PEDESTRIAN,SINGLE VEHICLE,CLEAR,DRY,DARK NO LIGHTS,NO CONTROLS,NONE DETECTED,NONE DETECTED,A51FB142-FB16-42E7-8FCA-E0D83282E041,PEDESTRIAN,Other,IN ROADWAY IMPROPERLY,AT INTERSECTION BUT NO CROSSWALK,N/A,MIXED CLOTHING,Yes,SUSPECTED MINOR INJURY,NONE,38.987945,-77.14669,"(38.987945, -77.14669)"
MCP2251001F,16007635,Montgomery County Police,Injury Crash,02/15/2016 05:38:00 AM,Maryland (State),VEIRS MILL RD,County,PARKLAND DR,,N/A,PEDESTRIAN,OTHER,SNOW,SNOW,DARK -- UNKNOWN LIGHTING,NO CONTROLS,UNKNOWN,NONE DETECTED,06C6A35D-1BFE-4D7E-A7D3-BF2773EB9A38,PEDESTRIAN,Standing,NO IMPROPER ACTIONS,SIDEWALK,N/A,N/A,No,SUSPECTED MINOR INJURY,N/A,39.057305,-77.08481833,"(39.057305, -77.08481833)"
MCP2986000B,16007349,Montgomery County Police,Injury Crash,02/12/2016 09:43:00 PM,Maryland (State),COLESVILLE RD,County,SECOND AVE,,N/A,PEDESTRIAN,STRAIGHT MOVEMENT ANGLE,CLEAR,DRY,DARK LIGHTS ON,TRAFFIC SIGNAL,NONE DETECTED,NONE DETECTED,A1830BD2-6270-41BC-B006-AF6C1C019439,PEDESTRIAN,Cross/Enter at Intersection,NO IMPROPER ACTIONS,AT INTERSECTION MARKED CROSSWALK,OBEYED PED. SIGNAL,DARK CLOTHING,No,POSSIBLE INJURY,NONE,38.99469,-77.03069333,"(38.99469, -77.03069333)"