Report Number,Local Case Number,Agency Name,ACRS Report Type,Crash Date/Time,Route Type,Road Name,Cross-Street Type,Cross-Street Name,Off-Road Description,Municipality,Related Non-Motorist,Collision Type,Weather,Surface Condition,Light,Traffic Control,Driver Substance Abuse,Non-Motorist Substance Abuse,Person ID,Pedestrian Type,Pedestrian Movement,Pedestrian Actions,Pedestrian Location,Pedestrian Obeyed Traffic Signal,Pedestrian Visibility,At Fault,Injury Severity,Safety Equipment,Latitude,Longitude,Location
MCP2927000L,15054457,MONTGOMERY,Injury Crash,10/27/2015 07:04:00 AM,US (State),GEORGIA AVE,County,BONIFANT ST,,N/A,PEDESTRIAN,OTHER,CLEAR,DRY,DARK LIGHTS ON,TRAFFIC SIGNAL,NONE DETECTED,NONE DETECTED,401D48C1-CFB0-4D78-A0D7-4C7FF4A1B049,PEDESTRIAN,Cross/Enter at Intersection,NO IMPROPER ACTIONS,AT INTERSECTION MARKED CROSSWALK,OBEYED PED. SIGNAL,DARK CLOTHING,No,POSSIBLE INJURY,NONE,38.99350333,-77.026545,"(38.99350333, -77.026545)"
MCP2475000Q,15054234,MONTGOMERY,Injury Crash,10/25/2015 08:27:00 PM,County,BRUNETT AVE,Maryland (State),UNIVERSITY BLVD W,,N/A,BICYCLIST,STRAIGHT MOVEMENT ANGLE,CLEAR,DRY,DARK LIGHTS ON,STOP SIGN,NONE DETECTED,NONE DETECTED,9D9033FE-832A-48A6-BAF1-D368999FEE9D,BICYCLIST,Walking/Riding against Traffic,WRONG WAY RIDING OR WALKING,ON ROADWAY AT CROSSWALK,NO PED. SIGNAL,DARK CLOTHING,Yes,POSSIBLE INJURY,UNKNOWN,39.02295129,-77.01679945,"(39.02295129, -77.01679945)"
MCP2055000S,15053997,MONTGOMERY,Injury Crash,10/24/2015 11:37:00 AM,,,,,"206 N. Frederick Ave
Gaithersburg MD  20878",,PEDESTRIAN,OTHER,CLOUDY,,DAYLIGHT,NO CONTROLS,NONE DETECTED,NONE DETECTED,AA34A1AA-194B-4F02-9563-13A0D1F97B28,PEDESTRIAN,Other,OTHER,SIDEWALK,NO PED. SIGNAL,N/A,No,POSSIBLE INJURY,N/A,39.144435,-77.20246833,"(39.144435, -77.20246833)"
MCP2082000K,15050540,MONTGOMERY,Injury Crash,10/24/2015 05:31:00 AM,Maryland (State),GEORGIA AVE,County,DENNIS AVE,,N/A,PEDESTRIAN,SINGLE VEHICLE,CLEAR,DRY,DARK -- UNKNOWN LIGHTING,FLASHING TRAFFIC SIGNAL,NONE DETECTED,NONE DETECTED,1A570F3F-0029-4907-A5BA-FD1AD4758B92,PEDESTRIAN,Cross/Enter at Intersection,UNKNOWN,N/A,UNKNOWN,MIXED CLOTHING,Unknown,POSSIBLE INJURY,N/A,39.02520174,-77.04608917,"(39.02520174, -77.04608917)"
MCP2831000Y,15053895,MONTGOMERY,Injury Crash,10/23/2015 07:13:00 PM,County,CENTURY BLVD,County,CRYSTAL ROCK DR,,N/A,PEDESTRIAN,SINGLE VEHICLE,CLEAR,DRY,DARK LIGHTS ON,TRAFFIC SIGNAL,N/A,N/A,7EFC9613-C2BD-4E9C-958F-30C0ADE68F71,PEDESTRIAN,Cross/Enter at Intersection,NO IMPROPER ACTIONS,ON ROADWAY AT CROSSWALK,OBEYED PED. SIGNAL,DARK CLOTHING,No,SUSPECTED MINOR INJURY,NONE,39.182685,-77.263615,"(39.182685, -77.263615)"
MCP2291001G,15053840,MONTGOMERY,Injury Crash,10/23/2015 02:50:00 PM,Maryland (State),WISCONSIN AVE,County,NORWOOD DR,,N/A,BICYCLIST,SINGLE VEHICLE,CLEAR,DRY,DAYLIGHT,NO CONTROLS,NONE DETECTED,NONE DETECTED,5345C387-BE06-43B7-8724-3E46C5F9EB39,BICYCLIST,Walking/Cycling on Sidewalk,OTHER,SIDEWALK,N/A,MIXED CLOTHING,Yes,SUSPECTED MINOR INJURY,MC/BIKE HELMET,38.97484667,-77.09015667,"(38.97484667, -77.09015667)"
MCP27960028,15053791,MONTGOMERY,Injury Crash,10/23/2015 10:51:00 AM,,,,,"Parking lot of Citgo gas station located at 13615 Georgia Avenue, Silver Spring, MD 20906",,"OTHER, PEDESTRIAN",SINGLE VEHICLE,CLEAR,,DAYLIGHT,NO CONTROLS,NONE DETECTED,N/A,ADFF7424-9E2D-4ACF-9019-E6D099A8357C,OTHER,Other,OTHER,SIDEWALK,N/A,OTHER,No,NO APPARENT INJURY,N/A,39.079155,-77.07244833,"(39.079155, -77.07244833)"
MCP27960028,15053791,MONTGOMERY,Injury Crash,10/23/2015 10:51:00 AM,,,,,"Parking lot of Citgo gas station located at 13615 Georgia Avenue, Silver Spring, MD 20906",,"OTHER, PEDESTRIAN",SINGLE VEHICLE,CLEAR,,DAYLIGHT,NO CONTROLS,NONE DETECTED,NONE DETECTED,2EFD80BE-4CDB-41B0-B562-157AD14008D3,PEDESTRIAN,Walking/Cycling on Sidewalk,OTHER,SIDEWALK,N/A,DARK CLOTHING,Unknown,SUSPECTED MINOR INJURY,N/A,39.079155,-77.07244833,"(39.079155, -77.07244833)"
MCP27990016,15051296,Montgomery County Police,Property Damage Crash,10/22/2015 05:57:00 PM,County,SPARTAN RD,Unknown,TOWN CENTER DR,,N/A,BICYCLIST,STRAIGHT MOVEMENT ANGLE,RAINING,WET,DAYLIGHT,NO CONTROLS,N/A,NONE DETECTED,7B6DFF19-CF75-4CB9-A9D6-C9D7F81E44C3,BICYCLIST,Cross/Enter at Intersection,FAILURE TO YIELD RIGHT OF WAY,SIDEWALK,NO PED. SIGNAL,MIXED CLOTHING,Yes,NO APPARENT INJURY,NONE,39.15255243,-77.06085205,"(39.15255243, -77.06085205)"
MCP2353001T,15053599,MONTGOMERY,Injury Crash,10/22/2015 12:11:00 PM,County,WILLARD AVE,Municipality,THE HILLS PLAZA,,FRIENDSHIP HEIGHTS,PEDESTRIAN,SINGLE VEHICLE,CLEAR,DRY,DAYLIGHT,OTHER,NONE DETECTED,NONE DETECTED,87BD1C1A-B4AB-4613-B4FE-DD11C91B312F,PEDESTRIAN,Cross/Enter at Intersection,NO IMPROPER ACTIONS,ON ROADWAY AT CROSSWALK,OBEYED PED. SIGNAL,MIXED CLOTHING,No,SUSPECTED SERIOUS INJURY,NONE,38.98345167,-77.09292,"(38.98345167, -77.09292)"
DD5600000G,15052177,ROCKVILLE,Injury Crash,10/22/2015 10:23:00 AM,Maryland (State),ROCKVILLE PIKE,Municipality,THOMPSON AVE,,ROCKVILLE,BICYCLIST,SINGLE VEHICLE,N/A,DRY,DAYLIGHT,STOP SIGN,N/A,UNKNOWN,41F20875-67FB-4637-9852-25210A532DB6,BICYCLIST,Cross/Enter at Intersection,N/A,AT INTERSECTION BUT NO CROSSWALK,N/A,N/A,No,SUSPECTED MINOR INJURY,N/A,39.07660333,-77.11755833,"(39.07660333, -77.11755833)"
MCP2363000K,15053556,Montgomery County Police,Fatal Crash,10/22/2015 06:01:00 AM,US (State),COLUMBIA PIKE,County,OAK LEAF DR,,N/A,PEDESTRIAN,OTHER,CLEAR,DRY,DARK LIGHTS ON,NO CONTROLS,NONE DETECTED,UNKNOWN,C90C839C-9739-490E-A008-5A22654DE14E,PEDESTRIAN,Other,IN ROADWAY IMPROPERLY,OTHER,NO PED. SIGNAL,MIXED CLOTHING,Yes,FATAL INJURY,NONE,39.04073629,-76.99623227,"(39.04073629, -76.99623227)"
MCP2686000X,15053534,MONTGOMERY,Injury Crash,10/21/2015 11:12:00 PM,Maryland (State),CLOPPER RD,County,CINNAMON DR,,N/A,OTHER,OTHER,CLEAR,DRY,DARK NO LIGHTS,OTHER,COMBINED SUBSTANCE PRESENT,N/A,99F9F36D-61E9-4D64-9926-D2132AC0F5B9,OTHER,Standing,OTHER,SHOULDER,N/A,MIXED CLOTHING,No,SUSPECTED MINOR INJURY,OTHER,39.15608828,-77.26456046,"(39.15608828, -77.26456046)"
MCP27940015,15053515,MONTGOMERY,Injury Crash,10/21/2015 10:13:00 PM,County,WOODMONT AVE,County,BATTERY LA,,N/A,PEDESTRIAN,OTHER,N/A,DRY,DARK NO LIGHTS,TRAFFIC SIGNAL,N/A,NONE DETECTED,943C5411-C1B5-48C7-AB56-F6FAFE3EC709,PEDESTRIAN,Cross/Enter at Intersection,NO IMPROPER ACTIONS,AT INTERSECTION MARKED CROSSWALK,OBEYED PED. SIGNAL,MIXED CLOTHING,No,SUSPECTED MINOR INJURY,N/A,38.99270484,-77.09711552,"(38.99270484, -77.09711552)"
MCP27940015,15053515,MONTGOMERY,Injury Crash,10/21/2015 10:13:00 PM,County,WOODMONT AVE,County,BATTERY LA,,N/A,PEDESTRIAN,OTHER,N/A,DRY,DARK NO LIGHTS,TRAFFIC SIGNAL,N/A,NONE DETECTED,B144BFE0-C830-428A-99D3-10C08ABCCC00,PEDESTRIAN,N/A,NO IMPROPER ACTIONS,AT INTERSECTION MARKED CROSSWALK,OBEYED PED. SIGNAL,MIXED CLOTHING,No,SUSPECTED MINOR INJURY,N/A,38.99270484,-77.09711552,"(38.99270484, -77.09711552)"
MCP1301000G,15053502,MONTGOMERY,Fatal Crash,10/21/2015 06:57:00 PM,Maryland (State),RIVER RD,County,SPRINGFIELD DR,,N/A,PEDESTRIAN,SINGLE VEHICLE,CLEAR,DRY,DARK LIGHTS ON,TRAFFIC SIGNAL,NONE DETECTED,UNKNOWN,3432E867-65D8-4DBE-94A0-E1A0C7E10EB8,PEDESTRIAN,Cross/Enter at Intersection,UNKNOWN,ON ROADWAY AT CROSSWALK,UNKNOWN,MIXED CLOTHING,Unknown,FATAL INJURY,N/A,38.96981966,-77.11203933,"(38.96981966, -77.11203933)"
MCP2849001Q,15053479,MONTGOMERY,Injury Crash,10/21/2015 06:46:00 PM,County,SHERWOOD FOREST DR,County,NOTLEY RD,,N/A,PEDESTRIAN,SINGLE VEHICLE,CLEAR,DRY,DARK NO LIGHTS,NO CONTROLS,NONE DETECTED,ALCOHOL PRESENT,FB407500-B4BE-459A-AC3F-B28D16814925,PEDESTRIAN,Cross/Enter not at Intersection,IN ROADWAY IMPROPERLY,ON ROADWAY NOT AT CROSSWALK,N/A,DARK CLOTHING,Yes,SUSPECTED MINOR INJURY,N/A,39.08128833,-77.00841333,"(39.08128833, -77.00841333)"
MCP2708000T,15053446,MONTGOMERY,Injury Crash,10/21/2015 03:41:00 PM,Maryland (State),PINEY BRANCH RD,County,BARRON ST,,N/A,BICYCLIST,SAME DIR REAR END,CLEAR,DRY,DAYLIGHT,NO CONTROLS,NONE DETECTED,NONE DETECTED,3C4C8618-56E0-4077-8334-D53D62DDD8D3,BICYCLIST,Walking/Riding w/Traffic,IMPROPER PASSING,ON ROADWAY NOT AT CROSSWALK,N/A,MIXED CLOTHING,Yes,SUSPECTED MINOR INJURY,NONE,38.99899404,-76.99782282,"(38.99899404, -76.99782282)"
MCP28720014,15053386,MONTGOMERY,Injury Crash,10/21/2015 09:05:00 AM,County,CONTOUR RD,County,HORIZON RUN RD,,N/A,PEDESTRIAN,SINGLE VEHICLE,N/A,DRY,DAYLIGHT,N/A,NONE DETECTED,NONE DETECTED,9B5229AA-EB24-45BC-9392-E56D311F1BF5,PEDESTRIAN,Cross/Enter not at Intersection,FAILURE TO YIELD RIGHT OF WAY,ON ROADWAY NOT AT CROSSWALK,NO PED. SIGNAL,MIXED CLOTHING,Yes,POSSIBLE INJURY,NONE,39.15546333,-77.19744,"(39.15546333, -77.19744)"
HA22800007,15001176,MCPARK,Injury Crash,10/20/2015 08:46:00 AM,Government,LITTLE FALLS PKWY,County,ARLINGTON RD,,N/A,BICYCLIST,STRAIGHT MOVEMENT ANGLE,CLEAR,DRY,DAYLIGHT,STOP SIGN,NONE DETECTED,NONE DETECTED,A0BE7736-BAC3-484B-81C2-EF547E091878,BICYCLIST,Cross/Enter at Intersection,FAILURE TO OBEY TRAFFIC SIGNS SIGNALS OR OFFICER,AT INTERSECTION MARKED CROSSWALK,OTHER,REFLECTIVE MATERIAL,Yes,SUSPECTED MINOR INJURY,MC/BIKE HELMET,38.97343975,-77.10134268,"(38.97343975, -77.10134268)"
MCP24370013,15053081,MONTGOMERY,Property Damage Crash,10/19/2015 05:48:00 PM,County,BEL PRE RD,County,RIPPLING BROOK DR,,N/A,PEDESTRIAN,SINGLE VEHICLE,CLEAR,DRY,DAYLIGHT,STOP SIGN,NONE DETECTED,NONE DETECTED,626955FB-588D-4A38-AC32-B17A8B621C2F,PEDESTRIAN,Cross/Enter at Intersection,NO IMPROPER ACTIONS,ON ROADWAY AT CROSSWALK,NO PED. SIGNAL,MIXED CLOTHING,No,NO APPARENT INJURY,NONE,39.0901,-77.05367833,"(39.0901, -77.05367833)"
MCP13780088,15053037,MONTGOMERY,Injury Crash,10/19/2015 02:58:00 PM,County,MONTGOMERY VILLAGE AVE,County,CLUB HOUSE RD,,N/A,PEDESTRIAN,SINGLE VEHICLE,CLEAR,DRY,DAYLIGHT,TRAFFIC SIGNAL,NONE DETECTED,NONE DETECTED,F2E845F5-2146-45F6-BC67-A49D091649B0,PEDESTRIAN,Cross/Enter at Intersection,NO IMPROPER ACTIONS,ON ROADWAY AT CROSSWALK,OBEYED PED. SIGNAL,MIXED CLOTHING,No,POSSIBLE INJURY,N/A,39.17440667,-77.20350833,"(39.17440667, -77.20350833)"
MCP2717003D,15053034,MONTGOMERY,Injury Crash,10/19/2015 02:10:00 PM,,,,,Chipotle Parking Lot (10526 Connecticut Avenue),,PEDESTRIAN,OTHER,CLEAR,,DAYLIGHT,NO CONTROLS,NONE DETECTED,NONE DETECTED,22361CF8-13BD-45DB-8B04-E7B351F6F90F,PEDESTRIAN,Other,FAILURE TO YIELD RIGHT OF WAY,OTHER,NO PED. SIGNAL,MIXED CLOTHING,Yes,SUSPECTED MINOR INJURY,NONE,39.02779385,-77.07665563,"(39.02779385, -77.07665563)"
MCP2720001L,15052916,MONTGOMERY,Injury Crash,10/18/2015 06:40:00 PM,Maryland (State),GEORGIA AVE,Unknown,CROSSOVER,,N/A,BICYCLIST,HEAD ON LEFT TURN,CLEAR,DRY,DARK -- UNKNOWN LIGHTING,NO CONTROLS,N/A,N/A,63ED35C0-FB40-496C-84FC-636B61148DBE,BICYCLIST,Walking/Riding w/Traffic,IN ROADWAY IMPROPERLY,ON ROADWAY NOT AT CROSSWALK,N/A,MIXED CLOTHING,Yes,SUSPECTED MINOR INJURY,MC/BIKE HELMET,39.08553333,-77.07890333,"(39.08553333, -77.07890333)"
MCP2820001P,15052878,MONTGOMERY,Injury Crash,10/18/2015 02:01:00 PM,County,CHADWICK LA,County,MERTON RD,,N/A,PEDESTRIAN,OTHER,N/A,DRY,DAYLIGHT,N/A,NONE DETECTED,NONE DETECTED,99164813-04C3-493A-B5F2-BA5F8EB5BDAA,PEDESTRIAN,Standing,NO IMPROPER ACTIONS,SHOULDER,N/A,MIXED CLOTHING,No,SUSPECTED SERIOUS INJURY,NONE,39.09133333,-77.08547167,"(39.09133333, -77.08547167)"
MCP2953000L,15052867,MONTGOMERY,Injury Crash,10/18/2015 01:02:00 PM,,,,,Northgate Shopping Center,,PEDESTRIAN,OTHER,CLEAR,,DAYLIGHT,NO CONTROLS,NONE DETECTED,NONE DETECTED,52E6B298-8A74-462A-BA2F-255D7AC6DF2A,PEDESTRIAN,Cross/Enter not at Intersection,FAILURE TO YIELD RIGHT OF WAY,OUTSIDE RIGHT OF WAY,N/A,LIGHT CLOTHING,Yes,SUSPECTED SERIOUS INJURY,N/A,39.08131,-77.07788833,"(39.08131, -77.07788833)"
MCP2848001Z,15052854,MONTGOMERY,Injury Crash,10/18/2015 09:55:00 AM,Maryland (State),MASSACHUSETTS AVE,County,NEWPORT AVE,,N/A,BICYCLIST,STRAIGHT MOVEMENT ANGLE,CLEAR,DRY,DAYLIGHT,NO CONTROLS,NONE DETECTED,NONE DETECTED,E52B4B2A-3483-4890-9159-BB9FFC738242,BICYCLIST,Cross/Enter at Intersection,NO IMPROPER ACTIONS,ON ROADWAY NOT AT CROSSWALK,N/A,REAR REFLECTOR,No,SUSPECTED MINOR INJURY,MC/BIKE HELMET,38.9599,-77.10786167,"(38.9599, -77.10786167)"
MCP23110011,15052461,MONTGOMERY,Injury Crash,10/15/2015 11:47:00 PM,County,SHADY GROVE RD,County,CRABBS BRANCH WAY,,N/A,PEDESTRIAN,SINGLE VEHICLE,CLEAR,DRY,DARK NO LIGHTS,TRAFFIC SIGNAL,N/A,NONE DETECTED,690794B1-B2B3-4A96-BAD9-F6B302AA8DB7,PEDESTRIAN,Cross/Enter at Intersection,FAILURE TO OBEY TRAFFIC SIGNS SIGNALS OR OFFICER,AT INTERSECTION MARKED CROSSWALK,DISOBEYED PED. SIGNAL,DARK CLOTHING,No,SUSPECTED MINOR INJURY,NONE,39.12878333,-77.16697833,"(39.12878333, -77.16697833)"
MCP2971000S,15052325,MONTGOMERY,Injury Crash,10/15/2015 10:23:00 AM,County,FENTON ST,US (State),COLESVILLE RD,,N/A,PEDESTRIAN,OTHER,CLEAR,DRY,DAYLIGHT,TRAFFIC SIGNAL,NONE DETECTED,NONE DETECTED,15C955AD-3201-4CC1-93F7-A5D34B7B0D8C,PEDESTRIAN,Cross/Enter at Intersection,NO IMPROPER ACTIONS,ON ROADWAY AT CROSSWALK,OBEYED PED. SIGNAL,DARK CLOTHING,No,SUSPECTED MINOR INJURY,NONE,38.99747,-77.02671833,"(38.99747, -77.02671833)"
MCP2890000R,15052280,MONTGOMERY,Injury Crash,10/14/2015 11:33:00 PM,County,MIDDLEBROOK RD,Maryland (State),FREDERICK RD,,N/A,PEDESTRIAN,SINGLE VEHICLE,CLEAR,DRY,DARK NO LIGHTS,NO CONTROLS,NONE DETECTED,NONE DETECTED,23AB7528-877F-4C01-B084-4299FD10B2AD,PEDESTRIAN,Cross/Enter not at Intersection,DART DASH,ON ROADWAY NOT AT CROSSWALK,NO PED. SIGNAL,MIXED CLOTHING,Yes,SUSPECTED SERIOUS INJURY,N/A,39.18172167,-77.23669,"(39.18172167, -77.23669)"
MCP2890000R,15052280,MONTGOMERY,Injury Crash,10/14/2015 11:33:00 PM,County,MIDDLEBROOK RD,Maryland (State),FREDERICK RD,,N/A,PEDESTRIAN,SINGLE VEHICLE,CLEAR,DRY,DARK NO LIGHTS,NO CONTROLS,NONE DETECTED,NONE DETECTED,4EF7F2F6-5EB7-47BA-8EB1-E251B17E9611,PEDESTRIAN,Cross/Enter not at Intersection,DART DASH,ON ROADWAY NOT AT CROSSWALK,NO PED. SIGNAL,UNKNOWN,Yes,SUSPECTED SERIOUS INJURY,N/A,39.18172167,-77.23669,"(39.18172167, -77.23669)"
MCP2719000P,15052179,MONTGOMERY,Injury Crash,10/14/2015 03:38:00 PM,County,KERSEY RD,County,MONTICELLO AVE,,N/A,BICYCLIST,STRAIGHT MOVEMENT ANGLE,CLEAR,DRY,DAYLIGHT,STOP SIGN,NONE DETECTED,N/A,69B28BFC-74D6-4F69-99AA-584F8A0F82E5,BICYCLIST,Cross/Enter at Intersection,FAILURE TO YIELD RIGHT OF WAY,ON ROADWAY NOT AT CROSSWALK,N/A,LIGHT CLOTHING,Yes,SUSPECTED MINOR INJURY,MC/BIKE HELMET,39.04408,-77.02973833,"(39.04408, -77.02973833)"
MCP2192001F,15051944,MONTGOMERY,Injury Crash,10/13/2015 01:44:00 PM,US (State),GEORGIA AVE,County,KING ST,,N/A,PEDESTRIAN,OTHER,CLEAR,DRY,DAYLIGHT,N/A,NONE DETECTED,N/A,A3ACB0B2-0234-489D-9CE6-29182B421064,PEDESTRIAN,Cross/Enter not at Intersection,INATTENTIVE,OUTSIDE RIGHT OF WAY,N/A,MIXED CLOTHING,Yes,POSSIBLE INJURY,N/A,38.98628167,-77.02696833,"(38.98628167, -77.02696833)"
MCP13790042,15051918,MONTGOMERY,Injury Crash,10/13/2015 11:34:00 AM,,,,,"Parking lot of 12021 Georgia Ave Silver Spring, MD 20906",,PEDESTRIAN,OTHER,CLEAR,,DAYLIGHT,NO CONTROLS,NONE DETECTED,NONE DETECTED,45BFEA63-C173-44B2-9F8C-C124D2CEDA2F,PEDESTRIAN,Other,NO IMPROPER ACTIONS,OTHER,NO PED. SIGNAL,MIXED CLOTHING,No,POSSIBLE INJURY,NONE,39.05274667,-77.049875,"(39.05274667, -77.049875)"
MCP1221001F,15051905,MONTGOMERY,Injury Crash,10/13/2015 10:18:00 AM,,,,,parking lot of 15920 Shady Grove Rd,,PEDESTRIAN,SINGLE VEHICLE,CLOUDY,,DAYLIGHT,NO CONTROLS,NONE DETECTED,NONE DETECTED,C7854AE2-CEA4-4A79-A219-ACD20DB45519,PEDESTRIAN,Getting off/on Vehicle,NO IMPROPER ACTIONS,OTHER,NO PED. SIGNAL,MIXED CLOTHING,No,SUSPECTED MINOR INJURY,N/A,39.11806833,-77.1836,"(39.11806833, -77.1836)"
DD5595001T,15051821,ROCKVILLE,Injury Crash,10/12/2015 08:55:00 PM,Maryland (State),FREDERICK RD,Municipality,KING FARM BLVD,,ROCKVILLE,PEDESTRIAN,OTHER,CLEAR,DRY,DARK LIGHTS ON,TRAFFIC SIGNAL,NONE DETECTED,UNKNOWN,68D9FCF7-05F4-4139-BE3C-68901E63958E,PEDESTRIAN,Cross/Enter not at Intersection,DART DASH,ON ROADWAY NOT AT CROSSWALK,DISOBEYED PED. SIGNAL,MIXED CLOTHING,Yes,POSSIBLE INJURY,N/A,39.11727569,-77.16902018,"(39.11727569, -77.16902018)"
MCP1554000Y,15051825,MONTGOMERY,Injury Crash,10/12/2015 08:15:00 PM,Maryland (State),FREDERICK RD,Unknown,ENT TO SHADY GROVE METRO STATION,,N/A,PEDESTRIAN,STRAIGHT MOVEMENT ANGLE,CLEAR,DRY,DARK LIGHTS ON,TRAFFIC SIGNAL,"NONE DETECTED, UNKNOWN",UNKNOWN,99F8CBB4-1245-4A13-89F7-1537597C470C,PEDESTRIAN,Other,OTHER,ON ROADWAY NOT AT CROSSWALK,OTHER,DARK CLOTHING,No,SUSPECTED MINOR INJURY,NONE,39.11742167,-77.16875167,"(39.11742167, -77.16875167)"
MCP2888000Z,15051790,MONTGOMERY,Injury Crash,10/12/2015 06:03:00 PM,County,TRAVILAH RD,County,PINEY MEETINGHOUSE RD,,N/A,BICYCLIST,STRAIGHT MOVEMENT ANGLE,CLEAR,DRY,DAYLIGHT,N/A,N/A,N/A,49BFDFA0-0A00-4D04-A13D-56715DA50FDF,BICYCLIST,Other,NOT VISIBLE,SIDEWALK,N/A,MIXED CLOTHING,No,SUSPECTED MINOR INJURY,MC/BIKE HELMET,39.08636177,-77.21926332,"(39.08636177, -77.21926332)"
MCP13780085,15051735,MONTGOMERY,Injury Crash,10/12/2015 01:48:00 PM,Municipality,WASHINGTONIAN BLVD,County,FIELDS RD,,N/A,PEDESTRIAN,SINGLE VEHICLE,CLEAR,DRY,DAYLIGHT,TRAFFIC SIGNAL,NONE DETECTED,NONE DETECTED,3C95D285-E2C6-485E-AB96-DDD42B63CD3F,PEDESTRIAN,Cross/Enter at Intersection,NO IMPROPER ACTIONS,ON ROADWAY AT CROSSWALK,OBEYED PED. SIGNAL,DARK CLOTHING,No,SUSPECTED SERIOUS INJURY,N/A,39.11164269,-77.19269738,"(39.11164269, -77.19269738)"
MCP9321000H,15051667,MONTGOMERY,Injury Crash,10/12/2015 06:59:00 AM,Maryland (State),GEORGIA AVE,County,SHOREFIELD RD,,N/A,PEDESTRIAN,OTHER,CLEAR,DRY,DAWN,TRAFFIC SIGNAL,NONE DETECTED,NONE DETECTED,CBE97C4F-C591-4BBD-86EF-18B53065B0AB,PEDESTRIAN,Cross/Enter at Intersection,INATTENTIVE,ON ROADWAY AT CROSSWALK,DISOBEYED PED. SIGNAL,MIXED CLOTHING,Yes,SUSPECTED MINOR INJURY,NONE,39.05,-77.05,"(39.05, -77.05)"
MCP2840000K,15051498,MONTGOMERY,Injury Crash,10/10/2015 08:20:00 PM,County,CHERRY HILL RD,County,BROADBIRCH DR,,N/A,PEDESTRIAN,OTHER,CLEAR,DRY,DARK LIGHTS ON,TRAFFIC SIGNAL,N/A,NONE DETECTED,86DB8D97-3CE3-4F76-919E-A57B9B0E077A,PEDESTRIAN,Cross/Enter at Intersection,FAILURE TO OBEY TRAFFIC SIGNS SIGNALS OR OFFICER,ON ROADWAY AT CROSSWALK,DISOBEYED PED. SIGNAL,DARK CLOTHING,Yes,POSSIBLE INJURY,N/A,39.053135,-76.9627,"(39.053135, -76.9627)"
MCP2961000P,15051482,MONTGOMERY,Injury Crash,10/10/2015 05:53:00 PM,,,,,Lower parking garage located at 11160 Veirs Mill Road (in front of Ruby Tusdays),,PEDESTRIAN,OTHER,CLEAR,,DAYLIGHT,NO CONTROLS,NONE DETECTED,NONE DETECTED,892E886E-3ABB-4B77-9F64-A8EE3FB58125,PEDESTRIAN,Walking/Riding w/Traffic,UNKNOWN,N/A,N/A,MIXED CLOTHING,Unknown,SUSPECTED MINOR INJURY,NONE,39.03732799,-77.0552516,"(39.03732799, -77.0552516)"
MCP13780084,15051294,MONTGOMERY,Injury Crash,10/09/2015 05:47:00 PM,Maryland (State),FREDERICK RD,Municipality,CHRISTOPHER AVE,,GAITHERSBURG,BICYCLIST,SINGLE VEHICLE,CLOUDY,DRY,DAYLIGHT,NO CONTROLS,NONE DETECTED,NONE DETECTED,1252C8A6-4CD9-4A27-9A7B-E8927B23BDEC,BICYCLIST,Walking/Cycling on Sidewalk,WRONG WAY RIDING OR WALKING,ON ROADWAY NOT AT CROSSWALK,NO PED. SIGNAL,MIXED CLOTHING,Yes,SUSPECTED MINOR INJURY,NONE,39.15746722,-77.21754134,"(39.15746722, -77.21754134)"
MCP2728001P,15051286,MONTGOMERY,Injury Crash,10/09/2015 05:47:00 PM,,,,,parking lot of 10101 New Hampshire Ave,,PEDESTRIAN,SINGLE VEHICLE,CLEAR,,DAYLIGHT,N/A,NONE DETECTED,NONE DETECTED,A4C526EC-962A-4793-8C82-55C59054BC92,PEDESTRIAN,Cross/Enter not at Intersection,DART DASH,AT INTERSECTION BUT NO CROSSWALK,N/A,DARK CLOTHING,Yes,SUSPECTED MINOR INJURY,NONE,39.022415,-76.97700833,"(39.022415, -76.97700833)"
MCP1616002K,15051176,MONTGOMERY,Injury Crash,10/09/2015 07:39:00 AM,Maryland (State),ROCKVILLE PIKE,County,LOCUST HILL RD,,N/A,BICYCLIST,SAME DIR REAR END,CLOUDY,WET,DUSK,NO CONTROLS,NONE DETECTED,NONE DETECTED,00CC188C-BC90-4458-959A-E2571AA2D729,BICYCLIST,Walking/Riding w/Traffic,NO IMPROPER ACTIONS,ON ROADWAY NOT AT CROSSWALK,N/A,MIXED CLOTHING,No,POSSIBLE INJURY,MC/BIKE HELMET,39.00999167,-77.09724333,"(39.00999167, -77.09724333)"
MCP0619000K,15051175,MONTGOMERY,Injury Crash,10/09/2015 07:39:00 AM,County,GLEN MILL RD,County,DARNESTOWN RD,,N/A,BICYCLIST,STRAIGHT MOVEMENT ANGLE,N/A,WET,DAYLIGHT,TRAFFIC SIGNAL,,N/A,11F7F021-C91A-4017-A52B-CD40488B9E89,BICYCLIST,Cross/Enter at Intersection,FAILURE TO OBEY TRAFFIC SIGNS SIGNALS OR OFFICER,ON ROADWAY AT CROSSWALK,DISOBEYED PED. SIGNAL,MIXED CLOTHING,Yes,POSSIBLE INJURY,MC/BIKE HELMET,39.09213667,-77.19454167,"(39.09213667, -77.19454167)"
MCP11280043,15051173,MONTGOMERY,Injury Crash,10/09/2015 07:28:00 AM,Maryland (State),WISCONSIN AVE,County,ELM ST,,N/A,BICYCLIST,OTHER,CLOUDY,WET,DAWN,TRAFFIC SIGNAL,NONE DETECTED,NONE DETECTED,04EABA0B-B9A8-4C7C-ADA9-737ABF0E747F,BICYCLIST,Cross/Enter at Intersection,NO IMPROPER ACTIONS,ON ROADWAY AT CROSSWALK,OBEYED PED. SIGNAL,LIGHT CLOTHING,No,SUSPECTED MINOR INJURY,NONE,38.98281167,-77.09328167,"(38.98281167, -77.09328167)"