Report Number,Local Case Number,Agency Name,ACRS Report Type,Crash Date/Time,Route Type,Road Name,Cross-Street Type,Cross-Street Name,Off-Road Description,Municipality,Related Non-Motorist,Collision Type,Weather,Surface Condition,Light,Traffic Control,Driver Substance Abuse,Non-Motorist Substance Abuse,Person ID,Pedestrian Type,Pedestrian Movement,Pedestrian Actions,Pedestrian Location,Pedestrian Obeyed Traffic Signal,Pedestrian Visibility,At Fault,Injury Severity,Safety Equipment,Latitude,Longitude,Location
MCP2756000X,15046374,MONTGOMERY,Injury Crash,09/13/2015 07:19:00 PM,Maryland (State),UNIVERSITY BLVD W,County,INWOOD AVE,,N/A,PEDESTRIAN,SINGLE VEHICLE,CLEAR,DRY,DUSK,TRAFFIC SIGNAL,NONE DETECTED,NONE DETECTED,D1F0376B-A276-4DB4-AFEF-963601A0A861,PEDESTRIAN,Cross/Enter at Intersection,N/A,ON ROADWAY AT CROSSWALK,OBEYED PED. SIGNAL,LIGHT CLOTHING,No,SUSPECTED SERIOUS INJURY,N/A,39.036108,-77.036404,"(39.036108, -77.036404)"
MCP28630010,15046309,MONTGOMERY,Injury Crash,09/13/2015 11:50:00 AM,County,ARROWHEAD RD,County,MONTGOMERY VILLAGE AVE,,N/A,PEDESTRIAN,HEAD ON LEFT TURN,CLEAR,DRY,DAYLIGHT,NO CONTROLS,NONE DETECTED,NONE DETECTED,06597BA2-13B4-438E-A4BB-F4C8E3E7F3CB,PEDESTRIAN,Other Working,N/A,OTHER,NO PED. SIGNAL,REFLECTIVE MATERIAL,No,POSSIBLE INJURY,REFLECTIVE CLOTHING,39.186455,-77.19535167,"(39.186455, -77.19535167)"
MCP2712000M,15046182,MONTGOMERY,Injury Crash,09/12/2015 02:22:00 PM,US (State),COLUMBIA PIKE,Unknown,EXIT #16 (MD 200),,N/A,PEDESTRIAN,SAME DIR REAR END,RAINING,WET,DAYLIGHT,N/A,NONE DETECTED,NONE DETECTED,E1D726D1-B558-4DC6-BF57-454F9A8EDE17,PEDESTRIAN,Standing,DISABLED VEHICLE RELATED,OTHER,NO PED. SIGNAL,MIXED CLOTHING,No,POSSIBLE INJURY,N/A,39.07899167,-76.95193667,"(39.07899167, -76.95193667)"
MCP2191000M,15046147,MONTGOMERY,Injury Crash,09/12/2015 09:30:00 AM,US (State),GEORGIA AVE,County,THAYER AVE,,N/A,PEDESTRIAN,SAME DIRECTION RIGHT TURN,CLOUDY,DRY,DAYLIGHT,TRAFFIC SIGNAL,NONE DETECTED,NONE DETECTED,FCEC94C8-4392-4656-B5CD-B4AFDFBC99F0,PEDESTRIAN,Cross/Enter at Intersection,N/A,ON ROADWAY AT CROSSWALK,OBEYED PED. SIGNAL,N/A,No,POSSIBLE INJURY,N/A,38.992996,-77.02717,"(38.992996, -77.02717)"
MCP2909000R,15045972,MONTGOMERY,Injury Crash,09/11/2015 04:09:00 PM,County,WAVERLY ST,Maryland (State),MONTGOMERY AVE,,N/A,PEDESTRIAN,SINGLE VEHICLE,CLEAR,DRY,DAYLIGHT,NO CONTROLS,NONE DETECTED,NONE DETECTED,81AAAC18-7AD7-4CD9-933B-BAAD80825627,PEDESTRIAN,Cross/Enter not at Intersection,IN ROADWAY IMPROPERLY,ON ROADWAY NOT AT CROSSWALK,NO PED. SIGNAL,LIGHT CLOTHING,Yes,SUSPECTED MINOR INJURY,NONE,38.983595,-77.09276667,"(38.983595, -77.09276667)"
MCP9113000W,15045980,MONTGOMERY,Injury Crash,09/11/2015 03:58:00 PM,County,MORNINGWOOD DR,Maryland (State),GEORGIA AVE,,N/A,PEDESTRIAN,OTHER,CLEAR,DRY,DAYLIGHT,NO CONTROLS,NONE DETECTED,N/A,D8D6801D-5D14-4F00-8AED-C7682CAD11C6,PEDESTRIAN,Cross/Enter not at Intersection,DART DASH,ON ROADWAY NOT AT CROSSWALK,NO PED. SIGNAL,LIGHT CLOTHING,Yes,SUSPECTED MINOR INJURY,N/A,39.15043833,-77.06744833,"(39.15043833, -77.06744833)"
MCP2627000M,15045966,MONTGOMERY,Injury Crash,09/11/2015 03:31:00 PM,Maryland (State),WISCONSIN AVE,Unknown,ENT TO SHOPPING CENTER,,N/A,PEDESTRIAN,SINGLE VEHICLE,CLEAR,DRY,DAYLIGHT,NO CONTROLS,NONE DETECTED,NONE DETECTED,0AF6DE51-2D17-4209-B2E3-B12C13EEA976,PEDESTRIAN,Cross/Enter at Intersection,NO IMPROPER ACTIONS,DRIVEWAY ACCESS MARKED CROSSWALK,NO PED. SIGNAL,MIXED CLOTHING,No,POSSIBLE INJURY,NONE,38.96293667,-77.08654,"(38.96293667, -77.08654)"
MCP23570016,15045896,MONTGOMERY,Injury Crash,09/11/2015 09:14:00 AM,,,,,PARKING LOT OF 9331 GEORGIA AVE,,PEDESTRIAN,SINGLE VEHICLE,CLEAR,,DAYLIGHT,N/A,N/A,N/A,EC70655A-C0AE-41DA-AB7D-A5C707325801,PEDESTRIAN,Other,UNKNOWN,OTHER,N/A,MIXED CLOTHING,Unknown,SUSPECTED MINOR INJURY,N/A,39.00839,-77.03974167,"(39.00839, -77.03974167)"
MCP2923000Z,15045892,MONTGOMERY,Injury Crash,09/11/2015 08:32:00 AM,County,ASPEN HILL RD,Maryland (State),VEIRS MILL RD,,N/A,PEDESTRIAN,OTHER,CLEAR,DRY,DAYLIGHT,TRAFFIC SIGNAL,NONE DETECTED,NONE DETECTED,B4A7CCF7-679C-4606-8EED-4C8BD17089BE,PEDESTRIAN,Cross/Enter at Intersection,NO IMPROPER ACTIONS,ON ROADWAY AT CROSSWALK,OBEYED PED. SIGNAL,N/A,No,SUSPECTED MINOR INJURY,NONE,39.06912833,-77.104945,"(39.06912833, -77.104945)"
MCP9130001K,15045701,MONTGOMERY,Injury Crash,09/10/2015 08:30:00 AM,,,,,"Driveway/Sidewalk in front of 8436 10th Avenue Silver Spring, MD 20903",,PEDESTRIAN,SINGLE VEHICLE,CLEAR,,DAYLIGHT,NO CONTROLS,NONE DETECTED,NONE DETECTED,640E696F-53E0-428C-8E98-FA222D1007C9,PEDESTRIAN,Walking to/from school,NO IMPROPER ACTIONS,SIDEWALK,N/A,LIGHT CLOTHING,No,SUSPECTED MINOR INJURY,NONE,38.99539167,-76.99128333,"(38.99539167, -76.99128333)"
MCP28090026,15045544,MONTGOMERY,Injury Crash,09/09/2015 01:40:00 PM,,,,,Parking lot of 12345 Georgia Avenue,,OTHER,OTHER,N/A,,DAYLIGHT,N/A,UNKNOWN,N/A,29788FD1-54F4-467E-A018-33BA5BD0DC45,OTHER,Other,NO IMPROPER ACTIONS,N/A,N/A,N/A,No,POSSIBLE INJURY,N/A,39.05783667,-77.04875833,"(39.05783667, -77.04875833)"
MCP1378007H,15045278,MONTGOMERY,Injury Crash,09/08/2015 11:44:00 AM,,,,,PARKING LOT OF 18310 MONTGOMERY VILLAGE AVE,,PEDESTRIAN,SINGLE VEHICLE,CLEAR,,DAYLIGHT,N/A,NONE DETECTED,NONE DETECTED,7C338032-0C51-4C48-8751-03C38DFE06D5,PEDESTRIAN,Other,DART DASH,OTHER,N/A,DARK CLOTHING,Yes,POSSIBLE INJURY,N/A,39.15738,-77.20676167,"(39.15738, -77.20676167)"
MCP2732000R,15045144,MONTGOMERY,Injury Crash,09/07/2015 05:29:00 PM,Maryland (State),UNIVERSITY BLVD W,County,WESTCHESTER DR,,N/A,BICYCLIST,STRAIGHT MOVEMENT ANGLE,CLEAR,DRY,DAYLIGHT,NO CONTROLS,NONE DETECTED,NONE DETECTED,EFCF8C48-F732-4441-8C14-9528F4C5736F,BICYCLIST,Cross/Enter at Intersection,NO IMPROPER ACTIONS,AT INTERSECTION BUT NO CROSSWALK,NO PED. SIGNAL,DARK CLOTHING,No,SUSPECTED MINOR INJURY,NONE,39.04058167,-77.04435833,"(39.04058167, -77.04435833)"
MCP2363000J,15045070,Montgomery County Police,Fatal Crash,09/07/2015 05:54:00 AM,Maryland (State),FREDERICK RD,Municipality,S WESTLAND DR,,GAITHERSBURG,PEDESTRIAN,SINGLE VEHICLE,CLEAR,DRY,DARK LIGHTS ON,TRAFFIC SIGNAL,N/A,NONE DETECTED,D911FD4C-C1B7-447F-ADD2-0E591A0E51BB,PEDESTRIAN,Cross/Enter at Intersection,UNKNOWN,ON ROADWAY AT CROSSWALK,DISOBEYED PED. SIGNAL,MIXED CLOTHING,Yes,FATAL INJURY,NONE,39.12599041,-77.18295693,"(39.12599041, -77.18295693)"
MCP2398000J,15044798,MONTGOMERY,Injury Crash,09/06/2015 03:45:00 PM,County,SNOUFFERS SCHOOL RD,Maryland (State),WOODFIELD RD,,N/A,PEDESTRIAN,STRAIGHT MOVEMENT ANGLE,CLEAR,DRY,DAYLIGHT,OTHER,UNKNOWN,NONE DETECTED,C96288A6-A168-48FE-A4BD-A144889E8201,PEDESTRIAN,Cross/Enter at Intersection,NO IMPROPER ACTIONS,ON ROADWAY AT CROSSWALK,NO PED. SIGNAL,MIXED CLOTHING,No,SUSPECTED MINOR INJURY,NONE,39.1608978,-77.16340899,"(39.1608978, -77.16340899)"
MCP2766001Q,15044823,MONTGOMERY,Injury Crash,09/05/2015 07:14:00 PM,,,,,At the entrance to the Citgo located at 13615 Georgia Ave,,BICYCLIST,STRAIGHT MOVEMENT ANGLE,CLEAR,,DAYLIGHT,N/A,NONE DETECTED,ALCOHOL PRESENT,B5EA0A9A-A4D0-482B-AFC2-F38F491B0527,BICYCLIST,Walking/Cycling on Sidewalk,INATTENTIVE,SIDEWALK,NO PED. SIGNAL,MIXED CLOTHING,Yes,POSSIBLE INJURY,NONE,39.07800028,-77.07120538,"(39.07800028, -77.07120538)"
MCP2964000V,15044621,MONTGOMERY,Injury Crash,09/04/2015 05:00:00 PM,County,MIDDLEBROOK RD,Maryland (State),FREDERICK RD,,N/A,BICYCLIST,STRAIGHT MOVEMENT ANGLE,CLEAR,DRY,DAYLIGHT,YIELD SIGN,NONE DETECTED,NONE DETECTED,A2B7366D-7142-416C-AD68-9BE9487645B1,BICYCLIST,Cross/Enter at Intersection,NO IMPROPER ACTIONS,AT INTERSECTION MARKED CROSSWALK,NO PED. SIGNAL,MIXED CLOTHING,No,SUSPECTED MINOR INJURY,NONE,39.18076775,-77.23862886,"(39.18076775, -77.23862886)"
MCP26080012,15043981,MONTGOMERY,Injury Crash,09/01/2015 05:33:00 PM,Maryland (State),GEORGIA AVE,County,AUGUST DR,,N/A,PEDESTRIAN,STRAIGHT MOVEMENT ANGLE,CLEAR,DRY,DAYLIGHT,TRAFFIC SIGNAL,NONE DETECTED,N/A,5B702C97-C2AA-42E9-8F75-F9D4C98D161D,PEDESTRIAN,Cross/Enter at Intersection,NO IMPROPER ACTIONS,ON ROADWAY AT CROSSWALK,OBEYED PED. SIGNAL,LIGHT CLOTHING,No,NO APPARENT INJURY,N/A,39.02128167,-77.04459667,"(39.02128167, -77.04459667)"
MCP26080012,15043981,MONTGOMERY,Injury Crash,09/01/2015 05:33:00 PM,Maryland (State),GEORGIA AVE,County,AUGUST DR,,N/A,PEDESTRIAN,STRAIGHT MOVEMENT ANGLE,CLEAR,DRY,DAYLIGHT,TRAFFIC SIGNAL,NONE DETECTED,NONE DETECTED,8C3A2386-E400-48E8-944D-C0D1611E0D13,PEDESTRIAN,Cross/Enter at Intersection,NO IMPROPER ACTIONS,ON ROADWAY AT CROSSWALK,OBEYED PED. SIGNAL,MIXED CLOTHING,No,POSSIBLE INJURY,N/A,39.02128167,-77.04459667,"(39.02128167, -77.04459667)"
MCP2966000Z,15043905,MONTGOMERY,Injury Crash,09/01/2015 10:23:00 AM,County,OLD BALTIMORE RD,Maryland (State),GEORGIA AVE,,N/A,BICYCLIST,OTHER,CLEAR,DRY,DAYLIGHT,TRAFFIC SIGNAL,NONE DETECTED,NONE DETECTED,613AB5F9-8B3B-4787-AB53-87D2FEA813F2,BICYCLIST,Cross/Enter at Intersection,N/A,ON ROADWAY AT CROSSWALK,UNKNOWN,DARK CLOTHING,No,SUSPECTED MINOR INJURY,MC/BIKE HELMET,39.13700921,-77.06881285,"(39.13700921, -77.06881285)"
MCP2927000J,15043582,MONTGOMERY,Injury Crash,08/30/2015 01:04:00 PM,Maryland (State),GEORGIA AVE,US (State),COLESVILLE RD,,N/A,PEDESTRIAN,SINGLE VEHICLE,CLOUDY,DRY,DAYLIGHT,TRAFFIC SIGNAL,NONE DETECTED,NONE DETECTED,6912BB1E-4DC7-4756-8C29-23C0F9B78633,PEDESTRIAN,Cross/Enter at Intersection,NO IMPROPER ACTIONS,AT INTERSECTION MARKED CROSSWALK,OBEYED PED. SIGNAL,MIXED CLOTHING,No,SUSPECTED MINOR INJURY,NONE,38.995755,-77.027755,"(38.995755, -77.027755)"
EJ7833000X,15043445,GAITHERSBURG,Injury Crash,08/29/2015 04:02:00 PM,,,,,"In front yard of 45 Portside Court Gaithersburg, MD 20877",,PEDESTRIAN,OTHER,CLEAR,,DAYLIGHT,NO CONTROLS,NONE DETECTED,NONE DETECTED,4B890F8D-C8F1-4878-B7A4-37A6EAA57C30,PEDESTRIAN,Playing,OTHER,OTHER,NO PED. SIGNAL,DARK CLOTHING,No,SUSPECTED MINOR INJURY,N/A,39.14383833,-77.18541167,"(39.14383833, -77.18541167)"
MCP2727000Q,15043407,MONTGOMERY,Injury Crash,08/29/2015 12:09:00 PM,,,,,"PARKINGLOT OF 20910 FREDERICK ROAD GERMANTOWN, MD 20876",,PEDESTRIAN,OTHER,CLEAR,,DAYLIGHT,NO CONTROLS,NONE DETECTED,NONE DETECTED,B0C34B5B-0995-4764-805E-76EB33C09F05,PEDESTRIAN,Other,NO IMPROPER ACTIONS,OTHER,N/A,MIXED CLOTHING,No,POSSIBLE INJURY,N/A,39.20296833,-77.25091167,"(39.20296833, -77.25091167)"
MCP26670013,15043390,MONTGOMERY,Injury Crash,08/29/2015 09:55:00 AM,,,,,acess road between 30 N Summit Ave and 32 N Summit Ave,,PEDESTRIAN,OTHER,CLEAR,,DAYLIGHT,NO CONTROLS,NONE DETECTED,NONE DETECTED,C3FDEE48-ACF6-4608-9360-BDABE1A5C36E,PEDESTRIAN,Other Working,NOT VISIBLE,OTHER,N/A,MIXED CLOTHING,Yes,SUSPECTED MINOR INJURY,NONE,39.14350816,-77.19279528,"(39.14350816, -77.19279528)"
MCP1563001J,15043293,MONTGOMERY,Injury Crash,08/28/2015 08:31:00 PM,,,,,parking lot of 9601 Cedar Ln,,BICYCLIST,OTHER,CLEAR,,DARK LIGHTS ON,N/A,NONE DETECTED,NONE DETECTED,D5E49F9C-070C-4F83-B617-3DFC364AD8B0,BICYCLIST,Other,UNKNOWN,N/A,N/A,DARK CLOTHING,Unknown,SUSPECTED MINOR INJURY,MC/BIKE HELMET,39.01379167,-77.08903167,"(39.01379167, -77.08903167)"
MCP20010009,15043165,MONTGOMERY,Fatal Crash,08/28/2015 06:15:00 AM,Maryland (State),MASSACHUSETTS AVE,County,OSCEOLA RD,,N/A,BICYCLIST,SAME DIR REAR END,CLEAR,DRY,DAWN,N/A,NONE DETECTED,NONE DETECTED,D966313B-B6D2-4340-9624-13D9336F0002,BICYCLIST,Walking/Riding w/Traffic,UNKNOWN,SHOULDER,N/A,LIGHT CLOTHING,No,FATAL INJURY,MC/BIKE HELMET,38.96492,-77.12308833,"(38.96492, -77.12308833)"
MCP2439000K,15043068,MONTGOMERY,Injury Crash,08/27/2015 05:45:00 PM,County,MONTGOMERY VILLAGE AVE,County,WALKERS CHOICE RD,,N/A,BICYCLIST,OTHER,CLEAR,DRY,DAYLIGHT,NO CONTROLS,N/A,N/A,AA17353D-5F98-46F1-A201-9784DB94E045,BICYCLIST,Walking/Riding against Traffic,IN ROADWAY IMPROPERLY,OUTSIDE RIGHT OF WAY,NO PED. SIGNAL,MIXED CLOTHING,Yes,SUSPECTED MINOR INJURY,NONE,39.16538881,-77.20480084,"(39.16538881, -77.20480084)"
MCP0036002R,15043045,MONTGOMERY,Injury Crash,08/27/2015 04:04:00 PM,Maryland (State),RIDGE RD,Maryland (State),MAIN ST,,N/A,BICYCLIST,SINGLE VEHICLE,CLEAR,DRY,DAYLIGHT,NO CONTROLS,NONE DETECTED,NONE DETECTED,54AF657D-FCA7-440E-807D-4A8B5A421680,BICYCLIST,Walking/Riding w/Traffic,NO IMPROPER ACTIONS,ON ROADWAY NOT AT CROSSWALK,N/A,MIXED CLOTHING,No,SUSPECTED SERIOUS INJURY,NONE,39.28840503,-77.20512003,"(39.28840503, -77.20512003)"
MCP2504000X,15042843,MONTGOMERY,Injury Crash,08/26/2015 04:15:00 PM,County,DARNESTOWN RD,County,GLEN MILL RD,,N/A,BICYCLIST,STRAIGHT MOVEMENT ANGLE,CLEAR,DRY,DAYLIGHT,TRAFFIC SIGNAL,NONE DETECTED,NONE DETECTED,7C786537-AF72-4A8E-9E22-8F302A77CD65,BICYCLIST,Cross/Enter at Intersection,FAILURE TO OBEY TRAFFIC SIGNS SIGNALS OR OFFICER,ON ROADWAY AT CROSSWALK,DISOBEYED PED. SIGNAL,MIXED CLOTHING,Yes,SUSPECTED MINOR INJURY,MC/BIKE HELMET,39.092535,-77.19375833,"(39.092535, -77.19375833)"
MCP2191000J,15009871,MONTGOMERY,Injury Crash,08/26/2015 01:38:00 PM,County,HILLMEAD RD,County,FERNWOOD RD,,N/A,PEDESTRIAN,OTHER,N/A,DRY,DAYLIGHT,NO CONTROLS,NONE DETECTED,NONE DETECTED,002AEA9C-1FA3-4ACD-A473-14D342634F15,PEDESTRIAN,Standing,NO IMPROPER ACTIONS,ON ROADWAY NOT AT CROSSWALK,N/A,N/A,No,POSSIBLE INJURY,N/A,39.00507167,-77.13367833,"(39.00507167, -77.13367833)"
MCP2676001F,15042691,MONTGOMERY,Injury Crash,08/25/2015 09:03:00 PM,County,STEDWICK RD,County,MONTGOMERY VILLAGE AVE,,N/A,BICYCLIST,OTHER,CLEAR,DRY,DARK LIGHTS ON,TRAFFIC SIGNAL,N/A,N/A,A3840532-34FE-4699-87A7-A68A291ED003,BICYCLIST,Cross/Enter at Intersection,NO IMPROPER ACTIONS,ON ROADWAY AT CROSSWALK,N/A,N/A,No,SUSPECTED MINOR INJURY,NONE,39.16959167,-77.20456,"(39.16959167, -77.20456)"
MCP28890013,15042687,MONTGOMERY,Injury Crash,08/25/2015 08:52:00 PM,Maryland (State),UNIVERSITY BLVD W,County,CADDINGTON AVE,,N/A,PEDESTRIAN,SINGLE VEHICLE,CLEAR,DRY,DARK LIGHTS ON,TRAFFIC SIGNAL,N/A,NONE DETECTED,C42044D6-AF9D-4F5F-B40B-A3D616497D2D,PEDESTRIAN,Cross/Enter at Intersection,NO IMPROPER ACTIONS,ON ROADWAY AT CROSSWALK,OBEYED PED. SIGNAL,DARK CLOTHING,No,POSSIBLE INJURY,N/A,39.03350699,-77.02369004,"(39.03350699, -77.02369004)"
MCP2635002C,15042668,MONTGOMERY,Injury Crash,08/25/2015 06:19:00 PM,Maryland (State),DAMASCUS RD,County,SUNDOWN RD,,N/A,BICYCLIST,HEAD ON LEFT TURN,CLEAR,DRY,DAYLIGHT,NO CONTROLS,N/A,N/A,805B5A5A-B285-462C-AD0D-1BC498E414E3,BICYCLIST,Walking/Riding w/Traffic,NO IMPROPER ACTIONS,SHOULDER,NO PED. SIGNAL,LIGHT CLOTHING,No,POSSIBLE INJURY,MC/BIKE HELMET,39.22647833,-77.06983667,"(39.22647833, -77.06983667)"
MCP1366003F,15042547,MONTGOMERY,Injury Crash,08/25/2015 07:57:00 AM,County,REDLAND RD,Other Public Roadway,SOMERVILLE DR,,N/A,PEDESTRIAN,HEAD ON LEFT TURN,CLEAR,DRY,DAYLIGHT,TRAFFIC SIGNAL,NONE DETECTED,NONE DETECTED,C9ABB82C-FC9C-4E34-9116-CDB6E7240414,PEDESTRIAN,Cross/Enter at Intersection,NO IMPROPER ACTIONS,AT INTERSECTION MARKED CROSSWALK,OBEYED PED. SIGNAL,LIGHT CLOTHING,No,SUSPECTED SERIOUS INJURY,NONE,39.08043167,-77.07862833,"(39.08043167, -77.07862833)"
MCP2829001K,15042332,MONTGOMERY,Injury Crash,08/23/2015 10:02:00 PM,County,LOCKWOOD DR,Maryland (State),NEW HAMPSHIRE AVE,,N/A,PEDESTRIAN,OTHER,CLOUDY,DRY,DARK LIGHTS ON,NO CONTROLS,NONE DETECTED,NONE DETECTED,5FD5C1A0-941B-49B2-9125-9BB56E61A992,PEDESTRIAN,Cross/Enter not at Intersection,IN ROADWAY IMPROPERLY,ON ROADWAY NOT AT CROSSWALK,NO PED. SIGNAL,DARK CLOTHING,Yes,SUSPECTED MINOR INJURY,NONE,39.03932833,-76.99142,"(39.03932833, -76.99142)"
MCP2849001H,15042321,MONTGOMERY,Injury Crash,08/23/2015 07:30:00 PM,Maryland (State),GEORGIA AVE,Unknown,ENT TO BUSINESS,,N/A,OTHER CONVEYANCE,OTHER,N/A,DRY,DAYLIGHT,NO CONTROLS,UNKNOWN,ALCOHOL PRESENT,9CE6EF98-A052-47E9-857A-61BF349FB095,OTHER CONVEYANCE,Other,NO IMPROPER ACTIONS,DRIVEWAY ACCESS MARKED CROSSWALK,NO PED. SIGNAL,UNKNOWN,No,SUSPECTED MINOR INJURY,N/A,39.08513759,-77.07868874,"(39.08513759, -77.07868874)"
MCP2866001J,15042115,MONTGOMERY,Injury Crash,08/22/2015 04:58:00 PM,County,TUCKERMAN LA,County,MONTROSE AVE,,N/A,BICYCLIST,STRAIGHT MOVEMENT ANGLE,CLEAR,DRY,DAYLIGHT,STOP SIGN,NONE DETECTED,NONE DETECTED,56E02D29-11B2-4D99-9FDF-405A71DE190C,BICYCLIST,Cross/Enter at Intersection,NO IMPROPER ACTIONS,AT INTERSECTION MARKED CROSSWALK,NO PED. SIGNAL,DARK CLOTHING,No,POSSIBLE INJURY,MC/BIKE HELMET,39.02618333,-77.10142833,"(39.02618333, -77.10142833)"
MCP2048000L,15041762,MONTGOMERY,Injury Crash,08/21/2015 08:15:00 PM,County,OLD COLUMBIA PIKE,Unknown,TREETOP LA,,N/A,PEDESTRIAN,OTHER,RAINING,WET,DARK LIGHTS ON,STOP SIGN,UNKNOWN,NONE DETECTED,869613E8-15D6-49FF-9972-32BDCB4A6DD8,PEDESTRIAN,Cross/Enter at Intersection,UNKNOWN,UNKNOWN,UNKNOWN,MIXED CLOTHING,Unknown,SUSPECTED MINOR INJURY,N/A,39.0591,-76.96922833,"(39.0591, -76.96922833)"
MCP24460019,15041947,MONTGOMERY,Injury Crash,08/21/2015 06:54:00 PM,County,MIDDLEBROOK RD,Unknown,CROSSRIDGE DR,,N/A,BICYCLIST,STRAIGHT MOVEMENT ANGLE,N/A,DRY,DAYLIGHT,STOP SIGN,NONE DETECTED,NONE DETECTED,9776FCF3-A24E-4EB2-9C91-AB37161FB41A,BICYCLIST,Cross/Enter at Intersection,IN ROADWAY IMPROPERLY,AT INTERSECTION BUT NO CROSSWALK,NO PED. SIGNAL,MIXED CLOTHING,Yes,SUSPECTED MINOR INJURY,NONE,39.174871,-77.259142,"(39.174871, -77.259142)"
MCP2968000T,15041885,MONTGOMERY,Property Damage Crash,08/21/2015 02:01:00 PM,Maryland (State),DARNESTOWN RD,County,BLACKBERRY DR,,N/A,BICYCLIST,SINGLE VEHICLE,CLEAR,DRY,DAYLIGHT,TRAFFIC SIGNAL,N/A,N/A,1402DDE6-933D-4433-BC4A-FDBB38771EE9,BICYCLIST,Walking/Riding w/Traffic,N/A,SHOULDER,OBEYED PED. SIGNAL,LIGHT CLOTHING,No,NO APPARENT INJURY,MC/BIKE HELMET,39.11539443,-77.24898219,"(39.11539443, -77.24898219)"
MCP2247000X,15041756,Montgomery County Police,Injury Crash,08/20/2015 08:43:00 PM,,OUTLET DRIVE,,BRIGGS CHANEY ROAD,,N/A,OTHER CONVEYANCE,STRAIGHT MOVEMENT ANGLE,BLOWING SNOW,WET,DARK LIGHTS ON,STOP SIGN,NONE DETECTED,NONE DETECTED,EABD8CE9-D580-43F0-8F99-AF4EE9238DF5,OTHER CONVEYANCE,Cross/Enter at Intersection,IN ROADWAY IMPROPERLY,AT INTERSECTION BUT NO CROSSWALK,N/A,DARK CLOTHING,Yes,SUSPECTED MINOR INJURY,N/A,39.08165167,-76.94591,"(39.08165167, -76.94591)"
MCP2736002V,15041699,MONTGOMERY,Property Damage Crash,08/20/2015 03:20:00 PM,County,WESTBARD AVE,County,RIDGEFIELD RD,,N/A,BICYCLIST,STRAIGHT MOVEMENT ANGLE,CLEAR,DRY,DAYLIGHT,TRAFFIC SIGNAL,UNKNOWN,NONE DETECTED,A2C31B97-5FDF-475E-814A-B6E6B4B7EC99,BICYCLIST,Cross/Enter at Intersection,NO IMPROPER ACTIONS,AT INTERSECTION MARKED CROSSWALK,OBEYED PED. SIGNAL,LIGHT CLOTHING,No,NO APPARENT INJURY,MC/BIKE HELMET,38.96544833,-77.10710833,"(38.96544833, -77.10710833)"
MCP22690006,15041510,MONTGOMERY,Injury Crash,08/19/2015 03:45:00 PM,,,,,PARKING LOT IN AREA OF 9918 RIDGE LINE DRIVE,,BICYCLIST,OTHER,CLEAR,,DAYLIGHT,N/A,NONE DETECTED,NONE DETECTED,618AAC34-CA09-41A6-BE75-E70DFD0F6A3D,BICYCLIST,Other,INATTENTIVE,OTHER,N/A,MIXED CLOTHING,Unknown,POSSIBLE INJURY,NONE,39.175048,-77.204355,"(39.175048, -77.204355)"
MCP26120010,15041312,Montgomery County Police,Injury Crash,08/18/2015 03:20:00 PM,,SOUTH LEISURE WORLD BLVD,,DEERHURST LA,,N/A,PEDESTRIAN,SAME DIR REAR END,CLEAR,DRY,DAYLIGHT,NO CONTROLS,NONE DETECTED,NONE DETECTED,DEAE2202-E6C2-477C-8CA4-ED2F28E8443E,PEDESTRIAN,Other Working,NO IMPROPER ACTIONS,ON ROADWAY NOT AT CROSSWALK,NO PED. SIGNAL,UNKNOWN,No,POSSIBLE INJURY,OTHER,39.09637,-77.06582,"(39.09637, -77.06582)"
MCP2708000P,15041202,MONTGOMERY,Injury Crash,08/17/2015 09:24:00 PM,Maryland (State),PINEY BRANCH RD,County,FLOWER AVE,,N/A,PEDESTRIAN,SAME DIRECTION LEFT TURN,CLEAR,DRY,DARK LIGHTS ON,TRAFFIC SIGNAL,NONE DETECTED,NONE DETECTED,AB6A4B41-6D63-448D-B981-7FB1C43A982B,PEDESTRIAN,Cross/Enter at Intersection,NO IMPROPER ACTIONS,ON ROADWAY AT CROSSWALK,OBEYED PED. SIGNAL,MIXED CLOTHING,No,POSSIBLE INJURY,N/A,38.9982332,-77.00356007,"(38.9982332, -77.00356007)"
MCP2923000X,15041154,MONTGOMERY,Injury Crash,08/17/2015 05:22:00 PM,Municipality,CHRISTOPHER AVE,Maryland (State),FREDERICK RD,,N/A,BICYCLIST,OTHER,CLEAR,DRY,DAYLIGHT,YIELD SIGN,NONE DETECTED,NONE DETECTED,D4939AA3-5B0C-4DD2-95FD-9A54F7080ACD,BICYCLIST,Cross/Enter at Intersection,UNKNOWN,AT INTERSECTION MARKED CROSSWALK,N/A,LIGHT CLOTHING,Yes,POSSIBLE INJURY,NONE,39.15638667,-77.216545,"(39.15638667, -77.216545)"
DD5583000N,15041103,ROCKVILLE,Injury Crash,08/17/2015 01:28:00 PM,,,,,PARKING LOT OF THE GIANT FOODS 625 HUNGERFORD DR ROCKVILLE,,PEDESTRIAN,SINGLE VEHICLE,CLEAR,,DAYLIGHT,N/A,NONE DETECTED,NONE DETECTED,8AAF039C-42B9-43F7-9666-A6F1FDDF0A76,PEDESTRIAN,Other,NO IMPROPER ACTIONS,OTHER,N/A,MIXED CLOTHING,No,SUSPECTED MINOR INJURY,N/A,39.09248235,-77.15241194,"(39.09248235, -77.15241194)"
MCP26890010,15041061,MONTGOMERY,Injury Crash,08/17/2015 10:25:00 AM,Maryland (State),ROCKVILLE PIKE,Municipality,TALBOTT ST,,ROCKVILLE,BICYCLIST,STRAIGHT MOVEMENT ANGLE,CLEAR,DRY,DAYLIGHT,NO CONTROLS,NONE DETECTED,NONE DETECTED,BAFFA8C7-DF9F-4639-8BDF-7B8CBFCF422B,BICYCLIST,Walking/Cycling on Sidewalk,NO IMPROPER ACTIONS,SIDEWALK,NO PED. SIGNAL,LIGHT CLOTHING,No,SUSPECTED MINOR INJURY,NONE,39.07171185,-77.13299274,"(39.07171185, -77.13299274)"