Report Number,Local Case Number,Agency Name,ACRS Report Type,Crash Date/Time,Route Type,Road Name,Cross-Street Type,Cross-Street Name,Off-Road Description,Municipality,Related Non-Motorist,Collision Type,Weather,Surface Condition,Light,Traffic Control,Driver Substance Abuse,Non-Motorist Substance Abuse,Person ID,Pedestrian Type,Pedestrian Movement,Pedestrian Actions,Pedestrian Location,Pedestrian Obeyed Traffic Signal,Pedestrian Visibility,At Fault,Injury Severity,Safety Equipment,Latitude,Longitude,Location
MCP2967000G,15030920,Montgomery County Police,Injury Crash,06/24/2015 10:57:00 PM,County,MARINELLI RD,Maryland (State),ROCKVILLE PIKE,,N/A,PEDESTRIAN,SAME DIRECTION SIDESWIPE,CLEAR,DRY,DARK LIGHTS ON,TRAFFIC SIGNAL,UNKNOWN,NONE DETECTED,D059832F-7F86-4259-AA88-6C47404710B1,PEDESTRIAN,Cross/Enter not at Intersection,FAILURE TO YIELD RIGHT OF WAY,ON ROADWAY NOT AT CROSSWALK,UNKNOWN,UNKNOWN,,SUSPECTED SERIOUS INJURY,NONE,39.04727745,-77.11285472,"(39.04727745, -77.11285472)"
MCP2948000D,15030901,Montgomery County Police,Injury Crash,06/24/2015 10:00:00 PM,,,,,"exiting the shopping plaza onto Georgia Avenue. Off road, just before Georgia Avenue.",,PEDESTRIAN,OTHER,CLEAR,,DARK LIGHTS ON,NO CONTROLS,NONE DETECTED,NONE DETECTED,9C47C16B-B17A-4E1E-B39D-D1F5AABF932E,PEDESTRIAN,Walking/Cycling on Sidewalk,NO IMPROPER ACTIONS,SIDEWALK,NO PED. SIGNAL,MIXED CLOTHING,,POSSIBLE INJURY,N/A,39.15259507,-77.06695274,"(39.15259507, -77.06695274)"
MCP2613000F,15030869,Montgomery County Police,Injury Crash,06/24/2015 07:27:00 PM,,,,,"On the sidewalk located at 411 N. Frederick Ave, Gaithersburg Maryland",,PEDESTRIAN,OTHER,CLEAR,,DAYLIGHT,NO CONTROLS,NONE DETECTED,UNKNOWN,8794AFC7-60B0-4FE4-9A1C-B4E9BEA43B06,PEDESTRIAN,Walking/Cycling on Sidewalk,NO IMPROPER ACTIONS,SIDEWALK,NO PED. SIGNAL,LIGHT CLOTHING,,SUSPECTED MINOR INJURY,NONE,39.146765,-77.20504833,"(39.146765, -77.20504833)"
EJ78520010,15030791,Gaithersburg Police Depar,Injury Crash,06/24/2015 12:23:00 PM,Maryland (State),S FREDERICK RD,Municipality,CEDAR AVE,,GAITHERSBURG,PEDESTRIAN,SAME DIR REAR END,N/A,DRY,DAYLIGHT,OTHER,UNKNOWN,N/A,F0BBBE0E-D1D8-400F-B753-C3300E5EAA75,PEDESTRIAN,Other Working,NO IMPROPER ACTIONS,OTHER,N/A,REFLECTIVE MATERIAL,,SUSPECTED SERIOUS INJURY,REFLECTIVE CLOTHING,39.13965546,-77.196486,"(39.13965546, -77.196486)"
MCP15650014,15030756,Montgomery County Police,Injury Crash,06/24/2015 08:54:00 AM,Maryland (State),CONNECTICUT AVE,County,INDEPENDENCE ST,,N/A,BICYCLIST,OTHER,CLEAR,DRY,DAYLIGHT,TRAFFIC SIGNAL,NONE DETECTED,NONE DETECTED,F2D19952-FFF9-4A65-93F4-1EC89AFB6618,BICYCLIST,Cross/Enter at Intersection,NO IMPROPER ACTIONS,AT INTERSECTION MARKED CROSSWALK,OBEYED PED. SIGNAL,MIXED CLOTHING,,POSSIBLE INJURY,NONE,39.07672667,-77.0803,"(39.07672667, -77.0803)"
DM8453000C,15030651,Takoma Park Police Depart,Injury Crash,06/23/2015 03:54:00 PM,,,,,Entrance of Parking Lot,,BICYCLIST,HEAD ON,CLEAR,,DAYLIGHT,NO CONTROLS,NONE DETECTED,NONE DETECTED,AF3148B9-D69D-4824-A1CB-8B415C4250F0,BICYCLIST,Walking/Cycling on Sidewalk,FAILURE TO YIELD RIGHT OF WAY,SIDEWALK,N/A,MIXED CLOTHING,,SUSPECTED MINOR INJURY,N/A,38.98126317,-77.01094151,"(38.98126317, -77.01094151)"
MCP28810015,15030553,Montgomery County Police,Injury Crash,06/23/2015 07:36:00 AM,County,CENTURY BLVD,County,MIDDLEBROOK RD,,N/A,BICYCLIST,OTHER,CLEAR,DRY,DAYLIGHT,TRAFFIC SIGNAL,NONE DETECTED,UNKNOWN,355F55E4-91C8-4A6C-B602-C8A9B25C3BAB,BICYCLIST,Cross/Enter at Intersection,IN ROADWAY IMPROPERLY,ON ROADWAY AT CROSSWALK,DISOBEYED PED. SIGNAL,OTHER,,POSSIBLE INJURY,NONE,39.18019391,-77.26860523,"(39.18019391, -77.26860523)"
EJ77470015,15030436,Gaithersburg Police Depar,Injury Crash,06/22/2015 12:45:00 PM,Municipality,CHESTERTOWN ST,Municipality,LITTLE QUARRY RD,,GAITHERSBURG,PEDESTRIAN,HEAD ON LEFT TURN,N/A,DRY,DAYLIGHT,NO CONTROLS,NONE DETECTED,NONE DETECTED,3CB1A0A3-365E-4869-8F36-50239E572364,PEDESTRIAN,Cross/Enter not at Intersection,N/A,ON ROADWAY NOT AT CROSSWALK,NO PED. SIGNAL,LIGHT CLOTHING,,POSSIBLE INJURY,N/A,39.123305,-77.24685333,"(39.123305, -77.24685333)"
MCP1202000K,15030096,Montgomery County Police,Injury Crash,06/20/2015 08:06:00 AM,County,MACARTHUR BLVD,County,MOHICAN RD,,N/A,BICYCLIST,HEAD ON LEFT TURN,CLEAR,DRY,DAYLIGHT,NO CONTROLS,NONE DETECTED,NONE DETECTED,51461ADE-EFB9-4089-BA20-37F3FE918622,BICYCLIST,Walking/Riding w/Traffic,NO IMPROPER ACTIONS,IN BIKEWAY,N/A,N/A,,SUSPECTED MINOR INJURY,MC/BIKE HELMET,38.95980667,-77.13144167,"(38.95980667, -77.13144167)"
MCP29050013,15030009,Montgomery County Police,Property Damage Crash,06/19/2015 05:25:00 PM,County,ROCKING HORSE RD,County,BOILING BROOK PKWY,,N/A,BICYCLIST,STRAIGHT MOVEMENT ANGLE,CLOUDY,DRY,DAYLIGHT,STOP SIGN,NONE DETECTED,ALCOHOL PRESENT,443DE02C-B11F-4DF2-A3C6-EB5068747281,BICYCLIST,Cross/Enter at Intersection,FAILURE TO YIELD RIGHT OF WAY,ON ROADWAY AT CROSSWALK,N/A,MIXED CLOTHING,,NO APPARENT INJURY,NONE,39.04771698,-77.09821656,"(39.04771698, -77.09821656)"
MCP2680001F,15029963,Montgomery County Police,Injury Crash,06/19/2015 02:00:00 PM,Maryland (State),COLESVILLE RD,County,SECOND AVE,,N/A,PEDESTRIAN,STRAIGHT MOVEMENT ANGLE,CLEAR,DRY,DAYLIGHT,TRAFFIC SIGNAL,NONE DETECTED,NONE DETECTED,096A825F-8178-42C2-8266-E1B0485D4317,PEDESTRIAN,Cross/Enter at Intersection,NO IMPROPER ACTIONS,ON ROADWAY AT CROSSWALK,OBEYED PED. SIGNAL,LIGHT CLOTHING,,SUSPECTED MINOR INJURY,NONE,38.99485167,-77.03069833,"(38.99485167, -77.03069833)"
MCP21160026,15029921,Montgomery County Police,Injury Crash,06/19/2015 10:51:00 AM,,,,,Parking Lot of 7945 Tuckerman Lane,,PEDESTRIAN,STRAIGHT MOVEMENT ANGLE,CLEAR,,DAYLIGHT,N/A,NONE DETECTED,NONE DETECTED,8242B525-F4EC-4079-8D59-198794010B22,PEDESTRIAN,Standing,NO IMPROPER ACTIONS,ON ROADWAY NOT AT CROSSWALK,N/A,MIXED CLOTHING,,SUSPECTED MINOR INJURY,NONE,39.04094667,-77.15733833,"(39.04094667, -77.15733833)"
MCP1417003D,15029880,Montgomery County Police,Injury Crash,06/19/2015 07:37:00 AM,County,MIDCOUNTY HWY,Unknown,ENT TO SHADY GROVE MIDDLE SCHOOL,,N/A,BICYCLIST,SAME DIRECTION RIGHT TURN,CLEAR,DRY,DAYLIGHT,NO CONTROLS,NONE DETECTED,NONE DETECTED,E8AA977B-AFBA-4021-BACF-F9A8A8939BE8,BICYCLIST,Walking/Riding w/Traffic,NO IMPROPER ACTIONS,IN BIKEWAY,N/A,MIXED CLOTHING,,SUSPECTED MINOR INJURY,MC/BIKE HELMET,39.14394084,-77.16219664,"(39.14394084, -77.16219664)"
MCP2717001F,15029647,Montgomery County Police,Injury Crash,06/18/2015 01:18:00 AM,US (State),COLUMBIA PIKE,County,STEWART LA,,N/A,PEDESTRIAN,OTHER,RAINING,WET,DARK NO LIGHTS,NO CONTROLS,NONE DETECTED,ALCOHOL PRESENT,5D1468B5-C307-4909-8A3D-2C5FA5F93C20,PEDESTRIAN,Unknown,UNKNOWN,ON ROADWAY NOT AT CROSSWALK,NO PED. SIGNAL,MIXED CLOTHING,,SUSPECTED MINOR INJURY,NONE,39.04839167,-76.98383333,"(39.04839167, -76.98383333)"
MCP1378006L,15029556,Montgomery County Police,Injury Crash,06/17/2015 04:23:00 PM,County,WALKERS CHOICE RD,County,MONTGOMERY VILLAGE AVE,,N/A,BICYCLIST,STRAIGHT MOVEMENT ANGLE,CLOUDY,DRY,DAYLIGHT,TRAFFIC SIGNAL,NONE DETECTED,NONE DETECTED,F847E8CE-6578-4A58-B678-F9AA618F8AB1,BICYCLIST,Cross/Enter at Intersection,NO IMPROPER ACTIONS,ON ROADWAY AT CROSSWALK,DISOBEYED PED. SIGNAL,DARK CLOTHING,,POSSIBLE INJURY,MC/BIKE HELMET,39.16136167,-77.20243,"(39.16136167, -77.20243)"
MCP2370001T,15029532,Montgomery County Police,Injury Crash,06/17/2015 02:23:00 PM,Maryland (State),NEW HAMPSHIRE AVE,County,POWDER MILL RD,,N/A,OTHER CONVEYANCE,STRAIGHT MOVEMENT ANGLE,CLOUDY,DRY,DAYLIGHT,TRAFFIC SIGNAL,NONE DETECTED,UNKNOWN,CC438BEC-4F6C-49E5-9827-3389D24029E5,OTHER CONVEYANCE,Other,IN ROADWAY IMPROPERLY,ON ROADWAY NOT AT CROSSWALK,UNKNOWN,UNKNOWN,,SUSPECTED SERIOUS INJURY,NONE,39.02205333,-76.97723333,"(39.02205333, -76.97723333)"
MCP2886000J,15029525,Montgomery County Police,Injury Crash,06/17/2015 01:20:00 PM,County,AMHERST AVE,County,REEDIE DR,,N/A,PEDESTRIAN,SAME DIR REAR END,CLEAR,DRY,DAYLIGHT,N/A,NONE DETECTED,NONE DETECTED,F21E3D71-3DB1-406E-B604-840DE667EE2B,PEDESTRIAN,Walking/Cycling on Sidewalk,NO IMPROPER ACTIONS,SIDEWALK,N/A,MIXED CLOTHING,,POSSIBLE INJURY,N/A,39.03931966,-77.04866409,"(39.03931966, -77.04866409)"
MCP2975000D,15029460,Montgomery County Police,Injury Crash,06/17/2015 07:01:00 AM,Maryland (State),GEORGIA AVE,County,SHOREFIELD RD,,N/A,PEDESTRIAN,OTHER,CLEAR,DRY,DAYLIGHT,TRAFFIC SIGNAL,NONE DETECTED,NONE DETECTED,C0390AAE-3C52-4E14-B653-C6FFF9176BA7,PEDESTRIAN,Cross/Enter not at Intersection,IN ROADWAY IMPROPERLY,ON ROADWAY NOT AT CROSSWALK,DISOBEYED PED. SIGNAL,DARK CLOTHING,,SUSPECTED SERIOUS INJURY,N/A,39.05252,-77.05076,"(39.05252, -77.05076)"
MCP2766001H,15029383,Montgomery County Police,Injury Crash,06/16/2015 08:00:00 PM,Maryland (State),VEIRS MILL RD,County,TURKEY BRANCH PKWY,,N/A,BICYCLIST,STRAIGHT MOVEMENT ANGLE,CLEAR,DRY,DAYLIGHT,WARNING SIGN,NONE DETECTED,NONE DETECTED,C872722A-C876-4AD2-BD2A-DE51325A6F1B,BICYCLIST,Cross/Enter at Intersection,NO IMPROPER ACTIONS,ON ROADWAY AT CROSSWALK,OBEYED PED. SIGNAL,LIGHT CLOTHING,,SUSPECTED MINOR INJURY,MC/BIKE HELMET,39.06028667,-77.08915833,"(39.06028667, -77.08915833)"
MCP2877001G,15029495,Montgomery County Police,Injury Crash,06/16/2015 03:10:00 PM,County,CRESTMOOR DR,US (State),COLESVILLE RD,,N/A,BICYCLIST,STRAIGHT MOVEMENT ANGLE,UNKNOWN,UNKNOWN,DAYLIGHT,NO CONTROLS,UNKNOWN,UNKNOWN,25DB2EA1-EF73-4C64-9D33-C0A84FF94D18,BICYCLIST,Cross/Enter at Intersection,UNKNOWN,SIDEWALK,UNKNOWN,LIGHT CLOTHING,,SUSPECTED MINOR INJURY,MC/BIKE HELMET,39.02795221,-77.00903177,"(39.02795221, -77.00903177)"
DD55020019,15029309,Rockville Police Departme,Injury Crash,06/16/2015 12:30:00 PM,Municipality,FREDERICK AVE,Municipality,LENMOR AVE,,ROCKVILLE,PEDESTRIAN,OTHER,CLEAR,DRY,DAYLIGHT,NO CONTROLS,NONE DETECTED,NONE DETECTED,1F5125CD-7822-4438-B7F5-4598C674B18E,PEDESTRIAN,Cross/Enter not at Intersection,DART DASH,ON ROADWAY NOT AT CROSSWALK,NO PED. SIGNAL,MIXED CLOTHING,,SUSPECTED MINOR INJURY,NONE,39.09484833,-77.14877,"(39.09484833, -77.14877)"
DD5583000G,15029296,Rockville Police Departme,Injury Crash,06/16/2015 11:14:00 AM,Municipality,STANLEY AVE,Municipality,STANLEY CT,,ROCKVILLE,PEDESTRIAN,N/A,CLEAR,DRY,DAYLIGHT,N/A,NONE DETECTED,NONE DETECTED,FE7CC2FE-C206-4CD4-8840-1143E0B46959,PEDESTRIAN,Cross/Enter not at Intersection,FAILURE TO YIELD RIGHT OF WAY,ON ROADWAY NOT AT CROSSWALK,N/A,MIXED CLOTHING,,SUSPECTED MINOR INJURY,N/A,39.06938374,-77.1264106,"(39.06938374, -77.1264106)"
MCP2938000C,15029220,Montgomery County Police,Injury Crash,06/15/2015 09:34:00 PM,County,WOODMONT AVE,County,HAMPDEN LA,,N/A,BICYCLIST,OTHER,CLEAR,DRY,DARK LIGHTS ON,TRAFFIC SIGNAL,NONE DETECTED,NONE DETECTED,0F29061B-783B-4771-B024-C2A69E65E82E,BICYCLIST,Cross/Enter at Intersection,NO IMPROPER ACTIONS,ON ROADWAY AT CROSSWALK,OBEYED PED. SIGNAL,LIGHT CLOTHING,,POSSIBLE INJURY,UNKNOWN,38.98270599,-77.09604263,"(38.98270599, -77.09604263)"
MCP2968000M,15029204,Montgomery County Police,Injury Crash,06/15/2015 07:48:00 PM,Municipality,COLLEGE PKWY,Municipality,YALE PL,,ROCKVILLE,BICYCLIST,OTHER,CLEAR,DRY,DAYLIGHT,NO CONTROLS,N/A,N/A,697EF1FF-45B4-4515-A180-85F8D404C0E4,BICYCLIST,Cross/Enter at Intersection,IN ROADWAY IMPROPERLY,ON ROADWAY NOT AT CROSSWALK,NO PED. SIGNAL,DARK CLOTHING,,SUSPECTED MINOR INJURY,UNKNOWN,39.10149155,-77.16103792,"(39.10149155, -77.16103792)"
MCP1580003H,15029144,Montgomery County Police,Injury Crash,06/15/2015 03:55:00 PM,County,CLUB HOUSE RD,County,MONTGOMERY VILLAGE AVE,,N/A,PEDESTRIAN,SINGLE VEHICLE,CLEAR,DRY,DAYLIGHT,NO CONTROLS,NONE DETECTED,NONE DETECTED,427011B3-37A4-4B4F-96AE-4B2F686824C1,PEDESTRIAN,Cross/Enter not at Intersection,DART DASH,ON ROADWAY NOT AT CROSSWALK,NO PED. SIGNAL,MIXED CLOTHING,,SUSPECTED MINOR INJURY,N/A,39.1746,-77.20453667,"(39.1746, -77.20453667)"
MCP2736002L,15029151,Montgomery County Police,Injury Crash,06/15/2015 03:37:00 PM,Government,BEACH DR,Maryland (State),EAST WEST HWY,,N/A,BICYCLIST,STRAIGHT MOVEMENT ANGLE,CLEAR,DRY,DAYLIGHT,TRAFFIC SIGNAL,NONE DETECTED,NONE DETECTED,40DF1DFC-AAAC-4698-A97D-855ED06A5F8B,BICYCLIST,Walking/Riding w/Traffic,FAILURE TO OBEY TRAFFIC SIGNS SIGNALS OR OFFICER,ON ROADWAY NOT AT CROSSWALK,DISOBEYED PED. SIGNAL,MIXED CLOTHING,,SUSPECTED MINOR INJURY,MC/BIKE HELMET,38.99316167,-77.06352333,"(38.99316167, -77.06352333)"
MCP2278000N,15029053,Montgomery County Police,Injury Crash,06/15/2015 06:06:00 AM,Maryland (State),OLD GEORGETOWN RD,County,OAKMONT AVE,,N/A,BICYCLIST,OTHER,CLEAR,DRY,DAYLIGHT,TRAFFIC SIGNAL,NONE DETECTED,NONE DETECTED,FFBDDF2B-C193-4646-8E34-EC578C16A089,BICYCLIST,Walking/Riding against Traffic,IN ROADWAY IMPROPERLY,ON ROADWAY NOT AT CROSSWALK,OBEYED PED. SIGNAL,HEAD LIGHT,,SUSPECTED SERIOUS INJURY,MC/BIKE HELMET,39.0042447,-77.11063385,"(39.0042447, -77.11063385)"
MCP2031000H,15028940,Montgomery County Police,Injury Crash,06/14/2015 11:35:00 AM,Maryland (State),WOODFIELD RD,County,FIELDCREST RD,,N/A,BICYCLIST,STRAIGHT MOVEMENT ANGLE,CLEAR,DRY,DAYLIGHT,TRAFFIC SIGNAL,NONE DETECTED,NONE DETECTED,56F8661A-97DA-4C7B-932F-E0160E0FB303,BICYCLIST,Cross/Enter at Intersection,NO IMPROPER ACTIONS,MIDBLOCK MARKED CROSSWALK,OBEYED PED. SIGNAL,MIXED CLOTHING,,POSSIBLE INJURY,NONE,39.18533667,-77.151085,"(39.18533667, -77.151085)"
MCP1148000T,15028925,Montgomery County Police,Injury Crash,06/14/2015 10:24:00 AM,County,CLARENDON RD,County,BETHESDA AVE,,N/A,PEDESTRIAN,SINGLE VEHICLE,N/A,DRY,DAYLIGHT,STOP SIGN,NONE DETECTED,NONE DETECTED,77614759-64DB-477A-8239-97342879CA7A,PEDESTRIAN,Cross/Enter at Intersection,IN ROADWAY IMPROPERLY,ON ROADWAY NOT AT CROSSWALK,NO PED. SIGNAL,MIXED CLOTHING,,SUSPECTED MINOR INJURY,NONE,38.98095833,-77.10093667,"(38.98095833, -77.10093667)"
MCP2751000M,15028831,MONTGOMERY,Injury Crash,06/13/2015 05:26:00 PM,County,BEL PRE RD,County,CONNECTICUT AVE,,N/A,PEDESTRIAN,OTHER,CLEAR,DRY,DAYLIGHT,STOP SIGN,NONE DETECTED,NONE DETECTED,7B823234-906A-48C6-A1FD-BDBB8BA06A69,PEDESTRIAN,Cross/Enter at Intersection,NO IMPROPER ACTIONS,ON ROADWAY AT CROSSWALK,NO PED. SIGNAL,DARK CLOTHING,No,POSSIBLE INJURY,NONE,39.091445,-77.06944167,"(39.091445, -77.06944167)"
MCP2879000R,15029216,Montgomery County Police,Injury Crash,06/13/2015 12:00:00 PM,County,RIFFLE FORD RD,County,RIFFLE FORD CT,,N/A,BICYCLIST,OTHER,N/A,UNKNOWN,DAYLIGHT,STOP SIGN,UNKNOWN,UNKNOWN,2122ED64-BC3F-417C-A534-B1DAE4C55068,BICYCLIST,Unknown,NO IMPROPER ACTIONS,ON ROADWAY NOT AT CROSSWALK,UNKNOWN,MIXED CLOTHING,,SUSPECTED MINOR INJURY,MC/BIKE HELMET,39.12073008,-77.26696372,"(39.12073008, -77.26696372)"
MCP2564000D,15028672,Montgomery County Police,Property Damage Crash,06/12/2015 06:19:00 PM,County,MONTGOMERY VILLAGE AVE,County,CLUB HOUSE RD,,N/A,BICYCLIST,STRAIGHT MOVEMENT ANGLE,CLOUDY,DRY,DAYLIGHT,TRAFFIC SIGNAL,NONE DETECTED,UNKNOWN,3E57E7F7-43F6-4A85-ADA9-E413319AC081,BICYCLIST,Cross/Enter at Intersection,DART DASH,AT INTERSECTION MARKED CROSSWALK,UNKNOWN,UNKNOWN,,NO APPARENT INJURY,UNKNOWN,39.17453008,-77.2037065,"(39.17453008, -77.2037065)"
MCP2588000W,15028626,Montgomery County Police,Injury Crash,06/12/2015 01:57:00 PM,Maryland (State),GEORGIA AVE,Maryland (State),CONNECTICUT AVE,,N/A,PEDESTRIAN,OTHER,CLEAR,DRY,DAYLIGHT,N/A,N/A,ALCOHOL CONTRIBUTED,38208EA1-52DD-4BAC-940B-9B95E403A71B,PEDESTRIAN,Other,IN ROADWAY IMPROPERLY,OTHER,N/A,OTHER,,SUSPECTED MINOR INJURY,N/A,39.08431333,-77.078245,"(39.08431333, -77.078245)"
MCP22910016,15028435,Montgomery County Police,Injury Crash,06/11/2015 05:40:00 PM,Maryland (State),CONNECTICUT AVE,Government,BEACH DR,,N/A,BICYCLIST,SINGLE VEHICLE,CLEAR,DRY,DAYLIGHT,TRAFFIC SIGNAL,NONE DETECTED,NONE DETECTED,6644DD18-3E29-45F3-BE01-4E247EA33136,BICYCLIST,Cross/Enter not at Intersection,FAILURE TO YIELD RIGHT OF WAY,AT INTERSECTION BUT NO CROSSWALK,NO PED. SIGNAL,MIXED CLOTHING,,SUSPECTED MINOR INJURY,NONE,39.00809646,-77.08016396,"(39.00809646, -77.08016396)"
MCP2944000K,15028419,Montgomery County Police,Injury Crash,06/11/2015 04:50:00 PM,,,,,parking garage of Westfield Montgomery mall,,PEDESTRIAN,SINGLE VEHICLE,CLEAR,,DARK NO LIGHTS,NO CONTROLS,NONE DETECTED,NONE DETECTED,9947E136-4D44-41CF-87E4-B862FEEAEA7E,PEDESTRIAN,Other,UNKNOWN,ON ROADWAY NOT AT CROSSWALK,NO PED. SIGNAL,UNKNOWN,,SUSPECTED MINOR INJURY,NONE,39.02448494,-77.14679003,"(39.02448494, -77.14679003)"
MCP28090020,15028357,Montgomery County Police,Injury Crash,06/11/2015 01:37:00 PM,Maryland (State),UNIVERSITY BLVD W,County,GABEL ST,,N/A,PEDESTRIAN,OTHER,N/A,DRY,DAYLIGHT,TRAFFIC SIGNAL,N/A,N/A,A39FA0D6-8792-4F2C-A996-6CF8D2419E8A,PEDESTRIAN,Cross/Enter not at Intersection,DART DASH,ON ROADWAY NOT AT CROSSWALK,UNKNOWN,MIXED CLOTHING,,POSSIBLE INJURY,N/A,39.033415,-77.02409333,"(39.033415, -77.02409333)"
MCP2923000J,15028612,Montgomery County Police,Injury Crash,06/11/2015 01:04:00 PM,Maryland (State),FREDERICK RD,Municipality,MONTGOMERY AVE,,GAITHERSBURG,BICYCLIST,SINGLE VEHICLE,N/A,DRY,DAYLIGHT,NO CONTROLS,NONE DETECTED,NONE DETECTED,5EF86CF0-41CF-4410-A264-5312E2276638,BICYCLIST,Walking/Cycling on Sidewalk,FAILURE TO YIELD RIGHT OF WAY,SIDEWALK,N/A,N/A,,SUSPECTED MINOR INJURY,NONE,39.14612504,-77.20415711,"(39.14612504, -77.20415711)"
MCP2492000B,15028338,Montgomery County Police,Fatal Crash,06/11/2015 09:00:00 AM,County,CRABBS BRANCH WAY,County,REDLAND RD,,N/A,PEDESTRIAN,OTHER,N/A,DRY,DAYLIGHT,TRAFFIC SIGNAL,UNKNOWN,UNKNOWN,AA3D4111-733A-45D8-B171-B3F610AE583C,PEDESTRIAN,Cross/Enter at Intersection,UNKNOWN,UNKNOWN,UNKNOWN,DARK CLOTHING,,FATAL INJURY,NONE,39.12103805,-77.15852737,"(39.12103805, -77.15852737)"
MCP1182000J,15028164,Montgomery County Police,Injury Crash,06/10/2015 12:53:00 PM,County,HUNTINGTON PKWY,Maryland (State),OLD GEORGETOWN RD,,N/A,BICYCLIST,OTHER,CLEAR,DRY,DAYLIGHT,TRAFFIC SIGNAL,NONE DETECTED,NONE DETECTED,D764AD8E-1B2D-426C-8FD4-2DBD5A87BEBC,BICYCLIST,Cross/Enter at Intersection,NO IMPROPER ACTIONS,AT INTERSECTION MARKED CROSSWALK,OBEYED PED. SIGNAL,N/A,,SUSPECTED SERIOUS INJURY,NONE,39.00436333,-77.11007667,"(39.00436333, -77.11007667)"
MCP28000023,15028015,Montgomery County Police,Injury Crash,06/09/2015 05:45:00 PM,Maryland (State),OLD GEORGETOWN RD,County,ALTA VISTA RD,,N/A,BICYCLIST,OTHER,CLEAR,DRY,DAYLIGHT,NO CONTROLS,UNKNOWN,NONE DETECTED,522C1BD4-65E5-488F-BDDF-A8771DCA07FE,BICYCLIST,Cross/Enter at Intersection,NO IMPROPER ACTIONS,ON ROADWAY AT CROSSWALK,NO PED. SIGNAL,MIXED CLOTHING,,SUSPECTED MINOR INJURY,MC/BIKE HELMET,39.00713667,-77.11219,"(39.00713667, -77.11219)"
DD5601000V,15027969,Rockville Police Departme,Injury Crash,06/09/2015 02:39:00 PM,Maryland (State),VEIRS MILL RD,Municipality,ATLANTIC AVE,,ROCKVILLE,PEDESTRIAN,N/A,CLEAR,DRY,DAYLIGHT,TRAFFIC SIGNAL,NONE DETECTED,NONE DETECTED,EAC05F33-1EBD-4FEB-BC52-57D17C2709F3,PEDESTRIAN,Cross/Enter at Intersection,NO IMPROPER ACTIONS,ON ROADWAY AT CROSSWALK,OBEYED PED. SIGNAL,LIGHT CLOTHING,,POSSIBLE INJURY,N/A,39.07530333,-77.11579167,"(39.07530333, -77.11579167)"
MCP2947000J,15027847,Montgomery County Police,Injury Crash,06/09/2015 07:38:00 AM,County,FRANKFORT DR,County,MARIANNA DR,,N/A,PEDESTRIAN,SINGLE VEHICLE,CLEAR,DRY,DAYLIGHT,STOP SIGN,NONE DETECTED,NONE DETECTED,59389F67-7F8E-44BC-ABA9-DB9F4D3BC9E8,PEDESTRIAN,Cross/Enter at Intersection,NO IMPROPER ACTIONS,ON ROADWAY AT CROSSWALK,NO PED. SIGNAL,LIGHT CLOTHING,,POSSIBLE INJURY,N/A,39.08461293,-77.08991647,"(39.08461293, -77.08991647)"
MCP2947000J,15027847,Montgomery County Police,Injury Crash,06/09/2015 07:38:00 AM,County,FRANKFORT DR,County,MARIANNA DR,,N/A,PEDESTRIAN,SINGLE VEHICLE,CLEAR,DRY,DAYLIGHT,STOP SIGN,NONE DETECTED,NONE DETECTED,30A11FB8-0B5F-4443-99C7-6754B468BF10,PEDESTRIAN,Unknown,NO IMPROPER ACTIONS,SIDEWALK,N/A,UNKNOWN,,NO APPARENT INJURY,N/A,39.08461293,-77.08991647,"(39.08461293, -77.08991647)"
MCP2932000B,15027780,Montgomery County Police,Injury Crash,06/08/2015 05:43:00 PM,,,,,"Parking lot in front of townhomes at 14650 McKnew Road, Burtonsville, MD 20866",,PEDESTRIAN,SINGLE VEHICLE,CLOUDY,,DAYLIGHT,N/A,NONE DETECTED,NONE DETECTED,B64EF670-0B5B-4CBC-8AF5-02BAE99129AD,PEDESTRIAN,Playing,NO IMPROPER ACTIONS,N/A,N/A,UNKNOWN,,SUSPECTED SERIOUS INJURY,NONE,39.10179753,-76.92762002,"(39.10179753, -76.92762002)"
MCP9147000F,15027487,Montgomery County Police,Injury Crash,06/06/2015 10:59:00 PM,,,,,PARKING LOT FOR 8541 GEORGIA AVENUE,,BICYCLIST,STRAIGHT MOVEMENT ANGLE,CLEAR,,DARK LIGHTS ON,N/A,NONE DETECTED,NONE DETECTED,104ABB9C-1844-4B80-B1D4-3DD0D6260025,BICYCLIST,Cross/Enter at Intersection,FAILURE TO YIELD RIGHT OF WAY,DRIVEWAY ACCESS MARKED CROSSWALK,NO PED. SIGNAL,MIXED CLOTHING,,SUSPECTED MINOR INJURY,NONE,38.99615333,-77.02771667,"(38.99615333, -77.02771667)"
MCP2930000J,15027328,Montgomery County Police,Injury Crash,06/05/2015 09:58:00 PM,County,EMORY LA,County,CASHELL RD,,N/A,PEDESTRIAN,OTHER,CLEAR,DRY,DARK NO LIGHTS,NO CONTROLS,NONE DETECTED,ALCOHOL PRESENT,B4922C3B-433A-4940-8E26-5A151318F262,PEDESTRIAN,Walking/Riding against Traffic,IN ROADWAY IMPROPERLY,ON ROADWAY NOT AT CROSSWALK,N/A,MIXED CLOTHING,,POSSIBLE INJURY,NONE,39.0789081,-77.14599609,"(39.0789081, -77.14599609)"