Report Number,Local Case Number,Agency Name,ACRS Report Type,Crash Date/Time,Route Type,Road Name,Cross-Street Type,Cross-Street Name,Off-Road Description,Municipality,Related Non-Motorist,Collision Type,Weather,Surface Condition,Light,Traffic Control,Driver Substance Abuse,Non-Motorist Substance Abuse,Person ID,Pedestrian Type,Pedestrian Movement,Pedestrian Actions,Pedestrian Location,Pedestrian Obeyed Traffic Signal,Pedestrian Visibility,At Fault,Injury Severity,Safety Equipment,Latitude,Longitude,Location
MCP20940053,15027227,MONTGOMERY,Injury Crash,06/05/2015 12:15:00 PM,County,FRIENDSHIP BLVD,County,WILLARD AVE,,N/A,PEDESTRIAN,OTHER,CLOUDY,DRY,DAYLIGHT,TRAFFIC SIGNAL,NONE DETECTED,NONE DETECTED,A155F515-E3D1-40FE-BB01-E97C96E0B90B,PEDESTRIAN,Cross/Enter at Intersection,NO IMPROPER ACTIONS,ON ROADWAY AT CROSSWALK,OBEYED PED. SIGNAL,MIXED CLOTHING,No,SUSPECTED SERIOUS INJURY,N/A,38.96178167,-77.08873833,"(38.96178167, -77.08873833)"
DD5539000Z,15026681,Rockville Police Departme,Injury Crash,06/02/2015 05:35:00 PM,Maryland (State),ROCKVILLE PIKE,Unknown,ENT TO CONGRESSIONAL PLAZA,,N/A,BICYCLIST,OTHER,CLOUDY,DRY,DAYLIGHT,STOP SIGN,NONE DETECTED,NONE DETECTED,9077868D-5211-4875-B3F6-2E8343F29508,BICYCLIST,Walking/Cycling on Sidewalk,NO IMPROPER ACTIONS,ON ROADWAY AT CROSSWALK,NO PED. SIGNAL,MIXED CLOTHING,,SUSPECTED SERIOUS INJURY,NONE,39.06286546,-77.12513924,"(39.06286546, -77.12513924)"
MCP9301000M,15026639,Montgomery County Police,Injury Crash,06/02/2015 02:16:00 PM,,,,,parking lot of 610 N. Frederick Ave,,PEDESTRIAN,SINGLE VEHICLE,RAINING,,DAYLIGHT,NO CONTROLS,NONE DETECTED,NONE DETECTED,93765BF6-9A08-4BC3-9556-6D0795745664,PEDESTRIAN,Other,NO IMPROPER ACTIONS,OTHER,N/A,LIGHT CLOTHING,,SUSPECTED SERIOUS INJURY,N/A,39.15043667,-77.21318667,"(39.15043667, -77.21318667)"
MCP2951000D,15026552,MONTGOMERY,Injury Crash,06/02/2015 06:42:00 AM,County,AMHERST AVE,County,BLUERIDGE AVE,,N/A,PEDESTRIAN,N/A,CLOUDY,WET,DAYLIGHT,NO CONTROLS,NONE DETECTED,NONE DETECTED,0B7E0F9C-EC9A-4B95-A506-0FAE2FCD1250,PEDESTRIAN,Cross/Enter at Intersection,FAILURE TO YIELD RIGHT OF WAY,AT INTERSECTION MARKED CROSSWALK,OBEYED PED. SIGNAL,MIXED CLOTHING,,POSSIBLE INJURY,N/A,39.0433445,-77.04788089,"(39.0433445, -77.04788089)"
MCP2750001F,15026471,Montgomery County Police,Injury Crash,06/01/2015 05:00:00 PM,Maryland (State),VEIRS MILL RD,Unknown,ENT TO SHOPPING CENTER,,N/A,PEDESTRIAN,STRAIGHT MOVEMENT ANGLE,CLOUDY,WET,DAYLIGHT,TRAFFIC SIGNAL,NONE DETECTED,NONE DETECTED,7F905E73-AB88-46C9-8BCD-822C699788B8,PEDESTRIAN,Cross/Enter at Intersection,FAILURE TO OBEY TRAFFIC SIGNS SIGNALS OR OFFICER,AT INTERSECTION MARKED CROSSWALK,DISOBEYED PED. SIGNAL,LIGHT CLOTHING,,SUSPECTED MINOR INJURY,N/A,39.03717167,-77.05171,"(39.03717167, -77.05171)"
MCP15630019,15026181,Montgomery County Police,Injury Crash,05/30/2015 08:53:00 PM,Maryland (State),EAST WEST HWY,Other Public Roadway,CAREY LA,,N/A,PEDESTRIAN,OTHER,CLEAR,DRY,DARK LIGHTS ON,OTHER,NONE DETECTED,NONE DETECTED,A7870190-A47C-4077-80E5-FEEFD6CD0848,PEDESTRIAN,Other,NO IMPROPER ACTIONS,MIDBLOCK MARKED CROSSWALK,NO PED. SIGNAL,MIXED CLOTHING,,POSSIBLE INJURY,N/A,38.99540653,-77.03855753,"(38.99540653, -77.03855753)"
MCP2848000Y,15026144,Montgomery County Police,Injury Crash,05/30/2015 03:27:00 PM,County,OAKLYN DR,County,POTOMAC STATION LA,,N/A,BICYCLIST,SAME DIR REAR END,CLEAR,DRY,DAYLIGHT,NO CONTROLS,NONE DETECTED,NONE DETECTED,594F8B37-C175-42EE-897A-1A664922F60E,BICYCLIST,Walking/Riding w/Traffic,NO IMPROPER ACTIONS,SHOULDER,N/A,LIGHT CLOTHING,,POSSIBLE INJURY,MC/BIKE HELMET,39.00037833,-77.21034167,"(39.00037833, -77.21034167)"
DD55670007,15026057,Rockville Police Departme,Injury Crash,05/30/2015 12:10:00 AM,Municipality,CRAWFORD DR,Municipality,HIGHWOOD RD,,ROCKVILLE,PEDESTRIAN,OTHER,CLEAR,DRY,DARK NO LIGHTS,N/A,NONE DETECTED,NONE DETECTED,AF3FD26D-EAB1-43C8-9183-821CB73BAF41,PEDESTRIAN,Standing,NO IMPROPER ACTIONS,ON ROADWAY NOT AT CROSSWALK,N/A,DARK CLOTHING,,SUSPECTED MINOR INJURY,NONE,39.07411068,-77.12552547,"(39.07411068, -77.12552547)"
MCP28000020,15025750,Montgomery County Police,Injury Crash,05/28/2015 03:50:00 PM,Maryland (State),WISCONSIN AVE,County,WOODMONT AVE,,N/A,PEDESTRIAN,OTHER,CLEAR,DRY,DAYLIGHT,NO CONTROLS,NONE DETECTED,NONE DETECTED,710A7903-BD07-482C-B563-197802D1FB65,PEDESTRIAN,Cross/Enter not at Intersection,IMPROPER PASSING,ON ROADWAY NOT AT CROSSWALK,OTHER,MIXED CLOTHING,,SUSPECTED MINOR INJURY,N/A,38.98217167,-77.093205,"(38.98217167, -77.093205)"
MCP2944000J,15025733,Montgomery County Police,Injury Crash,05/28/2015 03:47:00 PM,Maryland (State),WISCONSIN AVE,Other Public Roadway,SOMERSET TERRACE,,N/A,OTHER,SINGLE VEHICLE,CLEAR,DRY,DAYLIGHT,NO CONTROLS,NONE DETECTED,NONE DETECTED,08833B13-6208-462B-A281-E7AC1E186EFC,OTHER,N/A,NO IMPROPER ACTIONS,N/A,N/A,N/A,,NO APPARENT INJURY,NONE,38.96594913,-77.08818644,"(38.96594913, -77.08818644)"
MCP28640014,15025726,Montgomery County Police,Injury Crash,05/28/2015 03:22:00 PM,Maryland (State),DARNESTOWN RD,County,AMBIANCE DR,,N/A,PEDESTRIAN,STRAIGHT MOVEMENT ANGLE,CLEAR,DRY,DAYLIGHT,NO CONTROLS,NONE DETECTED,NONE DETECTED,AF976D7B-A431-49EE-9341-52A3C596461A,PEDESTRIAN,Cross/Enter at Intersection,DART DASH,ON ROADWAY NOT AT CROSSWALK,NO PED. SIGNAL,MIXED CLOTHING,,SUSPECTED MINOR INJURY,N/A,39.11341833,-77.24281833,"(39.11341833, -77.24281833)"
MCP28270014,15025555,Montgomery County Police,Injury Crash,05/27/2015 04:53:00 PM,County,QUEEN ELIZABETH DR,County,ROLLING ACRES WAY,,N/A,BICYCLIST,STRAIGHT MOVEMENT ANGLE,RAINING,WET,DAYLIGHT,STOP SIGN,N/A,NONE DETECTED,57A567FE-19A2-461D-985D-7C8ECD871644,BICYCLIST,Cross/Enter at Intersection,FAILURE TO OBEY TRAFFIC SIGNS SIGNALS OR OFFICER,ON ROADWAY NOT AT CROSSWALK,N/A,N/A,,SUSPECTED MINOR INJURY,MC/BIKE HELMET,39.16139,-77.07441833,"(39.16139, -77.07441833)"
MCP2405000B,15025529,Montgomery County Police,Injury Crash,05/27/2015 03:03:00 PM,US (State),GEORGIA AVE,Unknown,STRUC #15078,,N/A,BICYCLIST,STRAIGHT MOVEMENT ANGLE,CLEAR,DRY,DAYLIGHT,STOP SIGN,NONE DETECTED,N/A,262591AE-B112-4046-A80A-1365D56FC58B,BICYCLIST,Cross/Enter at Intersection,NO IMPROPER ACTIONS,ON ROADWAY AT CROSSWALK,NO PED. SIGNAL,DARK CLOTHING,,SUSPECTED MINOR INJURY,MC/BIKE HELMET,38.98887725,-77.02685237,"(38.98887725, -77.02685237)"
MCP2396000Q,15025472,Montgomery County Police,Injury Crash,05/27/2015 09:55:00 AM,Maryland (State),CONNECTICUT AVE,County,WELLER RD,,N/A,PEDESTRIAN,STRAIGHT MOVEMENT ANGLE,CLEAR,DRY,DAYLIGHT,OTHER,NONE DETECTED,NONE DETECTED,F3396858-22EE-4ECC-91FB-FD0323AD2307,PEDESTRIAN,Cross/Enter at Intersection,OTHER,AT INTERSECTION MARKED CROSSWALK,DISOBEYED PED. SIGNAL,MIXED CLOTHING,,SUSPECTED MINOR INJURY,N/A,39.06329864,-77.07331896,"(39.06329864, -77.07331896)"
DM82660003,15025257,Takoma Park Police Depart,Injury Crash,05/26/2015 10:10:00 AM,Municipality,WILLOW AVE,Municipality,TULIP AVE,,TAKOMA PARK,BICYCLIST,HEAD ON LEFT TURN,CLEAR,DRY,DAYLIGHT,STOP SIGN,NONE DETECTED,N/A,09C2DBF3-6241-4338-A45F-A44A3C6E6CAF,BICYCLIST,Cross/Enter at Intersection,OTHER,AT INTERSECTION BUT NO CROSSWALK,OTHER,MIXED CLOTHING,,SUSPECTED MINOR INJURY,N/A,38.97624833,-77.01205167,"(38.97624833, -77.01205167)"
MCP24720018,15024793,Montgomery County Police,Injury Crash,05/23/2015 10:19:00 AM,County,TUCKERMAN LA,County,WESTLAKE DR,,N/A,BICYCLIST,SAME DIRECTION SIDESWIPE,CLEAR,DRY,DAYLIGHT,NO CONTROLS,NONE DETECTED,NONE DETECTED,45ABC87E-9297-424E-9C86-D5FE96DFB245,BICYCLIST,Walking/Riding w/Traffic,NO IMPROPER ACTIONS,ON ROADWAY NOT AT CROSSWALK,NO PED. SIGNAL,UNKNOWN,,SUSPECTED MINOR INJURY,MC/BIKE HELMET,39.03669667,-77.152205,"(39.03669667, -77.152205)"
MCP2723000L,15024783,Montgomery County Police,Injury Crash,05/23/2015 09:34:00 AM,County,OLD BALTIMORE RD,County,CARTER MILL WAY,,N/A,BICYCLIST,STRAIGHT MOVEMENT ANGLE,CLEAR,DRY,DAYLIGHT,STOP SIGN,NONE DETECTED,NONE DETECTED,79096F93-A6B0-4BAF-9BC9-48E4A4D8AF10,BICYCLIST,Cross/Enter at Intersection,UNKNOWN,SHOULDER,NO PED. SIGNAL,N/A,,POSSIBLE INJURY,MC/BIKE HELMET,39.17075167,-77.05024,"(39.17075167, -77.05024)"
DD56130001,15024434,Rockville Police Departme,Injury Crash,05/21/2015 03:07:00 PM,Municipality,ROLLINS AVE,Municipality,E JEFFERSON ST,,ROCKVILLE,PEDESTRIAN,STRAIGHT MOVEMENT ANGLE,CLOUDY,WET,DAYLIGHT,TRAFFIC SIGNAL,NONE DETECTED,NONE DETECTED,56B49EAB-114D-4594-96E9-32A468511BA4,PEDESTRIAN,Cross/Enter not at Intersection,IN ROADWAY IMPROPERLY,OUTSIDE RIGHT OF WAY,DISOBEYED PED. SIGNAL,N/A,,SUSPECTED MINOR INJURY,N/A,39.08372833,-77.153265,"(39.08372833, -77.153265)"
MCP1128003Y,15024362,Montgomery County Police,Injury Crash,05/21/2015 08:32:00 AM,,,,,PARKING LOT OF 8600 OLD GEORGETOWN RD SUBURBAN HOSPITAL,,PEDESTRIAN,OTHER,CLOUDY,,DAYLIGHT,NO CONTROLS,NONE DETECTED,N/A,0FC83401-D3C2-4C11-B04B-9CCC414E1557,PEDESTRIAN,Standing,NO IMPROPER ACTIONS,OTHER,N/A,LIGHT CLOTHING,,SUSPECTED MINOR INJURY,N/A,38.99807167,-77.10923667,"(38.99807167, -77.10923667)"
MCP27910018,15024286,Montgomery County Police,Property Damage Crash,05/20/2015 07:59:00 PM,County,LOCKWOOD DR,Maryland (State),NEW HAMPSHIRE AVE,,N/A,PEDESTRIAN,SINGLE VEHICLE,CLEAR,DRY,DUSK,NO CONTROLS,NONE DETECTED,N/A,0CA28746-DE41-4259-B8C0-113A30351056,PEDESTRIAN,Playing,INATTENTIVE,OTHER,NO PED. SIGNAL,LIGHT CLOTHING,,NO APPARENT INJURY,N/A,39.039405,-76.99220667,"(39.039405, -76.99220667)"
MCP29360009,15024180,Montgomery County Police,Injury Crash,05/20/2015 11:21:00 AM,,,,,"Parking Lot of Bobby's Burger Palace (7101 Democracy Blvd. Bethesda, MD 20817)",,PEDESTRIAN,STRAIGHT MOVEMENT ANGLE,CLEAR,,DAYLIGHT,STOP SIGN,NONE DETECTED,NONE DETECTED,3E8A896C-341E-4BCF-9668-438C785C846D,PEDESTRIAN,Cross/Enter at Intersection,NO IMPROPER ACTIONS,ON ROADWAY AT CROSSWALK,NO PED. SIGNAL,N/A,,SUSPECTED MINOR INJURY,N/A,39.02590833,-77.14587833,"(39.02590833, -77.14587833)"
MCP2978000F,15024066,Montgomery County Police,Injury Crash,05/19/2015 07:03:00 PM,County,SHADY GROVE RD,Municipality,GAITHER RD,,ROCKVILLE,PEDESTRIAN,SINGLE VEHICLE,CLEAR,DRY,DAYLIGHT,TRAFFIC SIGNAL,NONE DETECTED,ALCOHOL PRESENT,E1B8F409-E882-4199-89C1-10A64CECA858,PEDESTRIAN,Cross/Enter not at Intersection,IN ROADWAY IMPROPERLY,ON ROADWAY NOT AT CROSSWALK,N/A,MIXED CLOTHING,,SUSPECTED MINOR INJURY,N/A,39.11725904,-77.18386352,"(39.11725904, -77.18386352)"
MCP26650010,15024061,Montgomery County Police,Injury Crash,05/19/2015 06:48:00 PM,County,CHESHIRE DR,Maryland (State),OLD GEORGETOWN RD,,N/A,PEDESTRIAN,OTHER,CLEAR,DRY,DAYLIGHT,TRAFFIC SIGNAL,N/A,N/A,3BED917E-F2A2-451E-859A-88F7712D4083,PEDESTRIAN,Cross/Enter at Intersection,NO IMPROPER ACTIONS,AT INTERSECTION MARKED CROSSWALK,OBEYED PED. SIGNAL,N/A,,POSSIBLE INJURY,N/A,39.02256833,-77.12319667,"(39.02256833, -77.12319667)"
MCP1022002N,15023984,Montgomery County Police,Injury Crash,05/19/2015 01:26:00 PM,,,,,"PARKING LOT IN FRONT OF WALMART 20910 FREDERICK RD GERMANTOWN, MD 20874",,PEDESTRIAN,OTHER,CLEAR,,DAYLIGHT,NO CONTROLS,NONE DETECTED,NONE DETECTED,65A30961-69BD-4BBE-B484-E4533E8D6C78,PEDESTRIAN,Other,NO IMPROPER ACTIONS,ON ROADWAY AT CROSSWALK,NO PED. SIGNAL,MIXED CLOTHING,,SUSPECTED SERIOUS INJURY,N/A,39.19894333,-77.251515,"(39.19894333, -77.251515)"
MCP2710000K,15023834,MONTGOMERY,Injury Crash,05/18/2015 04:20:00 PM,Maryland (State),FREDERICK RD,Municipality,DALAMAR ST,,N/A,BICYCLIST,HEAD ON LEFT TURN,N/A,DRY,DAYLIGHT,N/A,NONE DETECTED,NONE DETECTED,8356F294-E3F0-4B37-868A-D71B54B3F6BC,BICYCLIST,Cross/Enter at Intersection,NO IMPROPER ACTIONS,SIDEWALK,NO PED. SIGNAL,MIXED CLOTHING,No,SUSPECTED MINOR INJURY,NONE,39.14748167,-77.205925,"(39.14748167, -77.205925)"
MCP2746000S,15023661,Montgomery County Police,Injury Crash,05/17/2015 05:53:00 PM,County,BEL PRE RD,County,NORTH GATE DR,,N/A,PEDESTRIAN,N/A,CLEAR,DRY,DAYLIGHT,NO CONTROLS,NONE DETECTED,NONE DETECTED,BB058361-E0D4-4F85-BD26-8A95594AEE0D,PEDESTRIAN,Cross/Enter at Intersection,NO IMPROPER ACTIONS,ON ROADWAY AT CROSSWALK,N/A,N/A,,SUSPECTED MINOR INJURY,N/A,39.09035062,-77.05115318,"(39.09035062, -77.05115318)"
MCP22910015,15023665,Montgomery County Police,Injury Crash,05/17/2015 05:49:00 PM,,,,,entrance/driveway to 4601 N.Park Avenue (The Elizabeth Apartments),,PEDESTRIAN,OTHER,CLEAR,,DAYLIGHT,N/A,NONE DETECTED,NONE DETECTED,C4D96C75-B143-4126-AC1F-305A9427F23A,PEDESTRIAN,Standing,OTHER,CURB,N/A,N/A,,POSSIBLE INJURY,N/A,38.96341667,-77.09098333,"(38.96341667, -77.09098333)"
MCP2689000X,15023448,Montgomery County Police,Injury Crash,05/16/2015 11:17:00 AM,Maryland (State),ROCKVILLE PIKE,Municipality,TWINBROOK PKWY,,ROCKVILLE,BICYCLIST,SAME DIRECTION RIGHT TURN,CLEAR,DRY,DAYLIGHT,TRAFFIC SIGNAL,NONE DETECTED,NONE DETECTED,F5C60ED5-D31F-48B4-A863-866B78184E25,BICYCLIST,Walking/Riding w/Traffic,NO IMPROPER ACTIONS,ON ROADWAY NOT AT CROSSWALK,N/A,DARK CLOTHING,,SUSPECTED MINOR INJURY,MC/BIKE HELMET,39.059225,-77.12142833,"(39.059225, -77.12142833)"
MCP28670019,15023259,Montgomery County Police,Injury Crash,05/15/2015 02:52:00 PM,US (State),COLESVILLE RD,Maryland (State),UNIVERSITY BLVD E,,N/A,PEDESTRIAN,OTHER,CLEAR,DRY,DAYLIGHT,TRAFFIC SIGNAL,NONE DETECTED,NONE DETECTED,A4128C5D-74CC-40FB-AFF4-D7603639885B,PEDESTRIAN,Cross/Enter at Intersection,NO IMPROPER ACTIONS,ON ROADWAY AT CROSSWALK,OBEYED PED. SIGNAL,UNKNOWN,,SUSPECTED MINOR INJURY,N/A,39.02033333,-77.01328667,"(39.02033333, -77.01328667)"
MCP29770009,15023098,Montgomery County Police,Injury Crash,05/14/2015 05:37:00 PM,County,BARRON ST,County,GILBERT PL,,N/A,PEDESTRIAN,OTHER,CLEAR,DRY,DAYLIGHT,N/A,UNKNOWN,N/A,C6E30AB7-57CE-4AA3-AD80-D12856058052,PEDESTRIAN,Playing,DART DASH,ON ROADWAY NOT AT CROSSWALK,UNKNOWN,MIXED CLOTHING,,SUSPECTED MINOR INJURY,N/A,38.99844999,-76.99719787,"(38.99844999, -76.99719787)"
MCP29190008,15022769,Montgomery County Police,Injury Crash,05/13/2015 07:21:00 AM,County,WAYNE AVE,US (State),GEORGIA AVE,,N/A,PEDESTRIAN,SINGLE VEHICLE,CLEAR,DRY,DAYLIGHT,TRAFFIC SIGNAL,NONE DETECTED,NONE DETECTED,F4F465F5-B7D9-4AC8-AE1B-BE620F892D7C,PEDESTRIAN,Cross/Enter at Intersection,FAILURE TO OBEY TRAFFIC SIGNS SIGNALS OR OFFICER,AT INTERSECTION MARKED CROSSWALK,DISOBEYED PED. SIGNAL,LIGHT CLOTHING,,SUSPECTED MINOR INJURY,N/A,38.9945977,-77.02675581,"(38.9945977, -77.02675581)"
MCP29670009,15022674,Montgomery County Police,Injury Crash,05/12/2015 03:24:00 PM,Maryland (State),WISCONSIN AVE,Municipality,DORSET AVE,,SOMERSET,PEDESTRIAN,OTHER,CLEAR,DRY,DAYLIGHT,OTHER,NONE DETECTED,NONE DETECTED,302EE51D-0D4F-474C-9089-3B98CA3B76BD,PEDESTRIAN,Walking/Riding against Traffic,NO IMPROPER ACTIONS,ON ROADWAY AT CROSSWALK,NO PED. SIGNAL,UNKNOWN,,POSSIBLE INJURY,N/A,38.96738392,-77.08868265,"(38.96738392, -77.08868265)"
MCP2892000S,15022587,Montgomery County Police,Injury Crash,05/12/2015 10:09:00 AM,,,,,Darcars parking lot,,PEDESTRIAN,OTHER,CLEAR,,DAYLIGHT,NO CONTROLS,NONE DETECTED,NONE DETECTED,01BEE23C-0983-4D2D-AD47-FB5AACCB6CDF,PEDESTRIAN,Standing,NO IMPROPER ACTIONS,OTHER,N/A,LIGHT CLOTHING,,SUSPECTED MINOR INJURY,N/A,39.06004971,-76.95906758,"(39.06004971, -76.95906758)"
MCP2203000N,15022465,Montgomery County Police,Injury Crash,05/11/2015 03:10:00 PM,Maryland (State),CONNECTICUT AVE,County,DENFELD AVE,,N/A,PEDESTRIAN,SINGLE VEHICLE,CLEAR,DRY,DAYLIGHT,TRAFFIC SIGNAL,N/A,N/A,16CF5A0B-FC9A-42F8-958E-D21C1C8B3912,PEDESTRIAN,Walking to/from school,DART DASH,ON ROADWAY AT CROSSWALK,DISOBEYED PED. SIGNAL,LIGHT CLOTHING,,SUSPECTED MINOR INJURY,N/A,39.03896333,-77.07703833,"(39.03896333, -77.07703833)"
MCP28810011,15022293,Montgomery County Police,Injury Crash,05/10/2015 02:00:00 PM,County,ARDENNES AVE,County,TWINBROOK PKWY,,N/A,BICYCLIST,SINGLE VEHICLE,CLEAR,DRY,DAYLIGHT,TRAFFIC SIGNAL,NONE DETECTED,NONE DETECTED,E578FE1B-14CA-4EC7-86C2-7227E5A423C4,BICYCLIST,Cross/Enter at Intersection,NO IMPROPER ACTIONS,AT INTERSECTION MARKED CROSSWALK,OBEYED PED. SIGNAL,MIXED CLOTHING,,POSSIBLE INJURY,N/A,39.18523167,-77.24490833,"(39.18523167, -77.24490833)"
EJ78440008,15022193,Gaithersburg Police Depar,Property Damage Crash,05/09/2015 11:39:00 PM,Municipality,LAKE FOREST BLVD,Maryland (State),FREDERICK RD,,N/A,BICYCLIST,OTHER,CLEAR,DRY,DARK LIGHTS ON,TRAFFIC SIGNAL,NONE DETECTED,NONE DETECTED,3ADC51E4-C312-429B-AE3A-FB6CB22A2ABD,BICYCLIST,Cross/Enter at Intersection,FAILURE TO YIELD RIGHT OF WAY,ON ROADWAY AT CROSSWALK,DISOBEYED PED. SIGNAL,DARK CLOTHING,,NO APPARENT INJURY,NONE,39.15031,-77.20887167,"(39.15031, -77.20887167)"
MCP2757000L,15022185,Montgomery County Police,Injury Crash,05/09/2015 10:07:00 PM,Maryland (State),VEIRS MILL RD,County,CLARIDGE RD,,N/A,BICYCLIST,HEAD ON LEFT TURN,N/A,N/A,DARK LIGHTS ON,TRAFFIC SIGNAL,UNKNOWN,NONE DETECTED,6C76793C-A639-4B42-B5A0-994C4FB0983D,BICYCLIST,Cross/Enter at Intersection,FAILURE TO OBEY TRAFFIC SIGNS SIGNALS OR OFFICER,ON ROADWAY AT CROSSWALK,DISOBEYED PED. SIGNAL,MIXED CLOTHING,,SUSPECTED MINOR INJURY,NONE,39.04842167,-77.06903167,"(39.04842167, -77.06903167)"
MCP2765001D,15022170,Montgomery County Police,Injury Crash,05/09/2015 08:42:00 PM,Maryland (State),DARNESTOWN RD,Unknown,CROSSOVER,,N/A,PEDESTRIAN,SINGLE VEHICLE,CLEAR,DRY,DARK LIGHTS ON,TRAFFIC SIGNAL,NONE DETECTED,UNKNOWN,1238DAB5-A6B1-420B-B31D-6E0C5B55B552,PEDESTRIAN,Cross/Enter at Intersection,DART DASH,ON ROADWAY AT CROSSWALK,DISOBEYED PED. SIGNAL,UNKNOWN,,POSSIBLE INJURY,NONE,39.11727152,-77.25116551,"(39.11727152, -77.25116551)"
MCP29590009,15022132,Montgomery County Police,Injury Crash,05/09/2015 03:05:00 PM,County,BLUHILL RD,County,RANDOLPH RD,,N/A,PEDESTRIAN,SINGLE VEHICLE,CLEAR,DRY,DAYLIGHT,NO CONTROLS,NONE DETECTED,NONE DETECTED,DB5113B9-D4CB-40F3-9EC6-BD96ED4B270E,PEDESTRIAN,Cross/Enter not at Intersection,INATTENTIVE,ON ROADWAY NOT AT CROSSWALK,NO PED. SIGNAL,DARK CLOTHING,,POSSIBLE INJURY,NONE,39.05903334,-77.06491828,"(39.05903334, -77.06491828)"
MCP2846000Y,15022119,Montgomery County Police,Injury Crash,05/09/2015 01:01:00 PM,Maryland (State),UNIVERSITY BLVD W,County,DAYTON ST,,N/A,PEDESTRIAN,SINGLE VEHICLE,CLEAR,DRY,DAYLIGHT,STOP SIGN,NONE DETECTED,NONE DETECTED,7B733A95-BA87-438A-8ED4-3EA1B0E78A16,PEDESTRIAN,Cross/Enter at Intersection,NO IMPROPER ACTIONS,ON ROADWAY AT CROSSWALK,NO PED. SIGNAL,MIXED CLOTHING,,POSSIBLE INJURY,LIGHTING,39.03875,-77.04170667,"(39.03875, -77.04170667)"
MCP2736002C,15022048,Montgomery County Police,Property Damage Crash,05/08/2015 11:17:00 PM,,,,,Cheltnham Parking Garage,,BICYCLIST,SAME DIRECTION SIDESWIPE,N/A,,DARK LIGHTS ON,N/A,N/A,N/A,E15DDF14-0510-4040-933D-FA86B875E9E5,BICYCLIST,Walking/Riding w/Traffic,OTHER,OTHER,N/A,UNKNOWN,,NO APPARENT INJURY,NONE,38.98834354,-77.09422946,"(38.98834354, -77.09422946)"
MCP2978000D,15021984,Montgomery County Police,Injury Crash,05/08/2015 04:55:00 PM,Maryland (State),DARNESTOWN RD,County,VICARS WAY,,N/A,BICYCLIST,SINGLE VEHICLE,CLEAR,DRY,DAYLIGHT,N/A,NONE DETECTED,NONE DETECTED,DB6A4BA6-A65A-4D5F-8905-D970F38F864A,BICYCLIST,Walking/Riding w/Traffic,NO IMPROPER ACTIONS,SHOULDER,N/A,UNKNOWN,,SUSPECTED SERIOUS INJURY,UNKNOWN,39.10357,-77.28741,"(39.10357, -77.28741)"
MCP15800035,15021894,Montgomery County Police,Injury Crash,05/08/2015 08:57:00 AM,County,HADLEY FARMS DR,Maryland (State),WOODFIELD RD,,N/A,PEDESTRIAN,OTHER,CLEAR,DRY,DAYLIGHT,TRAFFIC SIGNAL,NONE DETECTED,NONE DETECTED,63608BBA-F97A-484E-83FE-F8082D297CB9,PEDESTRIAN,Cross/Enter at Intersection,NO IMPROPER ACTIONS,AT INTERSECTION MARKED CROSSWALK,OBEYED PED. SIGNAL,MIXED CLOTHING,,SUSPECTED SERIOUS INJURY,N/A,39.18016833,-77.15091667,"(39.18016833, -77.15091667)"
MCP1453001G,15021869,Montgomery County Police,Injury Crash,05/08/2015 06:14:00 AM,Maryland (State),S FREDERICK RD,Municipality,E DEER PARK DR,,GAITHERSBURG,BICYCLIST,SINGLE VEHICLE,CLEAR,DRY,DAWN,NO CONTROLS,NONE DETECTED,NONE DETECTED,D6E9567E-B3F4-4F27-8950-BA515C73A28A,BICYCLIST,Other,NO IMPROPER ACTIONS,SIDEWALK,N/A,MIXED CLOTHING,,POSSIBLE INJURY,NONE,39.13335833,-77.18974833,"(39.13335833, -77.18974833)"
DD56040013,15021865,Rockville Police Departme,Injury Crash,05/08/2015 02:48:00 AM,Municipality,FREDERICK AVE,Municipality,N STONESTREET AVE,,ROCKVILLE,PEDESTRIAN,OTHER,CLEAR,DRY,DARK NO LIGHTS,NO CONTROLS,UNKNOWN,ALCOHOL PRESENT,881FD5F7-5A77-4D6E-B088-6C5F7BAAD2BD,PEDESTRIAN,Standing,IN ROADWAY IMPROPERLY,ON ROADWAY NOT AT CROSSWALK,NO PED. SIGNAL,LIGHT CLOTHING,,SUSPECTED MINOR INJURY,NONE,39.09468833,-77.14998667,"(39.09468833, -77.14998667)"
MCP2871001J,15021807,Montgomery County Police,Injury Crash,05/07/2015 06:45:00 PM,County,SEVEN LOCKS RD,County,ENGLISH WAY,,N/A,PEDESTRIAN,OTHER,CLEAR,DRY,DAYLIGHT,NO CONTROLS,NONE DETECTED,NONE DETECTED,DFC755D0-ACEB-4FA1-8F5B-C8875476BC2A,PEDESTRIAN,Walking/Riding against Traffic,DART DASH,ON ROADWAY NOT AT CROSSWALK,NO PED. SIGNAL,MIXED CLOTHING,,SUSPECTED MINOR INJURY,N/A,39.00661167,-77.15979833,"(39.00661167, -77.15979833)"
MCP2240000M,15021766,Montgomery County Police,Injury Crash,05/07/2015 03:37:00 PM,County,SHADY GROVE RD,Maryland (State),MUNCASTER MILL RD,,N/A,BICYCLIST,STRAIGHT MOVEMENT ANGLE,CLEAR,DRY,DAYLIGHT,TRAFFIC SIGNAL,NONE DETECTED,NONE DETECTED,A9FC4B96-63C9-463F-8331-3074731B63B7,BICYCLIST,Cross/Enter at Intersection,FAILURE TO YIELD RIGHT OF WAY,ON ROADWAY NOT AT CROSSWALK,DISOBEYED PED. SIGNAL,MIXED CLOTHING,,SUSPECTED MINOR INJURY,UNKNOWN,39.14884,-77.14724833,"(39.14884, -77.14724833)"