Report Number,Local Case Number,Agency Name,ACRS Report Type,Crash Date/Time,Route Type,Road Name,Cross-Street Type,Cross-Street Name,Off-Road Description,Municipality,Related Non-Motorist,Collision Type,Weather,Surface Condition,Light,Traffic Control,Driver Substance Abuse,Non-Motorist Substance Abuse,Person ID,Pedestrian Type,Pedestrian Movement,Pedestrian Actions,Pedestrian Location,Pedestrian Obeyed Traffic Signal,Pedestrian Visibility,At Fault,Injury Severity,Safety Equipment,Latitude,Longitude,Location
MCP91280001,15015682,Montgomery County Police,Injury Crash,04/05/2015 10:24:00 AM,Maryland (State),NORBECK RD,Unknown,NORBECK BLVD,,N/A,PEDESTRIAN,OTHER,CLEAR,DRY,DAYLIGHT,PERSON,NONE DETECTED,N/A,78DE2D86-04CB-41E1-A0DB-1E0729044FC9,PEDESTRIAN,Standing,NO IMPROPER ACTIONS,ON ROADWAY NOT AT CROSSWALK,N/A,DARK CLOTHING,,POSSIBLE INJURY,N/A,39.11194,-77.06998167,"(39.11194, -77.06998167)"
MCP2753000Q,15015658,Montgomery County Police,Injury Crash,04/05/2015 07:45:00 AM,County,BAUER DR,County,LAKE DR,,N/A,OTHER,SINGLE VEHICLE,CLEAR,DRY,DAYLIGHT,NO CONTROLS,ALCOHOL PRESENT,N/A,2BE5EB42-40BE-4BB2-BC62-1D8A2A23ACBE,OTHER,N/A,NO IMPROPER ACTIONS,OTHER,N/A,N/A,,NO APPARENT INJURY,N/A,39.09835,-77.110915,"(39.09835, -77.110915)"
MCP29890002,15015633,Montgomery County Police,Injury Crash,04/05/2015 12:38:00 AM,,,,,"Parking lot of 8300 Carroll Ave Takoma Park, MD 20912",,PEDESTRIAN,OTHER,CLEAR,,DARK LIGHTS ON,N/A,UNKNOWN,UNKNOWN,C35DEBC4-6414-402A-87FF-FAD874CFEAE9,PEDESTRIAN,Other,UNKNOWN,OTHER,NO PED. SIGNAL,MIXED CLOTHING,,POSSIBLE INJURY,NONE,38.9927507,-76.99359298,"(38.9927507, -76.99359298)"
MCP2891000P,15015117,Montgomery County Police,Injury Crash,04/02/2015 08:08:00 AM,County,GIST AVE,County,TAKOMA AVE,,N/A,BICYCLIST,SAME DIR REAR END,CLEAR,DRY,DAYLIGHT,N/A,,NONE DETECTED,2C39B891-958C-492A-939C-0CF0F2C47A62,BICYCLIST,Walking/Riding w/Traffic,NO IMPROPER ACTIONS,OTHER,N/A,OTHER,,SUSPECTED MINOR INJURY,MC/BIKE HELMET,38.98839833,-77.01766833,"(38.98839833, -77.01766833)"
MCP1378005C,15015058,Montgomery County Police,Injury Crash,04/01/2015 07:01:00 PM,County,LOST KNIFE RD,Other Public Roadway,ODENDHAL AVE,,N/A,PEDESTRIAN,SINGLE VEHICLE,CLEAR,DRY,DAYLIGHT,N/A,NONE DETECTED,NONE DETECTED,48845237-1F02-4002-BF15-B745B4B1E811,PEDESTRIAN,Cross/Enter at Intersection,NO IMPROPER ACTIONS,ON ROADWAY AT CROSSWALK,NO PED. SIGNAL,LIGHT CLOTHING,,SUSPECTED SERIOUS INJURY,N/A,39.15316333,-77.19888,"(39.15316333, -77.19888)"
MCP2162000Y,15015053,Montgomery County Police,Injury Crash,04/01/2015 06:51:00 PM,County,ARCOLA AVE,Maryland (State),GEORGIA AVE,,N/A,BICYCLIST,SAME DIR REAR END,CLEAR,DRY,DAYLIGHT,N/A,N/A,N/A,0908D283-F8AA-4555-966B-B311E0E9C11F,BICYCLIST,Walking/Riding w/Traffic,NO IMPROPER ACTIONS,ON ROADWAY NOT AT CROSSWALK,N/A,LIGHT CLOTHING,,SUSPECTED MINOR INJURY,MC/BIKE HELMET,39.04718167,-77.05067833,"(39.04718167, -77.05067833)"
MCP25860012,15014851,Montgomery County Police,Injury Crash,03/31/2015 09:13:00 PM,County,BRIGGS CHANEY RD,County,OLD COLUMBIA PIKE,,N/A,PEDESTRIAN,OTHER,RAINING,WET,DARK LIGHTS ON,TRAFFIC SIGNAL,NONE DETECTED,NONE DETECTED,8BCDBFEF-F875-4FBD-B9B4-AEF251561406,PEDESTRIAN,Cross/Enter not at Intersection,IN ROADWAY IMPROPERLY,ON ROADWAY NOT AT CROSSWALK,NO PED. SIGNAL,MIXED CLOTHING,,POSSIBLE INJURY,N/A,39.08486833,-76.95204167,"(39.08486833, -76.95204167)"
MCP13010008,15014790,Montgomery County Police,Injury Crash,03/31/2015 03:55:00 PM,Maryland (State),GERMANTOWN RD,County,WISTERIA DR,,N/A,PEDESTRIAN,SINGLE VEHICLE,CLEAR,DRY,DAYLIGHT,TRAFFIC SIGNAL,NONE DETECTED,UNKNOWN,09C7949C-8800-4518-B85E-2FB63DB656C0,PEDESTRIAN,Unknown,DART DASH,ON ROADWAY NOT AT CROSSWALK,DISOBEYED PED. SIGNAL,MIXED CLOTHING,,SUSPECTED SERIOUS INJURY,N/A,39.17727,-77.269535,"(39.17727, -77.269535)"
MCP2584000C,15014875,Montgomery County Police,Injury Crash,03/31/2015 08:00:00 AM,County,MIDDLEBROOK RD,Unknown,CROSSRIDGE DR,,N/A,PEDESTRIAN,OTHER,N/A,N/A,DAYLIGHT,STOP SIGN,UNKNOWN,NONE DETECTED,A38B0CF0-C705-4849-B7F1-870FF6613746,PEDESTRIAN,Cross/Enter at Intersection,NOT VISIBLE,ON ROADWAY AT CROSSWALK,OBEYED PED. SIGNAL,UNKNOWN,,POSSIBLE INJURY,NONE,39.17508833,-77.25742,"(39.17508833, -77.25742)"
MCP13780059,15014654,Montgomery County Police,Injury Crash,03/30/2015 06:37:00 PM,County,TOWNE CREST CT,County,TOWNE CREST DR,,N/A,PEDESTRIAN,SINGLE VEHICLE,CLEAR,DRY,DAYLIGHT,N/A,NONE DETECTED,NONE DETECTED,5805A951-44B4-485D-AE0B-51548CDD7F9F,PEDESTRIAN,Playing,DART DASH,OTHER,N/A,MIXED CLOTHING,,SUSPECTED MINOR INJURY,N/A,39.145455,-77.17360667,"(39.145455, -77.17360667)"
DD55950015,15014635,Rockville Police Departme,Property Damage Crash,03/30/2015 05:09:00 PM,,,,,The parking lot exit located at 1450 Rockville Pike,,"OTHER, OTHER CONVEYANCE",SINGLE VEHICLE,SEVERE WINDS,,DAYLIGHT,N/A,N/A,N/A,2495EB1D-0004-4983-B84E-5B1D55170EC9,OTHER,N/A,N/A,N/A,N/A,N/A,,NO APPARENT INJURY,N/A,39.06661406,-77.12771416,"(39.06661406, -77.12771416)"
DD55950015,15014635,Rockville Police Departme,Property Damage Crash,03/30/2015 05:09:00 PM,,,,,The parking lot exit located at 1450 Rockville Pike,,"OTHER, OTHER CONVEYANCE",SINGLE VEHICLE,SEVERE WINDS,,DAYLIGHT,N/A,N/A,N/A,1B20D794-839A-4334-8524-17D1B6331D1E,OTHER CONVEYANCE,N/A,OTHER,SIDEWALK,N/A,N/A,,NO APPARENT INJURY,N/A,39.06661406,-77.12771416,"(39.06661406, -77.12771416)"
MCP2008000Y,15014625,Montgomery County Police,Injury Crash,03/30/2015 04:25:00 PM,Maryland (State),WISCONSIN AVE,County,LELAND ST,,N/A,PEDESTRIAN,OTHER,CLEAR,DRY,DAYLIGHT,N/A,N/A,NONE DETECTED,6D516516-1268-452B-822D-9BB1AB1CABF5,PEDESTRIAN,Standing,OTHER,ON ROADWAY NOT AT CROSSWALK,NO PED. SIGNAL,DARK CLOTHING,,POSSIBLE INJURY,N/A,38.97980167,-77.09194667,"(38.97980167, -77.09194667)"
MCP2597001D,15014325,Montgomery County Police,Injury Crash,03/28/2015 08:20:00 PM,US (State),COLESVILLE RD,County,FENTON ST,,N/A,PEDESTRIAN,STRAIGHT MOVEMENT ANGLE,CLEAR,DRY,DARK LIGHTS ON,NO CONTROLS,NONE DETECTED,ALCOHOL PRESENT,A8BD8F2B-4B69-4CAD-9FDA-49DB8570354F,PEDESTRIAN,Cross/Enter not at Intersection,IN ROADWAY IMPROPERLY,ON ROADWAY NOT AT CROSSWALK,NO PED. SIGNAL,DARK CLOTHING,,SUSPECTED MINOR INJURY,NONE,38.99732434,-77.02731371,"(38.99732434, -77.02731371)"
MCP27660016,15014009,Montgomery County Police,Injury Crash,03/26/2015 07:49:00 PM,Maryland (State),GEORGIA AVE,Maryland (State),CONNECTICUT AVE,,N/A,PEDESTRIAN,STRAIGHT MOVEMENT ANGLE,RAINING,WET,DARK NO LIGHTS,NO CONTROLS,NONE DETECTED,NONE DETECTED,2EFC3F8E-01FE-4223-A942-F2CB88CD40F2,PEDESTRIAN,Cross/Enter not at Intersection,NOT VISIBLE,ON ROADWAY AT CROSSWALK,NO PED. SIGNAL,DARK CLOTHING,,POSSIBLE INJURY,NONE,39.08396833,-77.07845,"(39.08396833, -77.07845)"
MCP25080007,15014007,Montgomery County Police,Injury Crash,03/26/2015 07:44:00 PM,,,,,PARKING LOT OF 13408 KINGSVIEW VILLAGE AVE,,PEDESTRIAN,SINGLE VEHICLE,RAINING,,DARK LIGHTS ON,NO CONTROLS,NONE DETECTED,NONE DETECTED,5F62CB21-8ADC-45DB-8432-1E52943CB6A9,PEDESTRIAN,Other,NOT VISIBLE,OTHER,N/A,MIXED CLOTHING,,POSSIBLE INJURY,NONE,39.15988333,-77.27945,"(39.15988333, -77.27945)"
MCP2800001W,15013639,Montgomery County Police,Injury Crash,03/24/2015 05:15:00 PM,Maryland (State),OLD GEORGETOWN RD,County,LONE OAK DR,,N/A,PEDESTRIAN,OTHER,CLEAR,DRY,DAYLIGHT,TRAFFIC SIGNAL,UNKNOWN,NONE DETECTED,15E82374-5782-4ED3-8534-F85C1186A9F8,PEDESTRIAN,Cross/Enter at Intersection,NO IMPROPER ACTIONS,ON ROADWAY AT CROSSWALK,OBEYED PED. SIGNAL,MIXED CLOTHING,,POSSIBLE INJURY,N/A,39.02067667,-77.122255,"(39.02067667, -77.122255)"
MCP2800001W,15013639,Montgomery County Police,Injury Crash,03/24/2015 05:15:00 PM,Maryland (State),OLD GEORGETOWN RD,County,LONE OAK DR,,N/A,PEDESTRIAN,OTHER,CLEAR,DRY,DAYLIGHT,TRAFFIC SIGNAL,UNKNOWN,NONE DETECTED,E08F5CF5-3018-47C0-A751-4089663C4FDE,PEDESTRIAN,Cross/Enter at Intersection,NO IMPROPER ACTIONS,ON ROADWAY AT CROSSWALK,OBEYED PED. SIGNAL,MIXED CLOTHING,,POSSIBLE INJURY,N/A,39.02067667,-77.122255,"(39.02067667, -77.122255)"
MCP1379003T,15013591,Montgomery County Police,Injury Crash,03/24/2015 03:05:00 PM,Maryland (State),OLD GEORGETOWN RD,County,DEMOCRACY BLVD,,N/A,BICYCLIST,STRAIGHT MOVEMENT ANGLE,CLEAR,DRY,DAYLIGHT,TRAFFIC SIGNAL,NONE DETECTED,NONE DETECTED,4A560FEB-43F5-4A08-9C08-7821D9098990,BICYCLIST,Cross/Enter at Intersection,NO IMPROPER ACTIONS,ON ROADWAY AT CROSSWALK,OBEYED PED. SIGNAL,LIGHT CLOTHING,,SUSPECTED SERIOUS INJURY,MC/BIKE HELMET,39.02484167,-77.125805,"(39.02484167, -77.125805)"
MCP2850000N,15013487,Montgomery County Police,Fatal Crash,03/24/2015 06:34:00 AM,Maryland (State),UNIVERSITY BLVD W,County,ARCOLA AVE,,N/A,PEDESTRIAN,SINGLE VEHICLE,N/A,DRY,DAWN,NO CONTROLS,N/A,N/A,AD184A4F-9DC8-4388-8058-95C2E654FD94,PEDESTRIAN,Cross/Enter not at Intersection,UNKNOWN,ON ROADWAY NOT AT CROSSWALK,N/A,DARK CLOTHING,,FATAL INJURY,N/A,39.03588833,-77.02837,"(39.03588833, -77.02837)"
DM8447000H,15013384,Takoma Park Police Depart,Injury Crash,03/23/2015 03:40:00 PM,,,,,"Parking lot of 7676 New Hampshire Ave
Takoma Park MD 20912",,PEDESTRIAN,SINGLE VEHICLE,CLEAR,,DAYLIGHT,NO CONTROLS,NONE DETECTED,N/A,ABEC3CF9-E38A-47CD-B19A-467FC07170BD,PEDESTRIAN,Cross/Enter not at Intersection,NOT VISIBLE,OTHER,NO PED. SIGNAL,N/A,,SUSPECTED MINOR INJURY,N/A,38.988001,-76.987934,"(38.988001, -76.987934)"
MCP26760013,15013372,Montgomery County Police,Injury Crash,03/23/2015 03:15:00 PM,,,,,Parking Lot of 2201 Randolph Road (Shoppers),,PEDESTRIAN,OTHER,CLEAR,,DAYLIGHT,NO CONTROLS,UNKNOWN,N/A,28FF30DF-EE84-4DE7-8A39-E2448AAE4F49,PEDESTRIAN,Other,OTHER,OTHER,N/A,N/A,,SUSPECTED MINOR INJURY,NONE,39.05948167,-77.04765333,"(39.05948167, -77.04765333)"
MCP1128003V,15013358,Montgomery County Police,Injury Crash,03/23/2015 02:45:00 PM,County,LONE OAK DR,County,MONTAUK AVE,,N/A,PEDESTRIAN,SINGLE VEHICLE,CLEAR,N/A,DAYLIGHT,STOP SIGN,NONE DETECTED,NONE DETECTED,B00BDC67-7D1D-4FFF-BB81-8E4337C54A31,PEDESTRIAN,Cross/Enter at Intersection,NO IMPROPER ACTIONS,ON ROADWAY AT CROSSWALK,NO PED. SIGNAL,MIXED CLOTHING,,POSSIBLE INJURY,N/A,39.020085,-77.12848,"(39.020085, -77.12848)"
HA22800004,15000228,Maryland-National Capital,Injury Crash,03/23/2015 08:25:00 AM,Municipality,DORSET AVE,Government,LITTLE FALLS PKWY,,N/A,BICYCLIST,STRAIGHT MOVEMENT ANGLE,CLEAR,DRY,DAYLIGHT,YIELD SIGN,NONE DETECTED,NONE DETECTED,145B10AC-7F8B-4D90-9035-63CF23C7DCD3,BICYCLIST,Cross/Enter at Intersection,NO IMPROPER ACTIONS,ON ROADWAY AT CROSSWALK,NO PED. SIGNAL,LIGHT CLOTHING,,SUSPECTED MINOR INJURY,MC/BIKE HELMET,38.968515,-77.10124167,"(38.968515, -77.10124167)"
MCP2792000C,15013088,Montgomery County Police,Injury Crash,03/21/2015 08:30:00 PM,Municipality,QUINCE ORCHARD BLVD,Municipality,FIRSTFIELD RD,,GAITHERSBURG,PEDESTRIAN,STRAIGHT MOVEMENT ANGLE,CLEAR,DRY,DARK LIGHTS ON,STOP SIGN,UNKNOWN,NONE DETECTED,3D7BAEF1-F1F1-4B6D-93D7-F586EB61E566,PEDESTRIAN,Cross/Enter at Intersection,INATTENTIVE,N/A,NO PED. SIGNAL,MIXED CLOTHING,,SUSPECTED MINOR INJURY,N/A,39.141885,-77.224545,"(39.141885, -77.224545)"
MCP27170013,15012610,Montgomery County Police,Injury Crash,03/19/2015 04:30:00 AM,County,BRIGGS CHANEY RD,County,FAIRLAND RD,,N/A,PEDESTRIAN,OTHER,CLEAR,DRY,DARK LIGHTS ON,NO CONTROLS,,NONE DETECTED,29240234-45E8-4164-96BE-155A884B3164,PEDESTRIAN,Unknown,UNKNOWN,UNKNOWN,UNKNOWN,UNKNOWN,,SUSPECTED MINOR INJURY,UNKNOWN,38.99762833,-77.10989333,"(38.99762833, -77.10989333)"
MCP12270007,15012578,Montgomery County Police,Fatal Crash,03/18/2015 07:45:00 PM,Maryland (State),FREDERICK RD,County,SHAWNEE LA,,N/A,PEDESTRIAN,SINGLE VEHICLE,CLEAR,DRY,DARK -- UNKNOWN LIGHTING,NO CONTROLS,NONE DETECTED,NONE DETECTED,AE243F36-D94C-4626-A7DF-F0F7D7575AD5,PEDESTRIAN,Cross/Enter not at Intersection,UNKNOWN,ON ROADWAY NOT AT CROSSWALK,NO PED. SIGNAL,DARK CLOTHING,,FATAL INJURY,N/A,39.22979321,-77.26798832,"(39.22979321, -77.26798832)"
MCP0539001G,15012440,Montgomery County Police,Injury Crash,03/18/2015 07:05:00 AM,Maryland (State),GEORGIA AVE,Other Public Roadway,ATLANTA DR,,N/A,BICYCLIST,SINGLE VEHICLE,CLEAR,DRY,DAWN,NO CONTROLS,NONE DETECTED,NONE DETECTED,164291DD-2CD3-4775-BAA5-4FA6437941CD,BICYCLIST,Walking/Riding against Traffic,NO IMPROPER ACTIONS,SIDEWALK,N/A,MIXED CLOTHING,,SUSPECTED SERIOUS INJURY,MC/BIKE HELMET,39.065665,-77.05803167,"(39.065665, -77.05803167)"
MCP2425004L,15012204,Montgomery County Police,Injury Crash,03/17/2015 06:42:00 AM,,,,,TO THE REAR OF 13807 OUTLET DR- PARKING LOT CUT THRU,,PEDESTRIAN,OTHER,CLEAR,,DARK LIGHTS ON,NO CONTROLS,NONE DETECTED,NONE DETECTED,0198244D-AF2B-4045-BFE0-254439ADEAC0,PEDESTRIAN,Approach/Leaving Schoolbus,DART DASH,OTHER,NO PED. SIGNAL,MIXED CLOTHING,,SUSPECTED MINOR INJURY,N/A,39.08250333,-76.94382667,"(39.08250333, -76.94382667)"
MCP2503000D,15011964,Montgomery County Police,Injury Crash,03/15/2015 06:21:00 PM,County,REGENCY DR,County,GEORGETOWNE DR,,N/A,PEDESTRIAN,SINGLE VEHICLE,CLEAR,DRY,DAYLIGHT,N/A,N/A,N/A,20BA6E40-3475-4F41-8F66-8D69466D387B,PEDESTRIAN,Other,DART DASH,ON ROADWAY NOT AT CROSSWALK,NO PED. SIGNAL,MIXED CLOTHING,,SUSPECTED MINOR INJURY,N/A,39.043943,-77.170336,"(39.043943, -77.170336)"
MCP2503000D,15011964,Montgomery County Police,Injury Crash,03/15/2015 06:21:00 PM,County,REGENCY DR,County,GEORGETOWNE DR,,N/A,PEDESTRIAN,SINGLE VEHICLE,CLEAR,DRY,DAYLIGHT,N/A,N/A,N/A,DAA5639F-73B3-4F98-82A1-98E02E65D2A7,PEDESTRIAN,Cross/Enter not at Intersection,DART DASH,ON ROADWAY NOT AT CROSSWALK,NO PED. SIGNAL,MIXED CLOTHING,,SUSPECTED MINOR INJURY,N/A,39.043943,-77.170336,"(39.043943, -77.170336)"
MCP15950005,15011709,Montgomery County Police,Injury Crash,03/14/2015 12:34:00 AM,Maryland (State),GEORGIA AVE,County,ENNALLS AVE,,N/A,PEDESTRIAN,SINGLE VEHICLE,RAINING,WET,DARK LIGHTS ON,NO CONTROLS,NONE DETECTED,UNKNOWN,15AC7B49-4BA4-4FF6-94B9-9CB234FBB13D,PEDESTRIAN,Cross/Enter not at Intersection,UNKNOWN,ON ROADWAY NOT AT CROSSWALK,NO PED. SIGNAL,DARK CLOTHING,,SUSPECTED SERIOUS INJURY,NONE,39.04081129,-77.05160379,"(39.04081129, -77.05160379)"
MCP2683000T,15011609,Montgomery County Police,Injury Crash,03/13/2015 01:22:00 PM,County,OAKMONT AVE,Unknown,STRUC #15152,,N/A,PEDESTRIAN,SINGLE VEHICLE,CLEAR,DRY,DAYLIGHT,NO CONTROLS,NONE DETECTED,NONE DETECTED,EC3DA0DA-9702-4307-86C1-EBCAAE1A9CF5,PEDESTRIAN,Cross/Enter not at Intersection,IN ROADWAY IMPROPERLY,ON ROADWAY NOT AT CROSSWALK,NO PED. SIGNAL,DARK CLOTHING,,POSSIBLE INJURY,NONE,39.13029333,-77.18919667,"(39.13029333, -77.18919667)"
MCP2565001M,15011123,Montgomery County Police,Injury Crash,03/10/2015 07:45:00 PM,County,MARINELLI RD,Maryland (State),ROCKVILLE PIKE,,N/A,PEDESTRIAN,OTHER,RAINING,WET,DARK LIGHTS ON,TRAFFIC SIGNAL,NONE DETECTED,NONE DETECTED,E9AC37AA-BCEB-4819-9FF8-B327E2FC3A72,PEDESTRIAN,Cross/Enter at Intersection,IN ROADWAY IMPROPERLY,ON ROADWAY NOT AT CROSSWALK,OBEYED PED. SIGNAL,MIXED CLOTHING,,SUSPECTED MINOR INJURY,N/A,39.04713,-77.11299667,"(39.04713, -77.11299667)"
DD5594000W,15011130,Rockville Police Departme,Injury Crash,03/10/2015 07:37:00 PM,Municipality,S WASHINGTON ST,Municipality,MARYLAND AVE,,ROCKVILLE,PEDESTRIAN,SINGLE VEHICLE,RAINING,WET,DARK LIGHTS ON,TRAFFIC SIGNAL,NONE DETECTED,NONE DETECTED,A8638928-9EDE-4969-B7A1-9AD6339BB3BA,PEDESTRIAN,Cross/Enter at Intersection,NO IMPROPER ACTIONS,ON ROADWAY AT CROSSWALK,OBEYED PED. SIGNAL,DARK CLOTHING,,POSSIBLE INJURY,N/A,39.11973,-77.18068667,"(39.11973, -77.18068667)"
MCP1151002J,15010827,Montgomery County Police,Injury Crash,03/09/2015 08:19:00 AM,County,CRYSTAL ROCK DR,Maryland (State),GERMANTOWN RD,,N/A,PEDESTRIAN,OTHER,CLEAR,DRY,DAYLIGHT,NO CONTROLS,NONE DETECTED,NONE DETECTED,FC9652DB-1ADF-4323-B433-5BBF053DC602,PEDESTRIAN,Cross/Enter not at Intersection,IN ROADWAY IMPROPERLY,ON ROADWAY NOT AT CROSSWALK,NO PED. SIGNAL,MIXED CLOTHING,,POSSIBLE INJURY,N/A,39.181835,-77.26275,"(39.181835, -77.26275)"
MCP1151002J,15010827,Montgomery County Police,Injury Crash,03/09/2015 08:19:00 AM,County,CRYSTAL ROCK DR,Maryland (State),GERMANTOWN RD,,N/A,PEDESTRIAN,OTHER,CLEAR,DRY,DAYLIGHT,NO CONTROLS,NONE DETECTED,NONE DETECTED,21E5AE0E-C781-46BF-B7C1-8BBC1DE6159D,PEDESTRIAN,Cross/Enter not at Intersection,IN ROADWAY IMPROPERLY,ON ROADWAY NOT AT CROSSWALK,NO PED. SIGNAL,MIXED CLOTHING,,POSSIBLE INJURY,N/A,39.181835,-77.26275,"(39.181835, -77.26275)"
MCP2675000N,15010679,Montgomery County Police,Injury Crash,03/08/2015 03:30:00 AM,,,,,"11219 Grandview Ave
Montgomery County Public Parking Lot 13",,PEDESTRIAN,N/A,CLEAR,,DARK LIGHTS ON,NO CONTROLS,ALCOHOL PRESENT,ALCOHOL PRESENT,283C0567-8779-4A7F-B0A5-740102130239,PEDESTRIAN,Standing,NO IMPROPER ACTIONS,OTHER,N/A,MIXED CLOTHING,,SUSPECTED SERIOUS INJURY,N/A,39.0396,-77.05226833,"(39.0396, -77.05226833)"
MCP28680011,15010611,Montgomery County Police,Injury Crash,03/07/2015 05:07:00 PM,,,,,Parking Garage near Macy's side of Montgomery Mall,,PEDESTRIAN,SINGLE VEHICLE,CLEAR,,DAYLIGHT,NO CONTROLS,NONE DETECTED,NONE DETECTED,81CBD828-528B-45E8-9FFA-7920257EB3F2,PEDESTRIAN,Other,NO IMPROPER ACTIONS,OTHER,NO PED. SIGNAL,LIGHT CLOTHING,,SUSPECTED MINOR INJURY,N/A,39.02440159,-77.14738011,"(39.02440159, -77.14738011)"
MCP24920008,15010535,Montgomery County Police,Fatal Crash,03/07/2015 01:20:00 AM,County,GOSHEN RD,County,EAST VILLAGE AVE,,N/A,PEDESTRIAN,OTHER,CLEAR,OTHER,DARK LIGHTS ON,NO CONTROLS,ALCOHOL CONTRIBUTED,ALCOHOL PRESENT,6E46CB76-F1B4-4F38-B636-E42D045528A3,PEDESTRIAN,Unknown,UNKNOWN,ON ROADWAY NOT AT CROSSWALK,NO PED. SIGNAL,MIXED CLOTHING,,FATAL INJURY,UNKNOWN,39.1900276,-77.18528509,"(39.1900276, -77.18528509)"
MCP2792000B,15010539,Montgomery County Police,Injury Crash,03/07/2015 12:50:00 AM,Maryland (State),FREDERICK RD,County,GUNNERS BRANCH RD,,N/A,PEDESTRIAN,SAME DIR REAR END,CLEAR,WET,DARK LIGHTS ON,NO CONTROLS,NONE DETECTED,ALCOHOL PRESENT,CCFDE4BA-227B-4B88-91A3-5E31B5CCA1D0,PEDESTRIAN,Walking/Riding w/Traffic,INATTENTIVE,SHOULDER,NO PED. SIGNAL,DARK CLOTHING,,SUSPECTED MINOR INJURY,N/A,39.17533667,-77.23818667,"(39.17533667, -77.23818667)"
MCP2912000P,15010313,Montgomery County Police,Injury Crash,03/05/2015 10:41:00 AM,,,,,parking garage @ 5454 The Hills plz,,PEDESTRIAN,N/A,SNOW,,DAYLIGHT,NO CONTROLS,NONE DETECTED,NONE DETECTED,9AF7ED17-3A87-4F41-A456-5CCEC472D3AD,PEDESTRIAN,Unknown,UNKNOWN,OTHER,NO PED. SIGNAL,DARK CLOTHING,,POSSIBLE INJURY,N/A,38.96288833,-77.08758,"(38.96288833, -77.08758)"
MCP2201000C,15010254,Montgomery County Police,Injury Crash,03/04/2015 08:21:00 PM,County,WAYNE AVE,County,DIXON AVE,,N/A,PEDESTRIAN,STRAIGHT MOVEMENT ANGLE,WINTRY MIX,WET,DARK LIGHTS ON,TRAFFIC SIGNAL,NONE DETECTED,NONE DETECTED,8F5516C3-46D0-4287-B4D2-EA40A30D1BCB,PEDESTRIAN,Cross/Enter not at Intersection,DART DASH,ON ROADWAY NOT AT CROSSWALK,OTHER,DARK CLOTHING,,POSSIBLE INJURY,NONE,38.99446429,-77.02791452,"(38.99446429, -77.02791452)"
MCP26360005,15010082,Montgomery County Police,Injury Crash,03/03/2015 08:16:00 PM,County,RAMSEY AVE,County,FIDLER LA,,N/A,PEDESTRIAN,SINGLE VEHICLE,WINTRY MIX,ICE,DARK LIGHTS ON,N/A,NONE DETECTED,NONE DETECTED,CA2BCC1C-9F69-4560-8476-E9A50C692775,PEDESTRIAN,Standing,NO IMPROPER ACTIONS,ON ROADWAY NOT AT CROSSWALK,NO PED. SIGNAL,UNKNOWN,No,SUSPECTED MINOR INJURY,NONE,38.99561499,-77.03070402,"(38.99561499, -77.03070402)"
MCP26360005,15010082,Montgomery County Police,Injury Crash,03/03/2015 08:16:00 PM,County,RAMSEY AVE,County,FIDLER LA,,N/A,PEDESTRIAN,SINGLE VEHICLE,WINTRY MIX,ICE,DARK LIGHTS ON,N/A,NONE DETECTED,NONE DETECTED,D157D5A7-0C33-4029-9565-F360929E9F14,PEDESTRIAN,Other,NO IMPROPER ACTIONS,ON ROADWAY NOT AT CROSSWALK,NO PED. SIGNAL,MIXED CLOTHING,No,POSSIBLE INJURY,N/A,38.99561499,-77.03070402,"(38.99561499, -77.03070402)"
MCP24050009,15010068,Montgomery County Police,Injury Crash,03/03/2015 06:20:00 PM,Maryland (State),EAST WEST HWY,Unknown,BLAIR MILL WAY,,N/A,PEDESTRIAN,STRAIGHT MOVEMENT ANGLE,RAINING,WET,DARK LIGHTS ON,NO CONTROLS,NONE DETECTED,NONE DETECTED,C23C6B18-5F51-4C06-B890-903E512ECD43,PEDESTRIAN,Cross/Enter at Intersection,NO IMPROPER ACTIONS,ON ROADWAY AT CROSSWALK,NO PED. SIGNAL,MIXED CLOTHING,,POSSIBLE INJURY,N/A,38.98973202,-77.02835709,"(38.98973202, -77.02835709)"
MCP2878000P,15010062,Montgomery County Police,Injury Crash,03/03/2015 06:09:00 PM,County,VALLEY PARK DR,Unknown,VALLEY PARK TERR,,N/A,OTHER CONVEYANCE,OPPOSITE DIRECTION SIDESWIPE,WINTRY MIX,ICE,DARK LIGHTS ON,NO CONTROLS,NONE DETECTED,NONE DETECTED,D564D019-0E00-4037-932A-67FC57CD8A27,OTHER CONVEYANCE,Standing,NO IMPROPER ACTIONS,ON ROADWAY NOT AT CROSSWALK,N/A,MIXED CLOTHING,,POSSIBLE INJURY,NONE,39.27826667,-77.20505,"(39.27826667, -77.20505)"
MCP2611000H,15009794,Montgomery County Police,Injury Crash,03/01/2015 07:14:00 PM,County,OLD COLUMBIA PIKE,Unknown,CARRIAGE HOUSE TERR,,N/A,OTHER,STRAIGHT MOVEMENT ANGLE,WINTRY MIX,SNOW,DARK LIGHTS ON,NO CONTROLS,N/A,N/A,9B5F32EA-0740-40F9-BA07-0364B6AF53CC,OTHER,Standing,NO IMPROPER ACTIONS,OTHER,N/A,MIXED CLOTHING,,NO APPARENT INJURY,N/A,39.0491856,-76.9795622,"(39.0491856, -76.9795622)"