Report Number,Local Case Number,Agency Name,ACRS Report Type,Crash Date/Time,Route Type,Road Name,Cross-Street Type,Cross-Street Name,Off-Road Description,Municipality,Related Non-Motorist,Collision Type,Weather,Surface Condition,Light,Traffic Control,Driver Substance Abuse,Non-Motorist Substance Abuse,Person ID,Pedestrian Type,Pedestrian Movement,Pedestrian Actions,Pedestrian Location,Pedestrian Obeyed Traffic Signal,Pedestrian Visibility,At Fault,Injury Severity,Safety Equipment,Latitude,Longitude,Location
MCP2767000P,15009788,Montgomery County Police,Property Damage Crash,03/01/2015 06:29:00 PM,County,DAWSON AVE,County,GALT AVE,,N/A,OTHER,OPPOSITE DIRECTION SIDESWIPE,WINTRY MIX,WET,DARK NO LIGHTS,NO CONTROLS,NONE DETECTED,N/A,2F5F0B6E-D010-41AE-A018-95CABCF5B77C,OTHER,N/A,N/A,N/A,N/A,N/A,,NO APPARENT INJURY,N/A,39.039475,-77.05622167,"(39.039475, -77.05622167)"
MCP2330000C,15009676,Montgomery County Police,Property Damage Crash,02/28/2015 10:07:00 PM,,,,,Parking lot of 11409-A Amherst Ave,,OTHER,SINGLE VEHICLE,CLEAR,,DARK NO LIGHTS,N/A,NONE DETECTED,N/A,FFD8F128-525D-4BB1-BE13-FAD298FBCA92,OTHER,N/A,NO IMPROPER ACTIONS,N/A,N/A,N/A,,NO APPARENT INJURY,N/A,39.04182333,-77.04783667,"(39.04182333, -77.04783667)"
MCP1205000Y,15009601,Montgomery County Police,Injury Crash,02/28/2015 09:21:00 AM,Maryland (State),CONNECTICUT AVE,Maryland (State),KNOWLES AVE,,N/A,PEDESTRIAN,SINGLE VEHICLE,CLEAR,DRY,DAYLIGHT,N/A,NONE DETECTED,N/A,87764BF4-D4E3-4D32-BC2A-222C99B26B5B,PEDESTRIAN,Standing,NO IMPROPER ACTIONS,OTHER,N/A,N/A,,SUSPECTED SERIOUS INJURY,N/A,39.02763549,-77.07640886,"(39.02763549, -77.07640886)"
MCP1148000Q,15009440,Montgomery County Police,Injury Crash,02/27/2015 01:24:00 PM,Maryland (State),WISCONSIN AVE,Maryland (State),MONTGOMERY AVE,,N/A,PEDESTRIAN,OTHER,CLEAR,DRY,DAYLIGHT,TRAFFIC SIGNAL,NONE DETECTED,NONE DETECTED,04F4326F-1662-4F35-A58D-DAA0272DFE7F,PEDESTRIAN,Other Working,OTHER,ON ROADWAY NOT AT CROSSWALK,OTHER,MIXED CLOTHING,,SUSPECTED MINOR INJURY,NONE,38.98384333,-77.09389,"(38.98384333, -77.09389)"
MCP2850000M,15009433,Montgomery County Police,Injury Crash,02/27/2015 12:26:00 PM,,,,,driveway/garage of 1957 middlebridge dr,,PEDESTRIAN,SINGLE VEHICLE,CLEAR,,DAYLIGHT,N/A,N/A,N/A,419A77B3-A30F-42EF-A7BA-3C623F6FF63C,PEDESTRIAN,Standing,NO IMPROPER ACTIONS,INSIDE BUILDING,N/A,N/A,,SUSPECTED MINOR INJURY,N/A,39.07400333,-77.04074167,"(39.07400333, -77.04074167)"
MCP2667000L,15009357,Montgomery County Police,Injury Crash,02/27/2015 06:03:00 AM,County,SNOUFFERS SCHOOL RD,County,MOONEY DR,,N/A,PEDESTRIAN,SINGLE VEHICLE,CLEAR,DRY,DARK LIGHTS ON,N/A,NONE DETECTED,NONE DETECTED,F22A4CBD-2F44-41DA-A223-301249D86FD2,PEDESTRIAN,Other Working,N/A,SIDEWALK,N/A,MIXED CLOTHING,,SUSPECTED MINOR INJURY,NONE,39.16099667,-77.16363167,"(39.16099667, -77.16363167)"
MCP2425004K,15009088,Montgomery County Police,Property Damage Crash,02/25/2015 11:35:00 AM,County,FLOWER AVE,Maryland (State),PINEY BRANCH RD,,N/A,PEDESTRIAN,SINGLE VEHICLE,CLEAR,DRY,DAYLIGHT,TRAFFIC SIGNAL,NONE DETECTED,NONE DETECTED,89DEF851-70A1-48C1-9BE8-A973C7788F44,PEDESTRIAN,Walking/Riding against Traffic,DART DASH,ON ROADWAY NOT AT CROSSWALK,DISOBEYED PED. SIGNAL,DARK CLOTHING,,NO APPARENT INJURY,NONE,38.997945,-77.00392333,"(38.997945, -77.00392333)"
MCP2384000T,15008804,Montgomery County Police,Injury Crash,02/24/2015 06:45:00 PM,County,SANGAMORE RD,County,SENTINEL RD,,N/A,PEDESTRIAN,OTHER,CLEAR,DRY,DARK LIGHTS ON,STOP SIGN,UNKNOWN,NONE DETECTED,D8F82FF1-CCE2-4891-8992-EBF43F8F6B87,PEDESTRIAN,Cross/Enter at Intersection,NO IMPROPER ACTIONS,ON ROADWAY AT CROSSWALK,NO PED. SIGNAL,MIXED CLOTHING,,SUSPECTED MINOR INJURY,N/A,38.95055333,-77.12055167,"(38.95055333, -77.12055167)"
MCP2818000X,15008777,Montgomery County Police,Injury Crash,02/23/2015 04:43:00 PM,,,,,"parking lot of 2010 LINDEN LA ,MCG (YESHIVA SCHOOL)",,PEDESTRIAN,N/A,CLOUDY,,DAYLIGHT,NO CONTROLS,NONE DETECTED,N/A,15D0A531-C393-4EBA-A76E-C4168C29EE7A,PEDESTRIAN,Getting off/on Vehicle,NO IMPROPER ACTIONS,N/A,N/A,N/A,,POSSIBLE INJURY,N/A,39.00847,-77.04448,"(39.00847, -77.04448)"
MCP2859000R,15008735,Montgomery County Police,Property Damage Crash,02/23/2015 01:07:00 PM,Municipality,DUVALL LA,Municipality,W DEER PARK RD,,GAITHERSBURG,PEDESTRIAN,OTHER,CLEAR,DRY,DAYLIGHT,NO CONTROLS,NONE DETECTED,NONE DETECTED,BBC84C74-63B7-4E3E-AFB0-F2B201BA0E9E,PEDESTRIAN,Other Working,NO IMPROPER ACTIONS,ON ROADWAY NOT AT CROSSWALK,NO PED. SIGNAL,DARK CLOTHING,,NO APPARENT INJURY,NONE,39.12917181,-77.20271677,"(39.12917181, -77.20271677)"
EJ7847000V,15008084,Gaithersburg Police Depar,Injury Crash,02/18/2015 09:09:00 PM,Maryland (State),FREDERICK RD,Unknown,SPUR FR MD 124,,N/A,PEDESTRIAN,OTHER,CLOUDY,WET,DARK LIGHTS ON,NO CONTROLS,N/A,ALCOHOL CONTRIBUTED,D7365F4F-19AA-4007-B7D5-EA4CD68DDC02,PEDESTRIAN,Walking/Riding w/Traffic,IN ROADWAY IMPROPERLY,ON ROADWAY NOT AT CROSSWALK,NO PED. SIGNAL,DARK CLOTHING,,SUSPECTED MINOR INJURY,NONE,39.15197167,-77.21152833,"(39.15197167, -77.21152833)"
MCP2866000W,15008034,Montgomery County Police,Injury Crash,02/18/2015 03:33:00 PM,,,,,"PARKING LOT OF 4968 WYACONDA ROAD, ROCKVILLE, MD",,PEDESTRIAN,OTHER,CLEAR,,DAYLIGHT,NO CONTROLS,NONE DETECTED,NONE DETECTED,60E0E977-F1BD-4412-B92C-C27CC8DABF68,PEDESTRIAN,Push/Work on Vehicle,OTHER,OTHER,N/A,DARK CLOTHING,,SUSPECTED MINOR INJURY,NONE,39.044955,-77.099185,"(39.044955, -77.099185)"
MCP2298004G,15008014,Montgomery County Police,Injury Crash,02/18/2015 02:10:00 PM,,,,,PARKING LOT OF 20600 SENECA MEADOWS PKW,,PEDESTRIAN,OTHER,N/A,,DAYLIGHT,N/A,N/A,NONE DETECTED,961767C6-9543-41F1-B146-1EE2AF459BA0,PEDESTRIAN,Other,NO IMPROPER ACTIONS,OTHER,N/A,N/A,,SUSPECTED MINOR INJURY,N/A,39.19981002,-77.25581646,"(39.19981002, -77.25581646)"
MCP2363000B,15008007,Montgomery County Police,Fatal Crash,02/18/2015 11:16:00 AM,County,CRESTHAVEN DR,County,DEVERE DR,,N/A,PEDESTRIAN,OTHER,CLEAR,DRY,DAYLIGHT,NO CONTROLS,ALCOHOL PRESENT,UNKNOWN,1D48AAD0-93CB-4FE6-9D0C-87EEE153A101,PEDESTRIAN,Standing,NO IMPROPER ACTIONS,CURB,N/A,N/A,No,FATAL INJURY,NONE,39.021585,-76.987954,"(39.021585, -76.987954)"
MCP0961000N,15007939,Montgomery County Police,Injury Crash,02/18/2015 07:21:00 AM,County,LOST KNIFE RD,County,CONTOUR RD,,N/A,PEDESTRIAN,SINGLE VEHICLE,CLEAR,SLUSH,DAYLIGHT,OTHER,NONE DETECTED,NONE DETECTED,8C5D11E2-FB88-4676-83FC-32BEA8408637,PEDESTRIAN,Cross/Enter at Intersection,NO IMPROPER ACTIONS,ON ROADWAY AT CROSSWALK,NO PED. SIGNAL,DARK CLOTHING,,SUSPECTED MINOR INJURY,NONE,39.15461,-77.20116833,"(39.15461, -77.20116833)"
MCP2384000S,15007500,Montgomery County Police,Injury Crash,02/17/2015 06:14:00 PM,,,,,PARKING LOT OF 5269 RIVER ROAD,,PEDESTRIAN,OTHER,SNOW,,DARK LIGHTS ON,NO CONTROLS,NONE DETECTED,NONE DETECTED,B555A1EE-8F1B-4331-B233-853A93A1A60C,PEDESTRIAN,Other,NO IMPROPER ACTIONS,OTHER,N/A,MIXED CLOTHING,,SUSPECTED MINOR INJURY,N/A,38.96602167,-77.10498833,"(38.96602167, -77.10498833)"
MCP2764000G,15007772,Montgomery County Police,Injury Crash,02/16/2015 06:43:00 PM,,,,,Parking Lot at 12015 georgia avenue,,PEDESTRIAN,OTHER,SNOW,,DARK LIGHTS ON,NO CONTROLS,NONE DETECTED,NONE DETECTED,7913F637-2878-451C-BD0B-AD477C0C7933,PEDESTRIAN,Other,UNKNOWN,OTHER,NO PED. SIGNAL,DARK CLOTHING,,POSSIBLE INJURY,NONE,39.05967167,-77.04533333,"(39.05967167, -77.04533333)"
MCP1205000X,15007751,Montgomery County Police,Injury Crash,02/16/2015 02:38:00 PM,,,,,PARKING LOT OF 7809 WISCONSIN AVENUE.,,PEDESTRIAN,OTHER,SNOW,,DAYLIGHT,NO CONTROLS,NONE DETECTED,NONE DETECTED,E084AFBE-5A57-461E-9EF1-B15BD4F35470,PEDESTRIAN,Other,OTHER,OTHER,N/A,MIXED CLOTHING,,SUSPECTED SERIOUS INJURY,N/A,38.98441833,-77.09423667,"(38.98441833, -77.09423667)"
MCP2362000K,15007717,Montgomery County Police,Injury Crash,02/16/2015 10:05:00 AM,,,,,Parking lot of 10121 New Hampshire Ave,,PEDESTRIAN,OTHER,CLOUDY,,DAYLIGHT,N/A,NONE DETECTED,NONE DETECTED,CBF3C8C1-EB3A-46E0-93F6-F0198D6A72DB,PEDESTRIAN,Standing,OTHER,OTHER,N/A,LIGHT CLOTHING,,SUSPECTED MINOR INJURY,N/A,39.02194,-76.97585333,"(39.02194, -76.97585333)"
MCP2693000N,15007533,Montgomery County Police,Injury Crash,02/15/2015 12:00:00 AM,County,PARKLAND DR,County,FALCON ST,,N/A,OTHER,SAME DIR REAR END,BLOWING SNOW,SNOW,DARK NO LIGHTS,NO CONTROLS,NONE DETECTED,NONE DETECTED,371BFE5E-714B-4B1D-9F60-BEFB01536CEF,OTHER,Getting off/on Vehicle,ENTERING EXITING PARKED STANDING VEHICLE,ON ROADWAY NOT AT CROSSWALK,NO PED. SIGNAL,DARK CLOTHING,,SUSPECTED MINOR INJURY,N/A,39.06751667,-77.08864833,"(39.06751667, -77.08864833)"
MCP2162000V,15007508,Montgomery County Police,Injury Crash,02/14/2015 08:05:00 PM,Maryland (State),OLNEY SANDY SPRING RD,Unknown,ENT TO SHARP ST UNITED METHODIST CHURCH,,N/A,PEDESTRIAN,OTHER,SNOW,ICE,DARK NO LIGHTS,NO CONTROLS,N/A,N/A,C5512A0B-0CB4-4BE8-A431-070EFA60E90D,PEDESTRIAN,Standing,DISABLED VEHICLE RELATED,ON ROADWAY NOT AT CROSSWALK,N/A,MIXED CLOTHING,,SUSPECTED MINOR INJURY,NONE,39.14660833,-77.039365,"(39.14660833, -77.039365)"
MCP2693000M,15007335,Montgomery County Police,Injury Crash,02/13/2015 04:00:00 PM,Maryland (State),GEORGIA AVE,County,SHOREFIELD RD,,N/A,PEDESTRIAN,SINGLE VEHICLE,CLEAR,DRY,DAYLIGHT,TRAFFIC SIGNAL,NONE DETECTED,NONE DETECTED,F604F186-1174-4B6C-A983-2615956451A5,PEDESTRIAN,Cross/Enter at Intersection,NO IMPROPER ACTIONS,ON ROADWAY AT CROSSWALK,OBEYED PED. SIGNAL,MIXED CLOTHING,,SUSPECTED MINOR INJURY,N/A,39.05347833,-77.05083,"(39.05347833, -77.05083)"
MCP9386001V,15007255,Montgomery County Police,Injury Crash,02/13/2015 08:52:00 AM,County,WESTPATH WAY,County,SANGAMORE RD,,N/A,PEDESTRIAN,OTHER,CLEAR,DRY,DAYLIGHT,NO CONTROLS,NONE DETECTED,NONE DETECTED,E157C002-7598-4FEA-BB79-2FB54F2B2362,PEDESTRIAN,Cross/Enter not at Intersection,DART DASH,ON ROADWAY NOT AT CROSSWALK,NO PED. SIGNAL,REFLECTIVE MATERIAL,,POSSIBLE INJURY,N/A,38.95641667,-77.12204833,"(38.95641667, -77.12204833)"
MCP1119000Q,15007211,Montgomery County Police,Injury Crash,02/12/2015 07:14:00 PM,County,RANDOLPH RD,Other Public Roadway,GLENMONT CIR #1,,N/A,PEDESTRIAN,OTHER,N/A,DRY,DARK LIGHTS ON,NO CONTROLS,NONE DETECTED,ALCOHOL PRESENT,6D3ED77E-31BB-4B78-88BA-8E6EDA8A1CB5,PEDESTRIAN,Cross/Enter not at Intersection,FAILURE TO YIELD RIGHT OF WAY,ON ROADWAY NOT AT CROSSWALK,DISOBEYED PED. SIGNAL,DARK CLOTHING,,SUSPECTED MINOR INJURY,NONE,39.05905417,-77.04756975,"(39.05905417, -77.04756975)"
MCP2298004F,15007167,Montgomery County Police,Injury Crash,02/12/2015 03:33:00 PM,County,FATHER HURLEY BLVD,County,WYNNFIELD DR,,N/A,PEDESTRIAN,OTHER,CLEAR,DRY,DAYLIGHT,TRAFFIC SIGNAL,NONE DETECTED,NONE DETECTED,A1C9E4E8-6B7B-43D8-989B-6EB114A6833B,PEDESTRIAN,Cross/Enter at Intersection,FAILURE TO OBEY TRAFFIC SIGNS SIGNALS OR OFFICER,AT INTERSECTION MARKED CROSSWALK,OTHER,N/A,,SUSPECTED MINOR INJURY,N/A,39.186365,-77.27426167,"(39.186365, -77.27426167)"
MCP27470011,15007153,Montgomery County Police,Injury Crash,02/12/2015 03:29:00 PM,,,,,Parking lot of 141-1 Georgia Ave,,PEDESTRIAN,OTHER,CLEAR,,DAYLIGHT,NO CONTROLS,NONE DETECTED,NONE DETECTED,C005B639-5550-45DD-A521-3651D3331D46,PEDESTRIAN,Walking/Cycling on Sidewalk,NO IMPROPER ACTIONS,SIDEWALK,NO PED. SIGNAL,DARK CLOTHING,,SUSPECTED MINOR INJURY,N/A,39.08538333,-77.07814667,"(39.08538333, -77.07814667)"
MCP2546000R,15007033,Montgomery County Police,Injury Crash,02/11/2015 10:07:00 PM,Maryland (State),GEORGIA AVE,Other Public Roadway,CHESTERWOOD DR,,N/A,BICYCLIST,SINGLE VEHICLE,CLEAR,DRY,DARK LIGHTS ON,NO CONTROLS,NONE DETECTED,NONE DETECTED,D088127C-CE1B-405A-9606-5B860C623865,BICYCLIST,Walking/Riding w/Traffic,NO IMPROPER ACTIONS,ON ROADWAY NOT AT CROSSWALK,N/A,HEAD LIGHT AND REFLECTORS,,SUSPECTED SERIOUS INJURY,MC/BIKE HELMET,39.089775,-77.07976,"(39.089775, -77.07976)"
MCP1151002C,15006874,Montgomery County Police,Injury Crash,02/11/2015 07:45:00 AM,Maryland (State),FREDERICK RD,County,HIGH POINT DR,,N/A,PEDESTRIAN,OTHER,CLEAR,DRY,DAYLIGHT,NO CONTROLS,NONE DETECTED,NONE DETECTED,5B78D3B8-D9D9-4896-9B6E-90AED8348B3C,PEDESTRIAN,Cross/Enter not at Intersection,DART DASH,ON ROADWAY NOT AT CROSSWALK,N/A,MIXED CLOTHING,,SUSPECTED SERIOUS INJURY,N/A,39.16927333,-77.23471833,"(39.16927333, -77.23471833)"
MCP26600008,15006805,Montgomery County Police,Injury Crash,02/10/2015 06:29:00 PM,County,E RANDOLPH RD,County,APPLEBY DR,,N/A,PEDESTRIAN,OTHER,N/A,DRY,DARK LIGHTS ON,TRAFFIC SIGNAL,N/A,N/A,F44AF7EE-2791-4823-97FA-563F4152C1EA,PEDESTRIAN,Cross/Enter at Intersection,NO IMPROPER ACTIONS,ON ROADWAY AT CROSSWALK,OBEYED PED. SIGNAL,DARK CLOTHING,,SUSPECTED MINOR INJURY,NONE,39.072213,-76.988711,"(39.072213, -76.988711)"
MCP2813000X,15006645,Montgomery County Police,Injury Crash,02/09/2015 10:10:00 PM,County,REEDIE DR,Maryland (State),GEORGIA AVE,,N/A,PEDESTRIAN,SINGLE VEHICLE,RAINING,WET,DARK LIGHTS ON,TRAFFIC SIGNAL,N/A,N/A,F1B6035A-9211-4D8C-9B42-6D9F82CEB9AE,PEDESTRIAN,Walking/Riding w/Traffic,NO IMPROPER ACTIONS,AT INTERSECTION MARKED CROSSWALK,OBEYED PED. SIGNAL,DARK CLOTHING,,POSSIBLE INJURY,N/A,39.03984667,-77.04851333,"(39.03984667, -77.04851333)"
MCP1505000C,15006635,Montgomery County Police,Injury Crash,02/09/2015 08:32:00 PM,County,RIDGE RD,County,OBSERVATION DR,,N/A,PEDESTRIAN,SINGLE VEHICLE,WINTRY MIX,WET,DARK LIGHTS ON,TRAFFIC SIGNAL,N/A,N/A,6BA3E2D6-7FA3-4E24-8157-6E903DB4A9B6,PEDESTRIAN,Cross/Enter at Intersection,DART DASH,ON ROADWAY AT CROSSWALK,DISOBEYED PED. SIGNAL,DARK CLOTHING,,SUSPECTED MINOR INJURY,NONE,39.201185,-77.253145,"(39.201185, -77.253145)"
MCP0704000F,15006634,Montgomery County Police,Injury Crash,02/09/2015 08:20:00 PM,County,WOODMONT AVE,County,HAMPDEN LA,,N/A,PEDESTRIAN,SINGLE VEHICLE,RAINING,WET,DARK LIGHTS ON,N/A,NONE DETECTED,NONE DETECTED,0411D836-4E7E-41EF-A50B-5118BC972717,PEDESTRIAN,Cross/Enter at Intersection,NO IMPROPER ACTIONS,ON ROADWAY AT CROSSWALK,OBEYED PED. SIGNAL,DARK CLOTHING,,POSSIBLE INJURY,N/A,38.982665,-77.09581333,"(38.982665, -77.09581333)"
MCP28300019,15006537,Montgomery County Police,Injury Crash,02/09/2015 11:19:00 AM,County,GLENALLAN AVE,County,RANDOLPH RD,,N/A,PEDESTRIAN,OTHER,CLOUDY,DRY,OTHER,TRAFFIC SIGNAL,NONE DETECTED,NONE DETECTED,3BAFF79E-39D1-41F0-8642-AA55404320E8,PEDESTRIAN,Cross/Enter at Intersection,NO IMPROPER ACTIONS,ON ROADWAY AT CROSSWALK,OBEYED PED. SIGNAL,N/A,,POSSIBLE INJURY,NONE,39.06076833,-77.04522833,"(39.06076833, -77.04522833)"
MCP2882000Q,15006301,Montgomery County Police,Injury Crash,02/07/2015 05:00:00 PM,,,,,Driveway of 21100 Slidell Rd. Boyds MD 20841,,PEDESTRIAN,SINGLE VEHICLE,CLEAR,,DAYLIGHT,N/A,NONE DETECTED,NONE DETECTED,CCA4EFB4-F43F-402B-97D0-45BF5F98D1C9,PEDESTRIAN,Playing,NOT VISIBLE,N/A,N/A,LIGHT CLOTHING,,SUSPECTED MINOR INJURY,N/A,39.20210472,-77.32660532,"(39.20210472, -77.32660532)"
MCP2847000P,15006267,Montgomery County Police,Injury Crash,02/07/2015 01:43:00 PM,County,CONNECTICUT AVE,Unknown,ROAD END - GATE,,N/A,PEDESTRIAN,SINGLE VEHICLE,CLEAR,DRY,DAYLIGHT,OTHER,NONE DETECTED,NONE DETECTED,26A95900-4FEF-4C59-B092-E3786D55D00A,PEDESTRIAN,Other,OTHER,OTHER,NO PED. SIGNAL,MIXED CLOTHING,,POSSIBLE INJURY,N/A,39.09195,-77.07108667,"(39.09195, -77.07108667)"
MCP2789000L,15006131,Montgomery County Police,Injury Crash,02/06/2015 08:37:00 PM,County,WAYNE AVE,US (State),GEORGIA AVE,,N/A,PEDESTRIAN,SINGLE VEHICLE,CLEAR,N/A,DARK LIGHTS ON,OTHER,N/A,N/A,0CE570E8-FBFC-43A3-A21C-20CAD49E612E,PEDESTRIAN,Cross/Enter at Intersection,NO IMPROPER ACTIONS,AT INTERSECTION MARKED CROSSWALK,NO PED. SIGNAL,MIXED CLOTHING,,POSSIBLE INJURY,N/A,38.99484667,-77.02573167,"(38.99484667, -77.02573167)"
MCP1580002L,15006082,Montgomery County Police,Injury Crash,02/06/2015 02:50:00 PM,County,WATKINS MILL RD,County,CLUB HOUSE RD,,N/A,PEDESTRIAN,SINGLE VEHICLE,CLEAR,DRY,DAYLIGHT,NO CONTROLS,NONE DETECTED,NONE DETECTED,6C3EE99A-6885-4507-9B59-04E78E2C0620,PEDESTRIAN,Cross/Enter not at Intersection,DART DASH,ON ROADWAY NOT AT CROSSWALK,N/A,MIXED CLOTHING,,SUSPECTED MINOR INJURY,N/A,39.17241,-77.20805167,"(39.17241, -77.20805167)"
MCP2749000R,15005961,Montgomery County Police,Injury Crash,02/05/2015 09:33:00 PM,,,,,Driveway entrance at Post gate,,PEDESTRIAN,STRAIGHT MOVEMENT ANGLE,CLEAR,,DARK LIGHTS ON,NO CONTROLS,NONE DETECTED,NONE DETECTED,1E175D8E-9980-4257-BFE2-ED9562D107EA,PEDESTRIAN,Walking/Cycling on Sidewalk,INATTENTIVE,SIDEWALK,NO PED. SIGNAL,DARK CLOTHING,,POSSIBLE INJURY,N/A,39.08676333,-77.07918,"(39.08676333, -77.07918)"
DD5606001N,15005935,Rockville Police Departme,Injury Crash,02/05/2015 06:19:00 PM,Maryland (State),HUNGERFORD DR,Service Road,N CAMPUS DR,,N/A,PEDESTRIAN,SINGLE VEHICLE,N/A,N/A,DARK LIGHTS ON,TRAFFIC SIGNAL,NONE DETECTED,NONE DETECTED,064367B1-3B0A-4BBF-9D51-30BFFB226580,PEDESTRIAN,Cross/Enter at Intersection,FAILURE TO YIELD RIGHT OF WAY,ON ROADWAY AT CROSSWALK,DISOBEYED PED. SIGNAL,DARK CLOTHING,,SUSPECTED MINOR INJURY,NONE,39.10074333,-77.15465,"(39.10074333, -77.15465)"
MCP1366002D,15005713,Montgomery County Police,Injury Crash,02/04/2015 04:24:00 PM,County,BEDFORDSHIRE AVE,County,GLEN RD,,N/A,PEDESTRIAN,OTHER,N/A,DRY,DAYLIGHT,STOP SIGN,NONE DETECTED,NONE DETECTED,46A8DB8E-75FD-4F7F-8A4E-A462706CF286,PEDESTRIAN,Standing,ENTERING EXITING PARKED STANDING VEHICLE,OTHER,N/A,MIXED CLOTHING,,SUSPECTED SERIOUS INJURY,N/A,39.04685833,-77.20383667,"(39.04685833, -77.20383667)"
MCP1017000R,15005676,Montgomery County Police,Injury Crash,02/04/2015 01:00:00 PM,,,,,"Parking lot of 7400 Arlington Road, Bethesda, MD",,PEDESTRIAN,SINGLE VEHICLE,CLEAR,,DAYLIGHT,NO CONTROLS,NONE DETECTED,NONE DETECTED,1D8FD011-6F2B-4415-BBA9-9DCB548E4A07,PEDESTRIAN,Other,NO IMPROPER ACTIONS,OTHER,NO PED. SIGNAL,MIXED CLOTHING,,SUSPECTED MINOR INJURY,N/A,38.983485,-77.098805,"(38.983485, -77.098805)"
MCP28230012,15005505,Montgomery County Police,Injury Crash,02/03/2015 04:37:00 PM,,,,,4101 Aspen Hill Road (Shell Gas Station),,PEDESTRIAN,OTHER,CLEAR,,DAYLIGHT,NO CONTROLS,NONE DETECTED,NONE DETECTED,18E9E4D5-E450-45E7-85D1-42A67122ADD9,PEDESTRIAN,Standing,N/A,INSIDE BUILDING,NO PED. SIGNAL,LIGHT CLOTHING,,SUSPECTED MINOR INJURY,N/A,39.08039167,-77.08152667,"(39.08039167, -77.08152667)"
MCP2348000N,15005502,Montgomery County Police,Injury Crash,02/03/2015 04:07:00 PM,Maryland (State),VEIRS MILL RD,Maryland (State),GEORGIA AVE,,N/A,PEDESTRIAN,SINGLE VEHICLE,CLEAR,DRY,DAYLIGHT,NO CONTROLS,NONE DETECTED,NONE DETECTED,8C474BDD-35CE-44D7-B704-8DB9EEE6C610,PEDESTRIAN,Cross/Enter not at Intersection,DART DASH,ON ROADWAY NOT AT CROSSWALK,NO PED. SIGNAL,MIXED CLOTHING,,POSSIBLE INJURY,N/A,39.0375,-77.05092667,"(39.0375, -77.05092667)"
MCP28120011,15005442,Montgomery County Police,Injury Crash,02/03/2015 10:09:00 AM,County,FENTON ST,County,ELLSWORTH DR,,N/A,PEDESTRIAN,SINGLE VEHICLE,CLEAR,DRY,DAYLIGHT,TRAFFIC SIGNAL,N/A,N/A,2D60AD7C-9329-47B4-9D4C-C951555264DA,PEDESTRIAN,Cross/Enter at Intersection,NO IMPROPER ACTIONS,ON ROADWAY AT CROSSWALK,OBEYED PED. SIGNAL,N/A,,POSSIBLE INJURY,N/A,38.99688,-77.02540833,"(38.99688, -77.02540833)"
MCP2203000M,15005131,Montgomery County Police,Injury Crash,02/01/2015 06:55:00 AM,Maryland (State),GEORGIA AVE,County,PRICHARD RD,,N/A,PEDESTRIAN,STRAIGHT MOVEMENT ANGLE,N/A,DRY,DARK LIGHTS ON,OTHER,NONE DETECTED,NONE DETECTED,DE59E9AD-736C-4A0C-9C77-6A5D4507DDF3,PEDESTRIAN,Cross/Enter at Intersection,FAILURE TO OBEY TRAFFIC SIGNS SIGNALS OR OFFICER,AT INTERSECTION MARKED CROSSWALK,DISOBEYED PED. SIGNAL,MIXED CLOTHING,,SUSPECTED SERIOUS INJURY,NONE,39.03660833,-77.05022833,"(39.03660833, -77.05022833)"
MCP2246000C,15005075,Montgomery County Police,Property Damage Crash,01/31/2015 07:11:00 PM,,,,,parking lot of 8010 Fenton Street,,OTHER,OTHER,CLEAR,,DARK LIGHTS ON,N/A,ALCOHOL PRESENT,N/A,74ED8AC5-0707-44A1-9C58-A0DA78F3BB3C,OTHER,N/A,NO IMPROPER ACTIONS,SIDEWALK,N/A,N/A,,NO APPARENT INJURY,N/A,38.98996968,-77.02413797,"(38.98996968, -77.02413797)"
DD5586000H,15005024,Rockville Police Departme,Injury Crash,01/31/2015 01:40:00 PM,,,,,865 Rockville Pike,,PEDESTRIAN,SINGLE VEHICLE,CLEAR,,DAYLIGHT,NO CONTROLS,NONE DETECTED,NONE DETECTED,C5D2F2C6-F00A-4078-8D98-9EF0FF1DAF92,PEDESTRIAN,Cross/Enter at Intersection,INATTENTIVE,AT INTERSECTION MARKED CROSSWALK,OTHER,LIGHT CLOTHING,,SUSPECTED MINOR INJURY,N/A,39.07357761,-77.14599609,"(39.07357761, -77.14599609)"
MCP13780047,15004900,Montgomery County Police,Injury Crash,01/30/2015 06:09:00 PM,,,,,DRIVEWAY ENTRANCE TO 390 N. SUMMIT AVE,,PEDESTRIAN,SINGLE VEHICLE,CLEAR,,DARK LIGHTS ON,NO CONTROLS,NONE DETECTED,NONE DETECTED,68089F6D-31EC-41B3-B6A2-D43C2DEB2EF1,PEDESTRIAN,Cross/Enter at Intersection,NO IMPROPER ACTIONS,DRIVEWAY ACCESS MARKED CROSSWALK,NO PED. SIGNAL,DARK CLOTHING,,NO APPARENT INJURY,N/A,39.14908,-77.19287667,"(39.14908, -77.19287667)"
MCP13780047,15004900,Montgomery County Police,Injury Crash,01/30/2015 06:09:00 PM,,,,,DRIVEWAY ENTRANCE TO 390 N. SUMMIT AVE,,PEDESTRIAN,SINGLE VEHICLE,CLEAR,,DARK LIGHTS ON,NO CONTROLS,NONE DETECTED,NONE DETECTED,DE93EAB7-9CAF-4AF4-BFB2-359B65F1B81B,PEDESTRIAN,Cross/Enter at Intersection,NO IMPROPER ACTIONS,DRIVEWAY ACCESS MARKED CROSSWALK,NO PED. SIGNAL,DARK CLOTHING,,SUSPECTED MINOR INJURY,N/A,39.14908,-77.19287667,"(39.14908, -77.19287667)"